category,file,line,text
ignore-comment,App.xaml.cs,18,/// App.xaml 的交互逻辑
ignore-comment,App.xaml.cs,27,/// 应用程序是否正在关闭
ignore-comment,App.xaml.cs,32,/// 服务提供者
ignore-comment,App.xaml.cs,37,/// 应用程序启动
ignore-comment,App.xaml.cs,43,// 1. 单实例检测
maybe,App.xaml.cs,47,"FindResource(""ProgramAlreadyRunning"")?.ToString() ?? ""程序已运行，请勿重复启动。"","
ignore-comment,App.xaml.cs,55,// 2. 注册全局异常处理
ignore-comment,App.xaml.cs,58,// 3. 初始化目录结构
ignore-comment,App.xaml.cs,61,// 4. 初始化日志框架
ignore-comment,App.xaml.cs,64,// 5. 初始化数据库
ignore-comment,App.xaml.cs,67,// 6. 配置依赖注入
ignore-comment,App.xaml.cs,72,// 7. 加载配置
ignore-comment,App.xaml.cs,76,// 8. 应用主题
ignore-comment,App.xaml.cs,80,// 8.1 应用保存的主题色
ignore-comment,App.xaml.cs,91,// 颜色解析失败时使用默认颜色
ignore-comment,App.xaml.cs,95,// 9. 应用语言
ignore-comment,App.xaml.cs,99,// 10. 显示主窗口
ignore-comment,App.xaml.cs,103,// 11. 注册视图映射
ignore-comment,App.xaml.cs,129,/// 应用程序退出
ignore-comment,App.xaml.cs,133,// 立即设置关闭标志，这是最高优先级
ignore-comment,App.xaml.cs,138,// 处理 Dispatcher 中的待处理消息，防止关闭时触发新的 UI 操作
ignore-comment,App.xaml.cs,141,// 处理所有待处理的 Dispatcher 消息
ignore-comment,App.xaml.cs,149,// 等待异步操作检测到关闭标志
ignore-comment,App.xaml.cs,152,// 记录关闭日志
maybe,App.xaml.cs,155,"_logHelper?.Information($""{Constants.APP_DISPLAY_NAME} 正在关闭"");"
ignore-comment,App.xaml.cs,159,// 保存配置
ignore-comment,App.xaml.cs,167,// 释放日志资源（设置超时避免卡住）
ignore-comment,App.xaml.cs,175,// 释放 Mutex
ignore-comment,App.xaml.cs,184,// 释放服务提供者 - 这会触发所有 IDisposable 服务的 Dispose
ignore-comment,App.xaml.cs,185,// 注意：这可能会触发 ViewModel 的属性变更
ignore-comment,App.xaml.cs,200,// 调用基类的 OnExit
ignore-comment,App.xaml.cs,203,// 不使用 Environment.Exit(0)，让应用程序自然退出
ignore-comment,App.xaml.cs,204,// 如果应用仍然无法退出，可能是因为有后台线程在运行
ignore-comment,App.xaml.cs,205,// 在这种情况下，可以考虑使用延迟的强制退出
ignore-comment,App.xaml.cs,211,// 如果 2 秒后应用仍未退出，强制退出
ignore-comment,App.xaml.cs,218,/// 检查单实例
ignore-comment,App.xaml.cs,227,/// 注册全局异常处理
ignore-comment,App.xaml.cs,231,// UI线程异常
ignore-comment,App.xaml.cs,234,// 非UI线程异常
ignore-comment,App.xaml.cs,237,// Task异常
ignore-comment,App.xaml.cs,242,/// UI线程异常处理
ignore-comment,App.xaml.cs,246,// 如果应用正在关闭，标记异常已处理并返回
maybe,App.xaml.cs,252,"HandleException(e.Exception, ""UI线程异常"");"
ignore-comment,App.xaml.cs,257,/// 非UI线程异常处理
ignore-comment,App.xaml.cs,261,// 如果应用正在关闭，不处理
maybe,App.xaml.cs,267,"HandleException(ex, ""应用程序异常"");"
ignore-comment,App.xaml.cs,272,/// Task异常处理
ignore-comment,App.xaml.cs,276,// 始终标记为已观察，防止应用崩溃
ignore-comment,App.xaml.cs,279,// 如果应用正在关闭，不处理
ignore-comment,App.xaml.cs,282,// 忽略取消异常
maybe,App.xaml.cs,289,"HandleException(e.Exception!, ""Task异常"");"
ignore-comment,App.xaml.cs,293,/// 处理异常
ignore-comment,App.xaml.cs,297,// 如果应用正在关闭，不显示错误弹窗
ignore-comment,App.xaml.cs,308,// 处理 TargetInvocationException，获取真实的内部异常
ignore-comment,App.xaml.cs,315,// 忽略取消操作产生的异常
ignore-comment,App.xaml.cs,322,// 忽略跨线程访问异常（在关闭时常见）
maybe,App.xaml.cs,324,"ioe.Message.Contains(""调用线程无法访问此对象""))"
ignore-comment,App.xaml.cs,330,// 检查内部异常是否为取消异常
ignore-comment,App.xaml.cs,337,// 记录日志
maybe,App.xaml.cs,340,"_logHelper?.Error($""[{source}] 应用程序异常"", ex, new Dictionary<string, object>"
ignore-comment,App.xaml.cs,353,// 显示友好提示
ignore-comment,App.xaml.cs,356,// 再次检查关闭状态，防止竞态条件
maybe,App.xaml.cs,360,"? ""应用程序发生未知错误。"""
maybe,App.xaml.cs,361,": $""应用程序发生错误，请联系技术支持。\n\n错误信息：{ex.Message}"";"
maybe,App.xaml.cs,365,"""错误"","
ignore-comment,App.xaml.cs,371,// 如果显示 MessageBox 失败，忽略
ignore-comment,App.xaml.cs,376,/// 初始化目录结构
ignore-comment,App.xaml.cs,403,/// 初始化日志框架
ignore-comment,App.xaml.cs,412,// 配置日志选项
ignore-comment,App.xaml.cs,428,// 创建 LogHelper 实例
ignore-comment,App.xaml.cs,431,// 记录启动日志
maybe,App.xaml.cs,432,"_logHelper.Information($""{Constants.APP_DISPLAY_NAME} {Constants.VERSION_FULL} 启动"", new Dictionary<string, object>"
ignore-comment,App.xaml.cs,442,// 如果日志初始化失败，输出到调试窗口
maybe,App.xaml.cs,443,"System.Diagnostics.Debug.WriteLine($""日志初始化失败: {ex.Message}"");"
ignore-comment,App.xaml.cs,449,/// 初始化数据库
maybe,App.xaml.cs,455,"_logHelper?.Information(""开始初始化数据库..."");"
ignore-comment,App.xaml.cs,459,// 同步执行数据库初始化（启动时必须完成）
maybe,App.xaml.cs,462,"_logHelper?.Information(""数据库初始化完成"");"
maybe,App.xaml.cs,466,"_logHelper?.Error(""数据库初始化失败"", ex);"
maybe,App.xaml.cs,467,"System.Diagnostics.Debug.WriteLine($""数据库初始化失败: {ex.Message}"");"
ignore-comment,App.xaml.cs,470,// 数据库初始化失败是致命错误，显示错误并退出
maybe,App.xaml.cs,472,"$""数据库初始化失败：{ex.Message}\n\n应用程序将退出。"","
ignore-comment,App.xaml.cs,481,/// 配置服务
ignore-comment,App.xaml.cs,485,// ========== Singleton 服务 ==========
ignore-comment,App.xaml.cs,496,// ========== Transient 服务 ==========
ignore-comment,App.xaml.cs,513,// ========== ViewModel 注册 ==========
ignore-comment,App.xaml.cs,528,// Settings 子 ViewModel
ignore-comment,App.xaml.cs,536,// Measurement 模块 ViewModel
ignore-comment,App.xaml.cs,541,// ========== View 注册 ==========
ignore-comment,App.xaml.cs,557,// Measurement 模块 View
ignore-comment,MainWindow.xaml.cs,14,/// MainWindow.xaml 的交互逻辑
ignore-comment,MainWindow.xaml.cs,69,// 窗口大小调整方向
ignore-comment,MainWindow.xaml.cs,87,/// 构造函数
ignore-comment,MainWindow.xaml.cs,93,// 从DI容器获取ViewModel
ignore-comment,MainWindow.xaml.cs,96,// 订阅状态变化
ignore-comment,MainWindow.xaml.cs,103,/// 窗口句柄初始化后挂载 WndProc，确保最大化时不遮挡任务栏
ignore-comment,MainWindow.xaml.cs,135,/// 窗口状态变化处理
ignore-comment,MainWindow.xaml.cs,139,// 标题栏已移至 TitleBarControl，默认处理逻辑在此可扩展
ignore-comment,MainWindow.xaml.cs,143,/// 主窗口关闭后确保应用退出，覆盖 Alt+F4、系统关闭等非显式 Shutdown 路径。
ignore-comment,MainWindow.xaml.cs,159,/// 标题栏拖动
ignore-comment,MainWindow.xaml.cs,170,// 双击切换最大化/还原
ignore-comment,MainWindow.xaml.cs,175,// 仅在普通窗口状态下允许拖动；最大化时单击不做任何操作
ignore-comment,MainWindow.xaml.cs,181,/// 设置顶部标题栏交互状态。
ignore-comment,MainWindow.xaml.cs,199,/// 最小化按钮点击
ignore-comment,MainWindow.xaml.cs,207,/// 最大化/还原按钮点击
ignore-comment,MainWindow.xaml.cs,215,/// 关闭按钮点击（备用，实际由 TitleBarControl 路由事件驱动）
ignore-comment,MainWindow.xaml.cs,223,/// 标题栏组件关闭路由事件处理，包含确认对话框逻辑
must,MainWindow.xaml.cs,235,"Title = ""停止分析"","
must,MainWindow.xaml.cs,236,"Message = ""当前分析任务正在运行，关闭窗口会停止本次分析。是否确认停止分析并退出软件？"","
must,MainWindow.xaml.cs,237,"ConfirmText = ""确定"","
must,MainWindow.xaml.cs,238,"CancelText = ""取消"","
must,MainWindow.xaml.cs,259,"Title = FindResource(""ConfirmExit"")?.ToString() ?? ""确认退出"","
must,MainWindow.xaml.cs,260,"Message = FindResource(""ExitConfirmMessage"")?.ToString() ?? ""确认退出系统？"","
must,MainWindow.xaml.cs,261,"ConfirmText = ""确定"","
must,MainWindow.xaml.cs,262,"CancelText = ""取消"","
ignore-comment,MainWindow.xaml.cs,273,// 标记已处理，阻止 TitleBarControl 内部继续执行 window.Close()
ignore-comment,MainWindow.xaml.cs,278,/// 切换最大化/还原
ignore-comment,MainWindow.xaml.cs,294,/// 窗口边框拖动调整大小
ignore-comment,MainWindow.xaml.cs,320,/// 调整窗口大小
ignore-comment,MainWindow.xaml.cs,332,/// 键盘按下事件处理
ignore-comment,MainWindow.xaml.cs,336,// ESC键退出全屏
ignore-comment,Common\Constants.cs,4,/// 应用程序常量定义
ignore,Common\Constants.cs,8,#region 版本信息
ignore-comment,Common\Constants.cs,11,/// 发布版本号（显示在主界面、登录界面）
ignore-comment,Common\Constants.cs,16,"/// 完整版本号（显示在""关于我们""界面）"
ignore-comment,Common\Constants.cs,21,"/// 版权声明（显示在""关于我们""界面）"
ignore-comment,Common\Constants.cs,26,/// 内部版本号（用于开发测试）
ignore,Common\Constants.cs,32,#region 项目标识
ignore-comment,Common\Constants.cs,35,/// 应用名称
ignore-comment,Common\Constants.cs,40,/// 应用显示名称
maybe,Common\Constants.cs,42,"public const string APP_DISPLAY_NAME = ""步态智能分析系统"";"
ignore-comment,Common\Constants.cs,45,/// 应用英文显示名称
ignore-comment,Common\Constants.cs,50,/// 激活系统使用的软件型号
ignore-comment,Common\Constants.cs,55,/// 在线激活接口
ignore-comment,Common\Constants.cs,60,/// 单实例 Mutex 名称
ignore,Common\Constants.cs,66,#region 默认账号
ignore-comment,Common\Constants.cs,69,/// 默认密码
ignore-comment,Common\Constants.cs,74,/// 管理员账号
ignore-comment,Common\Constants.cs,79,/// 普通用户账号
ignore-comment,Common\Constants.cs,84,/// 游客账号
ignore,Common\Constants.cs,90,#region 验证规则
ignore-comment,Common\Constants.cs,93,/// 账号最小长度
ignore-comment,Common\Constants.cs,98,/// 账号最大长度
ignore-comment,Common\Constants.cs,103,/// 密码最小长度
ignore-comment,Common\Constants.cs,108,/// 密码最大长度
ignore-comment,Common\Constants.cs,113,/// 姓名最小长度
ignore-comment,Common\Constants.cs,118,/// 姓名最大长度
ignore-comment,Common\Constants.cs,123,/// 电话最小长度
ignore-comment,Common\Constants.cs,128,/// 电话最大长度
ignore-comment,Common\Constants.cs,133,/// 证件号最大长度
ignore-comment,Common\Constants.cs,138,/// 搜索框最大长度
ignore-comment,Common\Constants.cs,143,/// 单位名称最大长度
ignore-comment,Common\Constants.cs,148,/// 科室名称最大长度
ignore,Common\Constants.cs,154,#region 数值范围
ignore-comment,Common\Constants.cs,157,/// 身高最小值 (cm)
ignore-comment,Common\Constants.cs,162,/// 身高最大值 (cm)
ignore-comment,Common\Constants.cs,167,/// 体重最小值 (kg)
ignore-comment,Common\Constants.cs,172,/// 体重最大值 (kg)
ignore-comment,Common\Constants.cs,177,/// 出生日期最早年份偏移（150年前）
ignore,Common\Constants.cs,183,#region 分页设置
ignore-comment,Common\Constants.cs,186,/// 患者列表每页条数
ignore-comment,Common\Constants.cs,191,/// 默认每页条数
ignore-comment,Common\Constants.cs,196,/// 医生意见最大长度
ignore,Common\Constants.cs,202,#region 文件路径
ignore-comment,Common\Constants.cs,205,/// 数据库文件名
ignore-comment,Common\Constants.cs,210,/// 配置文件名
ignore-comment,Common\Constants.cs,215,/// 备份文件前缀
ignore-comment,Common\Constants.cs,220,/// 日志文件前缀
ignore-comment,Common\Constants.cs,225,/// 数据库目录
ignore-comment,Common\Constants.cs,230,/// 备份目录
ignore-comment,Common\Constants.cs,235,/// 日志目录
ignore-comment,Common\Constants.cs,240,/// 报告目录
ignore-comment,Common\Constants.cs,245,/// 视频目录
ignore-comment,Common\Constants.cs,250,/// 临时目录（游客数据）
ignore-comment,Common\Constants.cs,255,/// 配置目录
ignore,Common\Constants.cs,261,#region 时间格式
ignore-comment,Common\Constants.cs,264,/// 日期格式
ignore-comment,Common\Constants.cs,269,/// 日期时间格式
ignore-comment,Common\Constants.cs,274,/// 包含星期的日期时间格式
ignore-comment,Common\Constants.cs,279,/// 列表显示的日期时间格式
ignore-comment,Common\Constants.cs,284,/// 报告日期格式
maybe,Common\Constants.cs,286,"public const string DATE_REPORT_FORMAT = ""yyyy年MM月dd日"";"
ignore-comment,Common\Constants.cs,289,/// 备份文件时间戳格式
ignore,Common\Constants.cs,295,#region 日志设置
ignore-comment,Common\Constants.cs,298,/// 日志文件最大大小 (MB)
ignore-comment,Common\Constants.cs,303,/// 日志保留天数
ignore,Common\Constants.cs,309,#region 备份设置
ignore-comment,Common\Constants.cs,312,/// 默认备份时间
ignore-comment,Common\Constants.cs,317,/// 默认保留备份数
ignore-comment,Common\Constants.cs,322,/// 操作日志保留天数
ignore,Common\Constants.cs,328,#region Logo设置
ignore-comment,Common\Constants.cs,331,/// Logo 最大文件大小 (KB)
ignore,Common\Constants.cs,337,#region 窗口尺寸
ignore-comment,Common\Constants.cs,340,/// 窗口最小宽度
ignore-comment,Common\Constants.cs,345,/// 窗口最小高度
ignore-comment,Common\Constants.cs,350,/// 窗口默认宽度
ignore-comment,Common\Constants.cs,355,/// 窗口默认高度
ignore,Common\Constants.cs,361,#region 算法分析常量
ignore-comment,Common\Constants.cs,364,/// 算法程序默认目录
ignore-comment,Common\Constants.cs,369,/// 算法程序默认文件名
ignore-comment,Common\Constants.cs,374,/// 算法默认超时时间（分钟）
ignore-comment,Common\Constants.cs,379,/// 进程优雅关闭等待时间（秒）
ignore-comment,Common\Constants.cs,384,/// 通讯协议版本
ignore-comment,Common\Constants.cs,389,/// 默认算法版本
ignore-comment,Common\Constants.cs,394,/// 默认模型版本
ignore-comment,Common\Constants.cs,399,/// 任务类型标识
ignore-comment,Common\Constants.cs,404,/// 分析模式
ignore-comment,Common\Constants.cs,409,/// 请求ID前缀
ignore-comment,Common\Constants.cs,414,/// 分析结果目录名
ignore-comment,Common\Constants.cs,419,/// 算法输入配置文件名
ignore-comment,Common\Constants.cs,424,/// 算法输出汇总文件名
ignore-comment,Common\Constants.cs,429,/// 标注视频文件名
ignore-comment,Common\Constants.cs,434,/// 关节角度时间序列 CSV 文件名
ignore-comment,Common\Constants.cs,439,/// 关键点轨迹 CSV 文件名
ignore-comment,Common\Constants.cs,444,/// 关键点速度 CSV 文件名
ignore-comment,Common\Constants.cs,449,/// 关节角速度 CSV 文件名
ignore-comment,Common\Constants.cs,454,/// 算法调试日志文件名
ignore-comment,Common\Constants.cs,459,/// 算法 stdout 状态消息类型标识
ignore-comment,Common\Constants.cs,464,/// 视频预览 Timer 采样间隔（毫秒），约 30fps
ignore-comment,Common\Constants.cs,469,/// 视频快进/快退步长（秒）
ignore-comment,Common\Enums.cs,6,/// 用户角色
ignore-comment,Common\Enums.cs,11,/// 管理员 - 拥有系统最高权限
maybe,Common\Enums.cs,13,"[Description(""管理员"")]"
ignore-comment,Common\Enums.cs,17,/// 操作员 - 拥有核心业务操作权限
maybe,Common\Enums.cs,19,"[Description(""操作员"")]"
ignore-comment,Common\Enums.cs,23,/// 游客 - 受限功能
maybe,Common\Enums.cs,25,"[Description(""游客"")]"
ignore-comment,Common\Enums.cs,30,/// 性别
ignore-comment,Common\Enums.cs,35,/// 男
maybe,Common\Enums.cs,37,"[Description(""男"")]"
ignore-comment,Common\Enums.cs,41,/// 女
maybe,Common\Enums.cs,43,"[Description(""女"")]"
ignore-comment,Common\Enums.cs,48,/// 患者状态（逻辑删除）
ignore-comment,Common\Enums.cs,53,/// 正常
maybe,Common\Enums.cs,55,"[Description(""正常"")]"
ignore-comment,Common\Enums.cs,59,/// 已删除
maybe,Common\Enums.cs,61,"[Description(""已删除"")]"
ignore-comment,Common\Enums.cs,66,/// 测量状态
ignore-comment,Common\Enums.cs,71,/// 待处理
maybe,Common\Enums.cs,73,"[Description(""待处理"")]"
ignore-comment,Common\Enums.cs,77,/// 分析中
maybe,Common\Enums.cs,79,"[Description(""分析中"")]"
ignore-comment,Common\Enums.cs,83,/// 已完成
maybe,Common\Enums.cs,85,"[Description(""已完成"")]"
ignore-comment,Common\Enums.cs,89,/// 已取消
maybe,Common\Enums.cs,91,"[Description(""已取消"")]"
ignore-comment,Common\Enums.cs,95,/// 分析失败
maybe,Common\Enums.cs,97,"[Description(""分析失败"")]"
ignore-comment,Common\Enums.cs,102,/// 报告状态
ignore-comment,Common\Enums.cs,107,/// 待生成
maybe,Common\Enums.cs,109,"[Description(""待生成"")]"
ignore-comment,Common\Enums.cs,113,/// 已生成
maybe,Common\Enums.cs,115,"[Description(""已生成"")]"
ignore-comment,Common\Enums.cs,119,/// 已打印
maybe,Common\Enums.cs,121,"[Description(""已生成"")]"
ignore-comment,Common\Enums.cs,125,/// 需重新生成
maybe,Common\Enums.cs,127,"[Description(""需重新生成"")]"
ignore-comment,Common\Enums.cs,132,/// 设备连接状态
ignore-comment,Common\Enums.cs,137,/// 未连接
maybe,Common\Enums.cs,139,"[Description(""未连接"")]"
ignore-comment,Common\Enums.cs,143,/// 连接中
maybe,Common\Enums.cs,145,"[Description(""连接中"")]"
ignore-comment,Common\Enums.cs,149,/// 已连接
maybe,Common\Enums.cs,151,"[Description(""已连接"")]"
ignore-comment,Common\Enums.cs,155,/// 连接失败
maybe,Common\Enums.cs,157,"[Description(""连接失败"")]"
ignore-comment,Common\Enums.cs,162,/// 应用主题
ignore-comment,Common\Enums.cs,167,/// 浅色主题
maybe,Common\Enums.cs,169,"[Description(""浅色"")]"
ignore-comment,Common\Enums.cs,173,/// 深色主题
maybe,Common\Enums.cs,175,"[Description(""深色"")]"
ignore-comment,Common\Enums.cs,180,/// 应用语言
ignore-comment,Common\Enums.cs,185,/// 简体中文
maybe,Common\Enums.cs,187,"[Description(""简体中文"")]"
ignore-comment,Common\Enums.cs,191,/// 英文
ignore-comment,Common\Enums.cs,198,/// 导出格式
ignore-comment,Common\Enums.cs,203,/// Excel格式
ignore-comment,Common\Enums.cs,209,/// CSV格式
ignore-comment,Common\Enums.cs,215,/// PDF格式
ignore-comment,Common\Enums.cs,222,/// 备份频率
ignore-comment,Common\Enums.cs,227,/// 每天
maybe,Common\Enums.cs,229,"[Description(""每天"")]"
ignore-comment,Common\Enums.cs,233,/// 每周
maybe,Common\Enums.cs,235,"[Description(""每周"")]"
ignore-comment,Common\Enums.cs,239,/// 每月
maybe,Common\Enums.cs,241,"[Description(""每月"")]"
ignore-comment,Common\Enums.cs,246,/// 操作日志级别
ignore-comment,Common\Enums.cs,251,/// 信息
maybe,Common\Enums.cs,253,"[Description(""信息"")]"
ignore-comment,Common\Enums.cs,257,/// 警告
maybe,Common\Enums.cs,259,"[Description(""警告"")]"
ignore-comment,Common\Enums.cs,263,/// 错误
maybe,Common\Enums.cs,265,"[Description(""错误"")]"
ignore-comment,Common\Enums.cs,270,/// 用户状态
ignore-comment,Common\Enums.cs,275,/// 启用
maybe,Common\Enums.cs,277,"[Description(""启用"")]"
ignore-comment,Common\Enums.cs,281,/// 禁用
maybe,Common\Enums.cs,283,"[Description(""禁用"")]"
ignore,Common\Enums.cs,287,#region 测量评估模块枚举
ignore-comment,Common\Enums.cs,290,/// 测量类型
ignore-comment,Common\Enums.cs,295,/// 自然步行
maybe,Common\Enums.cs,297,"[Description(""自然步行"")]"
ignore-comment,Common\Enums.cs,301,/// 快走
maybe,Common\Enums.cs,303,"[Description(""快走"")]"
ignore-comment,Common\Enums.cs,307,/// 慢走
maybe,Common\Enums.cs,309,"[Description(""慢走"")]"
ignore-comment,Common\Enums.cs,313,/// 其他
maybe,Common\Enums.cs,315,"[Description(""其他"")]"
ignore-comment,Common\Enums.cs,320,/// 分析阶段
ignore-comment,Common\Enums.cs,325,/// 未分析
maybe,Common\Enums.cs,327,"[Description(""未分析"")]"
ignore-comment,Common\Enums.cs,331,/// 关键点识别
maybe,Common\Enums.cs,333,"[Description(""关键点"")]"
ignore-comment,Common\Enums.cs,337,/// 步态事件检测
maybe,Common\Enums.cs,339,"[Description(""步态事件"")]"
ignore-comment,Common\Enums.cs,343,/// 运动学参数
maybe,Common\Enums.cs,345,"[Description(""运动学"")]"
ignore-comment,Common\Enums.cs,350,/// 视频规格
ignore-comment,Common\Enums.cs,368,/// 导入策略
ignore-comment,Common\Enums.cs,373,/// 复制到测量目录
maybe,Common\Enums.cs,375,"[Description(""复制到测量目录"")]"
ignore-comment,Common\Enums.cs,379,/// 仅引用原路径
maybe,Common\Enums.cs,381,"[Description(""仅引用原路径"")]"
ignore-comment,Common\Enums.cs,386,/// 分析任务状态
ignore-comment,Common\Enums.cs,391,/// 未运行
maybe,Common\Enums.cs,393,"[Description(""未运行"")]"
ignore-comment,Common\Enums.cs,397,/// 运行中
maybe,Common\Enums.cs,399,"[Description(""运行中"")]"
ignore-comment,Common\Enums.cs,403,/// 已完成
maybe,Common\Enums.cs,405,"[Description(""已完成"")]"
ignore-comment,Common\Enums.cs,409,/// 失败
maybe,Common\Enums.cs,411,"[Description(""失败"")]"
ignore-comment,Common\Enums.cs,416,/// 视频导入模式
ignore-comment,Common\Enums.cs,421,/// 导入已有视频
maybe,Common\Enums.cs,423,"[Description(""导入"")]"
ignore-comment,Common\Enums.cs,427,/// 实时采集
maybe,Common\Enums.cs,429,"[Description(""采集"")]"
ignore-comment,Common\Enums.cs,434,/// 采集画面布局
ignore-comment,Common\Enums.cs,439,/// 单视频模式（仅正面或侧面）
maybe,Common\Enums.cs,441,"[Description(""单视频"")]"
ignore-comment,Common\Enums.cs,445,/// 双视频模式（正面 + 侧面）
maybe,Common\Enums.cs,447,"[Description(""双视频"")]"
ignore-comment,Common\Enums.cs,452,/// 录制时长选项
ignore-comment,Common\Enums.cs,457,/// 30 秒
maybe,Common\Enums.cs,459,"[Description(""30秒"")]"
ignore-comment,Common\Enums.cs,463,/// 1 分钟
maybe,Common\Enums.cs,465,"[Description(""1分钟"")]"
ignore-comment,Common\Enums.cs,470,/// 采集录制状态
ignore-comment,Common\Enums.cs,475,/// 待机 - 等待开始录制
ignore-comment,Common\Enums.cs,480,/// 录制中
ignore-comment,Common\Enums.cs,485,/// 录制完成
ignore-comment,Common\Enums.cs,491,/// 评估模块 UI 状态
ignore-comment,Common\Enums.cs,496,/// 就绪，等待开始分析
maybe,Common\Enums.cs,498,"[Description(""就绪"")]"
ignore-comment,Common\Enums.cs,502,/// 分析进行中
maybe,Common\Enums.cs,504,"[Description(""分析中"")]"
ignore-comment,Common\Enums.cs,508,/// 分析完成，视频预览中
maybe,Common\Enums.cs,510,"[Description(""预览中"")]"
ignore-comment,Common\Enums.cs,514,/// 分析失败
maybe,Common\Enums.cs,516,"[Description(""失败"")]"
ignore-comment,Common\Enums.cs,521,/// 算法退出错误码
ignore-comment,Common\Enums.cs,526,/// 成功
maybe,Common\Enums.cs,528,"[Description(""成功"")]"
ignore-comment,Common\Enums.cs,532,/// 配置文件错误
maybe,Common\Enums.cs,534,"[Description(""配置文件错误"")]"
ignore-comment,Common\Enums.cs,538,/// 输入文件不存在
maybe,Common\Enums.cs,540,"[Description(""输入文件不存在"")]"
ignore-comment,Common\Enums.cs,544,/// 视频读取失败
maybe,Common\Enums.cs,546,"[Description(""视频读取失败"")]"
ignore-comment,Common\Enums.cs,550,/// 分析处理失败
maybe,Common\Enums.cs,552,"[Description(""分析处理失败"")]"
ignore-comment,Common\Enums.cs,556,/// 结果导出失败
maybe,Common\Enums.cs,558,"[Description(""结果导出失败"")]"
ignore-comment,Common\Enums.cs,562,/// 未知错误
maybe,Common\Enums.cs,564,"[Description(""未知错误"")]"
ignore-comment,Common\Enums.cs,569,/// 视频播放速度
ignore-comment,Common\Enums.cs,574,/// 0.25 倍速
ignore-comment,Common\Enums.cs,580,/// 0.5 倍速
ignore-comment,Common\Enums.cs,586,/// 1.0 倍速（正常）
ignore-comment,Common\Enums.cs,592,/// 1.5 倍速
ignore-comment,Common\Enums.cs,598,/// 2.0 倍速
ignore-comment,Common\Enums.cs,605,/// CSV 文件类型标识
ignore-comment,Common\Enums.cs,610,/// 关节角度时间序列
maybe,Common\Enums.cs,612,"[Description(""关节角度"")]"
ignore-comment,Common\Enums.cs,616,/// 关键点运动轨迹
maybe,Common\Enums.cs,618,"[Description(""关键点轨迹"")]"
ignore-comment,Common\Enums.cs,622,/// 关键点速度
maybe,Common\Enums.cs,624,"[Description(""关键点速度"")]"
ignore-comment,Common\Enums.cs,628,/// 关节角速度
maybe,Common\Enums.cs,630,"[Description(""关节角速度"")]"
ignore-comment,Controls\TitleBarControl.xaml.cs,8,/// 顶部标题栏公共组件，供登录页之外所有页面共用。
ignore-comment,Controls\TitleBarControl.xaml.cs,9,"/// 通过 <see cref=""UserDisplayName""/> 依赖属性显示当前登录账号名；"
ignore-comment,Controls\TitleBarControl.xaml.cs,10,"/// 未赋值时默认显示""游客""。"
ignore-comment,Controls\TitleBarControl.xaml.cs,11,/// 最小化 / 关闭事件通过冒泡路由向上传递给宿主 Window 处理。
ignore-comment,Controls\TitleBarControl.xaml.cs,16,"/// 当前显示的账号名依赖属性。默认值""游客""。"
maybe,Controls\TitleBarControl.xaml.cs,23,"new PropertyMetadata(""游客""));"
ignore-comment,Controls\TitleBarControl.xaml.cs,26,/// 当前账号名。可在 XAML 中通过 Binding 或在代码中直接设置。
ignore-comment,Controls\TitleBarControl.xaml.cs,27,"/// 未赋值时显示""游客""。"
ignore-comment,Controls\TitleBarControl.xaml.cs,49,/// 最小化按钮点击路由事件，宿主 Window 可订阅或由组件内部直接查找父窗口处理。
ignore-comment,Controls\TitleBarControl.xaml.cs,59,/// 最小化按钮点击事件。
ignore-comment,Controls\TitleBarControl.xaml.cs,68,/// 关闭按钮点击路由事件。
ignore-comment,Controls\TitleBarControl.xaml.cs,78,/// 关闭按钮点击事件。
ignore-comment,Controls\TitleBarControl.xaml.cs,93,// 先触发路由事件，允许宿主监听
ignore-comment,Controls\TitleBarControl.xaml.cs,96,// 同时直接操作父窗口（兜底，无需宿主额外订阅）
ignore-comment,Controls\TitleBarControl.xaml.cs,103,// 先触发路由事件，允许宿主监听（例如弹确认框）
ignore-comment,Controls\TitleBarControl.xaml.cs,107,// 若宿主未处理（Handled=false），则直接操作父窗口
ignore-comment,Converters\AnalysisStateConverters.cs,9,/// 分析状态转可见性转换器
ignore-comment,Converters\AnalysisStateConverters.cs,10,/// 当 AnalysisState 与 ConverterParameter 匹配时可见
ignore-comment,Converters\AnalysisStateConverters.cs,11,"/// 用法: Visibility=""{Binding AnalysisState, Converter={StaticResource AnalysisStateToVisibilityConverter}, ConverterParameter=Ready}"""
ignore-comment,Converters\AnalysisStateConverters.cs,16,/// 转换
ignore-comment,Converters\AnalysisStateConverters.cs,30,/// 反转换
ignore-comment,Converters\AnalysisStateConverters.cs,39,/// 分析进度转阶段状态转换器
ignore-comment,Converters\AnalysisStateConverters.cs,40,/// 用于阶段进度列表中标识已完成(✓)/进行中(●)/待完成(○)
ignore-comment,Converters\AnalysisStateConverters.cs,41,"/// ConverterParameter 为阶段对应的起始百分比（如 ""35""）"
ignore-comment,Converters\AnalysisStateConverters.cs,46,/// 转换
ignore-comment,Converters\AnalysisStateConverters.cs,63,/// 反转换
ignore-comment,Converters\AnalysisStateConverters.cs,72,/// 布尔值转前置条件图标颜色转换器
ignore-comment,Converters\AnalysisStateConverters.cs,73,/// true → 绿色，false → 红色
ignore-comment,Converters\AnalysisStateConverters.cs,78,/// 转换
ignore-comment,Converters\AnalysisStateConverters.cs,87,/// 反转换
ignore-comment,Converters\AnalysisStateConverters.cs,96,/// 布尔值转前置条件状态图标转换器
ignore-comment,Converters\AnalysisStateConverters.cs,102,/// 转换
ignore-comment,Converters\AnalysisStateConverters.cs,111,/// 反转换
ignore-comment,Converters\AnalysisStateConverters.cs,120,/// 质量指标布尔值转状态文本转换器
ignore-comment,Converters\AnalysisStateConverters.cs,121,/// true → ✅ 达标，false → ⚠️ 不达标
ignore-comment,Converters\AnalysisStateConverters.cs,126,/// 转换
ignore-comment,Converters\AnalysisStateConverters.cs,134,/// 反转换
ignore-comment,Converters\CommonConverters.cs,8,/// 空值转可见性转换器
ignore-comment,Converters\CommonConverters.cs,13,/// 转换
ignore-comment,Converters\CommonConverters.cs,34,/// 反转换
ignore-comment,Converters\CommonConverters.cs,43,/// 布尔转可见性转换器
ignore-comment,Converters\CommonConverters.cs,48,/// 转换
ignore-comment,Converters\CommonConverters.cs,66,/// 反转换
ignore-comment,Converters\CommonConverters.cs,81,/// 布尔取反转换器
ignore-comment,Converters\CommonConverters.cs,86,/// 转换
ignore-comment,Converters\CommonConverters.cs,94,/// 反转换
ignore-comment,Converters\CommonConverters.cs,103,/// 枚举转描述转换器
ignore-comment,Converters\CommonConverters.cs,108,/// 转换
ignore-comment,Converters\CommonConverters.cs,131,/// 反转换
ignore-comment,Converters\CommonConverters.cs,140,"/// 空数据显示转换器（用于显示""暂无数据""）"
ignore-comment,Converters\CommonConverters.cs,141,/// 当数据为空且不在加载时显示
ignore-comment,Converters\CommonConverters.cs,146,"/// 转换：values[0] = Count, values[1] = IsLoading"
ignore-comment,Converters\CommonConverters.cs,154,"// 只有在数据为空且不在加载时才显示""暂无数据"""
ignore-comment,Converters\CommonConverters.cs,161,/// 反转换
ignore-comment,Converters\CommonConverters.cs,170,/// 布尔转值转换器（用于根据布尔值选择不同的值）
ignore-comment,Converters\CommonConverters.cs,175,/// 转换
ignore-comment,Converters\CommonConverters.cs,191,/// 反转换
ignore-comment,Converters\CommonConverters.cs,225,/// 字符串颜色转SolidColorBrush转换器
ignore-comment,Converters\CommonConverters.cs,230,/// 转换
ignore-comment,Converters\CommonConverters.cs,250,/// 反转换
ignore-comment,Converters\CommonConverters.cs,259,/// 布尔取反转可见性转换器
ignore-comment,Converters\CommonConverters.cs,264,/// 转换
ignore-comment,Converters\CommonConverters.cs,273,/// 反转换
ignore-comment,Converters\CommonConverters.cs,286,/// 大于1转换器
ignore-comment,Converters\CommonConverters.cs,291,/// 转换
ignore-comment,Converters\CommonConverters.cs,303,/// 反转换
ignore-comment,Converters\CommonConverters.cs,312,/// 数量转可见性转换器（0时不可见）
ignore-comment,Converters\CommonConverters.cs,317,/// 转换
ignore-comment,Converters\CommonConverters.cs,335,/// 反转换
ignore-comment,Converters\CommonConverters.cs,344,/// 密码可见性转换为图标转换器
ignore-comment,Converters\CommonConverters.cs,349,/// 转换
ignore-comment,Converters\CommonConverters.cs,353,// IsPasswordHidden: true = 显示EyeOff (表示密码隐藏)，false = 显示Eye (表示密码可见)
ignore-comment,Converters\CommonConverters.cs,358,/// 反转换
ignore-comment,Converters\CommonConverters.cs,367,/// 枚举与布尔值转换器（用于 RadioButton 绑定枚举）
ignore-comment,Converters\CommonConverters.cs,372,/// 转换：当绑定值等于参数值时返回 true
ignore-comment,Converters\CommonConverters.cs,386,/// 反转换：当 RadioButton 被选中时返回参数值
ignore-comment,Data\DatabaseFactory.cs,10,/// 数据库工厂类
ignore-comment,Data\DatabaseFactory.cs,11,/// 提供创建数据库帮助类实例的工厂方法
ignore-comment,Data\DatabaseFactory.cs,19,/// 获取数据库路径
ignore-comment,Data\DatabaseFactory.cs,37,/// 获取默认数据库路径
ignore-comment,Data\DatabaseFactory.cs,44,// 确保目录存在
ignore-comment,Data\DatabaseFactory.cs,54,/// 创建 SqliteSugarHelper 实例（推荐使用）
ignore-comment,Data\DatabaseFactory.cs,55,/// 调用者负责 Dispose
ignore-comment,Data\DatabaseFactory.cs,57,/// <returns>SqliteSugarHelper 实例</returns>
ignore-comment,Data\DatabaseFactory.cs,70,/// 创建 SqliteHelper 实例（保留用于兼容）
ignore-comment,Data\DatabaseFactory.cs,71,/// 调用者负责 Dispose
ignore-comment,Data\DatabaseFactory.cs,73,/// <returns>SqliteHelper 实例</returns>
maybe,Data\DatabaseFactory.cs,74,"[Obsolete(""推荐使用 CreateSqliteSugarHelper() 方法"")]"
ignore-comment,Data\DatabaseFactory.cs,90,/// 创建已初始化的 SqliteHelper 实例（保留用于兼容）
ignore-comment,Data\DatabaseFactory.cs,91,/// 调用者负责 Dispose
ignore-comment,Data\DatabaseFactory.cs,93,/// <returns>已初始化的 SqliteHelper 实例</returns>
maybe,Data\DatabaseFactory.cs,94,"[Obsolete(""推荐使用 CreateSqliteSugarHelper() 方法"")]"
ignore-comment,Data\DatabaseInitializer.cs,13,/// 数据库初始化器。
ignore-comment,Data\DatabaseInitializer.cs,14,/// 负责创建数据库文件、建表、建索引、写入种子数据，以及执行版本迁移。
ignore-comment,Data\DatabaseInitializer.cs,15,/// 通过 SQLite PRAGMA user_version 管理数据库版本号。
ignore-comment,Data\DatabaseInitializer.cs,20,"/// 当前数据库目标版本号。每次结构变更时递增，并在 <see cref=""UpgradeDatabaseAsync""/> 中添加对应迁移逻辑。"
ignore-comment,Data\DatabaseInitializer.cs,28,"/// 初始化 <see cref=""DatabaseInitializer""/>，自动确定数据库文件路径并创建所需目录。"
ignore-comment,Data\DatabaseInitializer.cs,30,"/// <param name=""logHelper"">可选的日志记录器。</param>"
ignore-comment,Data\DatabaseInitializer.cs,47,/// 获取数据库文件的完整路径。
ignore-comment,Data\DatabaseInitializer.cs,52,"/// 创建并返回一个新的 <see cref=""SqliteSugarHelper""/> 实例。"
ignore-comment,Data\DatabaseInitializer.cs,53,/// 每次调用返回独立实例，调用方负责释放。
ignore-comment,Data\DatabaseInitializer.cs,67,/// 异步初始化数据库。
ignore-comment,Data\DatabaseInitializer.cs,68,/// 首次尝试正常初始化；若失败，释放连接、删除损坏文件后重建。
ignore-comment,Data\DatabaseInitializer.cs,69,/// 两次均失败时抛出异常，并保留原始异常信息。
maybe,Data\DatabaseInitializer.cs,73,"_logHelper?.Information(""开始初始化数据库..."");"
maybe,Data\DatabaseInitializer.cs,85,"_logHelper?.Warning($""数据库初始化失败，准备删除重建：{ex.Message}"");"
ignore-comment,Data\DatabaseInitializer.cs,88,// 释放所有 SQLite 连接，等待文件句柄释放
maybe,Data\DatabaseInitializer.cs,98,"_logHelper?.Information(""已删除旧数据库文件，重新初始化..."");"
maybe,Data\DatabaseInitializer.cs,101,"_logHelper?.Information(""数据库重建成功。"");"
maybe,Data\DatabaseInitializer.cs,109,"fullMessage += $""\n内部异常：{inner.Message}"";"
maybe,Data\DatabaseInitializer.cs,113,"_logHelper?.Error($""数据库重建失败：{fullMessage}\n堆栈：{retryEx.StackTrace}"", retryEx);"
maybe,Data\DatabaseInitializer.cs,116,"throw new Exception($""数据库初始化失败：{originalMessage}"", firstException ?? retryEx);"
ignore-comment,Data\DatabaseInitializer.cs,121,/// 安全删除数据库文件及其 WAL/SHM/Journal 附属文件。
ignore-comment,Data\DatabaseInitializer.cs,122,/// 先清空连接池，再对每个文件最多重试 5 次（间隔递增）。
ignore-comment,Data\DatabaseInitializer.cs,158,/// 数据库初始化核心逻辑。
ignore-comment,Data\DatabaseInitializer.cs,159,/// 读取当前版本号：0 表示全新数据库（建表+种子数据）；
ignore-comment,Data\DatabaseInitializer.cs,160,/// 低于目标版本则执行迁移；等于目标版本则跳过。
maybe,Data\DatabaseInitializer.cs,166,"_logHelper?.Information($""当前数据库版本：{version}"");"
maybe,Data\DatabaseInitializer.cs,170,"_logHelper?.Information(""检测到新数据库，开始创建表结构..."");"
maybe,Data\DatabaseInitializer.cs,173,"_logHelper?.Information(""表结构创建完成，开始写入种子数据..."");"
maybe,Data\DatabaseInitializer.cs,177,"_logHelper?.Information($""数据库初始化完成，版本设置为 {CurrentDatabaseVersion}。"");"
maybe,Data\DatabaseInitializer.cs,181,"_logHelper?.Information($""数据库需要升级：{version} → {CurrentDatabaseVersion}"");"
maybe,Data\DatabaseInitializer.cs,185,"_logHelper?.Information(""数据库升级完成。"");"
maybe,Data\DatabaseInitializer.cs,190,"_logHelper?.Information(""数据库版本已是最新，无需迁移。"");"
ignore-comment,Data\DatabaseInitializer.cs,195,/// 读取 SQLite PRAGMA user_version 作为数据库版本号。
ignore-comment,Data\DatabaseInitializer.cs,196,/// 读取失败时返回 0（视为全新数据库）。
ignore-comment,Data\DatabaseInitializer.cs,212,/// 将指定版本号写入 SQLite PRAGMA user_version。
ignore-comment,Data\DatabaseInitializer.cs,220,/// 创建所有业务表并建立索引。
maybe,Data\DatabaseInitializer.cs,224,"_logHelper?.Information(""创建数据表..."");"
ignore-comment,Data\DatabaseInitializer.cs,245,/// 为高频查询字段创建索引，使用 IF NOT EXISTS 保证幂等性。
maybe,Data\DatabaseInitializer.cs,249,"_logHelper?.Information(""创建数据库索引..."");"
ignore-comment,Data\DatabaseInitializer.cs,280,/// 写入初始种子数据，包括默认科室、内置管理员账户、内置普通账户及系统配置项。
ignore-comment,Data\DatabaseInitializer.cs,281,/// 所有插入均先检查是否已存在，保证幂等性。
ignore-comment,Data\DatabaseInitializer.cs,287,// Step 1：清理历史无效科室
maybe,Data\DatabaseInitializer.cs,290,"_logHelper?.Information(""Step 1：清理历史无效科室..."");"
maybe,Data\DatabaseInitializer.cs,292,"_logHelper?.Information(""Step 1：历史无效科室清理完成。"");"
maybe,Data\DatabaseInitializer.cs,296,"throw new Exception($""清理历史无效科室失败：{ex.Message}"", ex);"
ignore-comment,Data\DatabaseInitializer.cs,304,// Step 2：创建内置管理员账户
maybe,Data\DatabaseInitializer.cs,307,"_logHelper?.Information(""Step 2：创建内置管理员账户..."");"
must,Data\DatabaseInitializer.cs,316,"Name = ""管理员"","
maybe,Data\DatabaseInitializer.cs,326,"_logHelper?.Information(""Step 2：内置管理员账户创建完成。"");"
maybe,Data\DatabaseInitializer.cs,330,"throw new Exception($""Step 2 创建管理员失败：{ex.Message}"", ex);"
ignore-comment,Data\DatabaseInitializer.cs,333,// Step 3：创建内置普通账户
maybe,Data\DatabaseInitializer.cs,336,"_logHelper?.Information(""Step 3：创建内置普通账户..."");"
must,Data\DatabaseInitializer.cs,345,"Name = ""普通账户"","
maybe,Data\DatabaseInitializer.cs,354,"_logHelper?.Information(""Step 3：内置普通账户创建完成。"");"
maybe,Data\DatabaseInitializer.cs,358,"throw new Exception($""Step 3 创建普通账户失败：{ex.Message}"", ex);"
ignore-comment,Data\DatabaseInitializer.cs,361,// Step 4：写入系统配置默认值
maybe,Data\DatabaseInitializer.cs,377,"_logHelper?.Information($""Step 4.{i + 1}：写入系统配置 {key}..."");"
maybe,Data\DatabaseInitializer.cs,389,"_logHelper?.Information($""Step 4.{i + 1}：系统配置 {key} 写入完成。"");"
maybe,Data\DatabaseInitializer.cs,393,"throw new Exception($""Step 4.{i + 1} 写入系统配置（{key}）失败：{ex.Message}"", ex);"
ignore-comment,Data\DatabaseInitializer.cs,399,/// 对已存在数据库补齐必要的内置数据。
ignore-comment,Data\DatabaseInitializer.cs,400,/// 用于升级安装或历史数据库缺少默认账号时，保证 admin 默认管理员可登录。
ignore-comment,Data\DatabaseInitializer.cs,410,/// 清理早期版本写入的空科室记录，避免设置页重启后反复出现空名称、空代码的科室行。
ignore-comment,Data\DatabaseInitializer.cs,430,/// 规范内置管理员基础信息。该账号是系统默认入口，不允许在界面编辑资料或重置密码。
must,Data\DatabaseInitializer.cs,443,"Name = ""管理员"","
maybe,Data\DatabaseInitializer.cs,454,"_logHelper?.Information(""已规范内置管理员基础信息。"");"
ignore-comment,Data\DatabaseInitializer.cs,459,/// 将仍使用旧默认密码 123456 的内置管理员迁移到当前默认密码。
ignore-comment,Data\DatabaseInitializer.cs,460,/// 如果管理员已被用户改过密码，则不会覆盖。
maybe,Data\DatabaseInitializer.cs,496,"_logHelper?.Information(""已将内置管理员默认密码迁移到当前默认密码。"");"
ignore-comment,Data\DatabaseInitializer.cs,500,"/// 按版本号顺序依次执行数据库结构迁移，从 <paramref name=""fromVersion""/> 升级到 <see cref=""CurrentDatabaseVersion""/>。"
ignore-comment,Data\DatabaseInitializer.cs,502,"/// <param name=""db"">数据库连接。</param>"
ignore-comment,Data\DatabaseInitializer.cs,503,"/// <param name=""fromVersion"">当前数据库版本号。</param>"
maybe,Data\DatabaseInitializer.cs,508,"_logHelper?.Information($""执行 v{version} 升级..."");"
ignore-comment,Data\DatabaseInitializer.cs,513,// v1 为初始版本，无需迁移操作
ignore-comment,Data\DatabaseInitializer.cs,546,/// 升级到 v2：新增 MeasurementRecords 表并添加测量相关扩展字段。
ignore-comment,Data\DatabaseInitializer.cs,547,/// 使用 ALTER TABLE ADD COLUMN，对已存在的列忽略错误（容错处理）。
maybe,Data\DatabaseInitializer.cs,551,"_logHelper?.Information(""升级到 v2：扩展 MeasurementRecords 表字段..."");"
ignore-comment,Data\DatabaseInitializer.cs,580,// 列已存在时 SQLite 会报错，属于正常情况，记录调试日志后继续
maybe,Data\DatabaseInitializer.cs,581,"_logHelper?.Debug($""v2 迁移跳过（列可能已存在）：{ex.Message}"");"
maybe,Data\DatabaseInitializer.cs,585,"_logHelper?.Information(""v2 升级完成。"");"
ignore-comment,Data\DatabaseInitializer.cs,589,/// 升级到 v3：新增分析结果相关表（AnalysisResult、KinematicSummary、AnalysisCsvFile、QualityControlInfo），
ignore-comment,Data\DatabaseInitializer.cs,590,/// 并为 GaitParameters 添加详细步态参数字段，同时创建对应索引。
maybe,Data\DatabaseInitializer.cs,594,"_logHelper?.Information(""升级到 v3：新增分析结果相关表及字段..."");"
ignore-comment,Data\DatabaseInitializer.cs,624,// 列已存在时忽略，记录调试日志
maybe,Data\DatabaseInitializer.cs,625,"_logHelper?.Debug($""v3 迁移跳过（列可能已存在）：{ex.Message}"");"
maybe,Data\DatabaseInitializer.cs,637,"_logHelper?.Information(""v3 升级完成。"");"
ignore-comment,Data\DatabaseInitializer.cs,641,/// 升级到 v4：为 Patients 表添加 BirthDate 字段（TEXT 类型，存储 ISO 8601 日期字符串）。
maybe,Data\DatabaseInitializer.cs,645,"_logHelper?.Information(""升级到 v4：为 Patients 表添加 BirthDate 字段..."");"
ignore-comment,Data\DatabaseInitializer.cs,660,// 列已存在时忽略，记录调试日志
maybe,Data\DatabaseInitializer.cs,661,"_logHelper?.Debug($""v4 迁移跳过（列可能已存在）：{ex.Message}"");"
maybe,Data\DatabaseInitializer.cs,665,"_logHelper?.Information(""v4 升级完成。"");"
ignore-comment,Data\DatabaseInitializer.cs,669,/// 升级到 v5：为 Departments 表添加 Code 和 Description 字段。
maybe,Data\DatabaseInitializer.cs,673,"_logHelper?.Information(""升级到 v5：为 Departments 表添加 Code 和 Description 字段..."");"
maybe,Data\DatabaseInitializer.cs,689,"_logHelper?.Debug($""v5 迁移跳过（列可能已存在）：{ex.Message}"");"
maybe,Data\DatabaseInitializer.cs,693,"_logHelper?.Information(""v5 升级完成。"");"
ignore-comment,Data\DatabaseInitializer.cs,697,/// 升级到 v6：为 Reports 表添加报告配置快照相关字段。
must,Data\DatabaseInitializer.cs,701,"_logHelper?.Information(""升级到 v6：为 Reports 表添加报告配置快照字段..."");"
maybe,Data\DatabaseInitializer.cs,719,"_logHelper?.Debug($""v6 迁移跳过（列可能已存在）：{ex.Message}"");"
maybe,Data\DatabaseInitializer.cs,724,"_logHelper?.Information(""v6 升级完成。"");"
ignore-comment,Data\DatabaseInitializer.cs,728,/// 升级到 v7：为 AnalysisResults 表添加结果包相关字段。
maybe,Data\DatabaseInitializer.cs,732,"_logHelper?.Information(""升级到 v7：为 AnalysisResults 表添加结果包字段..."");"
maybe,Data\DatabaseInitializer.cs,750,"_logHelper?.Debug($""v7 迁移跳过（列可能已存在）：{ex.Message}"");"
maybe,Data\DatabaseInitializer.cs,754,"_logHelper?.Information(""v7 升级完成。"");"
ignore-comment,Data\DatabaseInitializer.cs,758,/// 检查数据库文件是否存在。
ignore-comment,Data\DatabaseInitializer.cs,760,/// <returns>文件存在返回 <c>true</c>，否则返回 <c>false</c>。</returns>
ignore-comment,Data\DatabaseInitializer.cs,767,/// 删除数据库文件及其 WAL/SHM 附属文件。
ignore-comment,Data\DatabaseInitializer.cs,768,/// 先清空连接池以释放文件锁，再执行删除。
maybe,Helpers\DiskSpaceGuard.cs,28,"$""{operationName}需要写入视频或分析结果文件，当前程序所在磁盘剩余空间不足 2GB。\n\n请先清理磁盘空间后再继续。"","
maybe,Helpers\DiskSpaceGuard.cs,29,"""磁盘空间不足"","
ignore-comment,Helpers\PasswordHelper.cs,7,/// 密码处理工具类
ignore-comment,Helpers\PasswordHelper.cs,8,/// 提供 SHA-256 密码哈希和验证功能
ignore-comment,Helpers\PasswordHelper.cs,13,/// 盐值长度（字节）
ignore-comment,Helpers\PasswordHelper.cs,18,/// 生成随机盐值
ignore-comment,Helpers\PasswordHelper.cs,20,/// <returns>Base64 编码的盐值</returns>
ignore-comment,Helpers\PasswordHelper.cs,28,/// 使用 SHA-256 对密码进行哈希
ignore-comment,Helpers\PasswordHelper.cs,30,"/// <param name=""password"">原始密码</param>"
ignore-comment,Helpers\PasswordHelper.cs,31,"/// <param name=""salt"">盐值</param>"
ignore-comment,Helpers\PasswordHelper.cs,32,/// <returns>Base64 编码的哈希值</returns>
ignore-comment,Helpers\PasswordHelper.cs,40,// 将密码和盐值组合
ignore-comment,Helpers\PasswordHelper.cs,44,// 使用 SHA-256 进行哈希
ignore-comment,Helpers\PasswordHelper.cs,51,/// 验证密码
ignore-comment,Helpers\PasswordHelper.cs,53,"/// <param name=""password"">待验证的密码</param>"
ignore-comment,Helpers\PasswordHelper.cs,54,"/// <param name=""hashedPassword"">存储的哈希密码</param>"
ignore-comment,Helpers\PasswordHelper.cs,55,"/// <param name=""salt"">盐值</param>"
ignore-comment,Helpers\PasswordHelper.cs,56,/// <returns>密码是否匹配</returns>
ignore-comment,Helpers\PasswordHelper.cs,67,/// 使用旧方式哈希密码（不带盐值，用于兼容旧数据）
ignore-comment,Helpers\PasswordHelper.cs,69,"/// <param name=""password"">原始密码</param>"
ignore-comment,Helpers\PasswordHelper.cs,70,/// <returns>Base64 编码的哈希值</returns>
ignore-comment,Helpers\PasswordHelper.cs,82,/// 验证旧格式密码（不带盐值）
ignore-comment,Helpers\PasswordHelper.cs,84,"/// <param name=""password"">待验证的密码</param>"
ignore-comment,Helpers\PasswordHelper.cs,85,"/// <param name=""hashedPassword"">存储的哈希密码</param>"
ignore-comment,Helpers\PasswordHelper.cs,86,/// <returns>密码是否匹配</returns>
ignore-comment,Helpers\PrintHelper.cs,16,/// WPF打印辅助类
ignore-comment,Helpers\PrintHelper.cs,17,/// 提供FlowDocument打印、打印预览等功能
ignore,Helpers\PrintHelper.cs,21,#region 打印设置常量
ignore-comment,Helpers\PrintHelper.cs,24,/// A4纸张宽度（96 DPI下的像素值）
ignore-comment,Helpers\PrintHelper.cs,29,/// A4纸张高度（96 DPI下的像素值）
ignore-comment,Helpers\PrintHelper.cs,34,/// 默认页边距（像素）
ignore,Helpers\PrintHelper.cs,40,#region 打印方法
ignore-comment,Helpers\PrintHelper.cs,43,/// 打印FlowDocument
ignore-comment,Helpers\PrintHelper.cs,45,"/// <param name=""document"">要打印的文档</param>"
ignore-comment,Helpers\PrintHelper.cs,46,"/// <param name=""documentName"">文档名称（显示在打印队列中）</param>"
ignore-comment,Helpers\PrintHelper.cs,47,"/// <param name=""showDialog"">是否显示打印对话框</param>"
ignore-comment,Helpers\PrintHelper.cs,48,/// <returns>是否成功打印</returns>
ignore-comment,Helpers\PrintHelper.cs,58,// 设置默认为A4纵向
ignore-comment,Helpers\PrintHelper.cs,68,// 部分打印机驱动会在选择打印机后恢复默认双面设置，打印前再次强制单面。
ignore-comment,Helpers\PrintHelper.cs,71,// 创建文档分页器
ignore-comment,Helpers\PrintHelper.cs,74,// 执行打印
maybe,Helpers\PrintHelper.cs,81,"System.Diagnostics.Debug.WriteLine($""打印失败: {ex.Message}"");"
ignore-comment,Helpers\PrintHelper.cs,87,/// 将 FlowDocument 按 A4 分页导出为 PDF，导出内容与预览/打印使用同一份文档。
maybe,Helpers\PrintHelper.cs,127,"System.Diagnostics.Debug.WriteLine($""导出PDF失败: {ex.Message}"");"
ignore-comment,Helpers\PrintHelper.cs,133,/// 打印FixedDocument
ignore-comment,Helpers\PrintHelper.cs,135,"/// <param name=""document"">要打印的固定文档</param>"
ignore-comment,Helpers\PrintHelper.cs,136,"/// <param name=""documentName"">文档名称</param>"
ignore-comment,Helpers\PrintHelper.cs,137,"/// <param name=""showDialog"">是否显示打印对话框</param>"
ignore-comment,Helpers\PrintHelper.cs,138,/// <returns>是否成功打印</returns>
maybe,Helpers\PrintHelper.cs,161,"System.Diagnostics.Debug.WriteLine($""打印失败: {ex.Message}"");"
ignore-comment,Helpers\PrintHelper.cs,167,/// 打印Visual元素
ignore-comment,Helpers\PrintHelper.cs,169,"/// <param name=""visual"">要打印的可视化元素</param>"
ignore-comment,Helpers\PrintHelper.cs,170,"/// <param name=""documentName"">文档名称</param>"
ignore-comment,Helpers\PrintHelper.cs,171,"/// <param name=""showDialog"">是否显示打印对话框</param>"
ignore-comment,Helpers\PrintHelper.cs,172,/// <returns>是否成功打印</returns>
maybe,Helpers\PrintHelper.cs,195,"System.Diagnostics.Debug.WriteLine($""打印失败: {ex.Message}"");"
ignore,Helpers\PrintHelper.cs,202,#region 打印预览
ignore-comment,Helpers\PrintHelper.cs,205,/// 显示打印预览窗口
ignore-comment,Helpers\PrintHelper.cs,207,"/// <param name=""document"">要预览的FlowDocument</param>"
ignore-comment,Helpers\PrintHelper.cs,208,"/// <param name=""title"">预览窗口标题</param>"
must,Helpers\PrintHelper.cs,209,"public static void ShowPrintPreview(FlowDocument document, string title = ""打印预览"")"
ignore-comment,Helpers\PrintHelper.cs,214,// 创建预览窗口
ignore-comment,Helpers\PrintHelper.cs,223,// 创建文档查看器
ignore-comment,Helpers\PrintHelper.cs,237,/// 显示FixedDocument打印预览
ignore-comment,Helpers\PrintHelper.cs,239,"/// <param name=""document"">要预览的FixedDocument</param>"
ignore-comment,Helpers\PrintHelper.cs,240,"/// <param name=""title"">预览窗口标题</param>"
maybe,Helpers\PrintHelper.cs,241,"public static void ShowFixedDocumentPreview(FixedDocument document, string title = ""打印预览"")"
ignore,Helpers\PrintHelper.cs,265,#region 打印机管理
ignore-comment,Helpers\PrintHelper.cs,268,/// 获取所有可用的打印机名称
ignore-comment,Helpers\PrintHelper.cs,270,/// <returns>打印机名称列表</returns>
maybe,Helpers\PrintHelper.cs,287,"System.Diagnostics.Debug.WriteLine($""获取打印机列表失败: {ex.Message}"");"
ignore-comment,Helpers\PrintHelper.cs,294,/// 获取默认打印机名称
ignore-comment,Helpers\PrintHelper.cs,296,/// <returns>默认打印机名称，如果没有则返回null</returns>
ignore-comment,Helpers\PrintHelper.cs,312,/// 检查打印机是否可用
ignore-comment,Helpers\PrintHelper.cs,314,"/// <param name=""printerName"">打印机名称</param>"
ignore-comment,Helpers\PrintHelper.cs,315,/// <returns>是否可用</returns>
ignore,Helpers\PrintHelper.cs,332,#region 文档创建辅助方法
ignore-comment,Helpers\PrintHelper.cs,335,/// 创建A4尺寸的FlowDocument
ignore-comment,Helpers\PrintHelper.cs,337,/// <returns>配置好的FlowDocument</returns>
ignore-comment,Helpers\PrintHelper.cs,352,/// 为FlowDocument添加标题
ignore-comment,Helpers\PrintHelper.cs,354,"/// <param name=""document"">目标文档</param>"
ignore-comment,Helpers\PrintHelper.cs,355,"/// <param name=""title"">标题文本</param>"
ignore-comment,Helpers\PrintHelper.cs,356,"/// <param name=""fontSize"">字体大小</param>"
ignore-comment,Helpers\PrintHelper.cs,370,/// 为FlowDocument添加段落
ignore-comment,Helpers\PrintHelper.cs,372,"/// <param name=""document"">目标文档</param>"
ignore-comment,Helpers\PrintHelper.cs,373,"/// <param name=""text"">段落文本</param>"
ignore-comment,Helpers\PrintHelper.cs,374,"/// <param name=""fontSize"">字体大小</param>"
ignore-comment,Helpers\PrintHelper.cs,386,/// 为FlowDocument添加表格
ignore-comment,Helpers\PrintHelper.cs,388,"/// <param name=""document"">目标文档</param>"
ignore-comment,Helpers\PrintHelper.cs,389,"/// <param name=""headers"">表头</param>"
ignore-comment,Helpers\PrintHelper.cs,390,"/// <param name=""rows"">数据行</param>"
ignore-comment,Helpers\PrintHelper.cs,400,// 添加列
ignore-comment,Helpers\PrintHelper.cs,406,// 添加表头行组
ignore-comment,Helpers\PrintHelper.cs,422,// 添加数据行组
ignore-comment,Helpers\PrintHelper.cs,445,/// 添加分页符
ignore-comment,Helpers\PrintHelper.cs,447,"/// <param name=""document"">目标文档</param>"
ignore,Helpers\PrintHelper.cs,459,#region 私有辅助方法
ignore-comment,Helpers\PrintHelper.cs,530,/// 配置打印对话框为A4纵向
ignore-comment,Helpers\PrintHelper.cs,536,// 设置打印区域为A4尺寸
ignore-comment,Helpers\PrintHelper.cs,543,// 某些打印机可能不支持设置，忽略错误
ignore-comment,Helpers\PrintHelper.cs,548,/// 创建文档分页器
ignore-comment,Helpers\PrintHelper.cs,566,// 设置文档尺寸以匹配打印区域
ignore-comment,Helpers\PrintHelper.cs,572,// 获取分页器
ignore-comment,Helpers\PrintHelper.cs,580,/// 克隆FlowDocument
ignore-comment,Helpers\PrintHelper.cs,584,// 使用XAML序列化来克隆文档
ignore-comment,Helpers\PrintHelper.cs,616,/// 打印设置
ignore-comment,Helpers\PrintHelper.cs,621,/// 打印机名称
ignore-comment,Helpers\PrintHelper.cs,626,/// 是否彩色打印
ignore-comment,Helpers\PrintHelper.cs,631,/// 打印份数
ignore-comment,Helpers\PrintHelper.cs,636,/// 纸张大小
ignore-comment,Helpers\PrintHelper.cs,641,/// 页面方向
ignore-comment,Helpers\PrintHelper.cs,646,/// 是否双面打印
ignore-comment,Helpers\ReportPdfExporter.cs,15,/// 报告PDF导出器
ignore-comment,Helpers\ReportPdfExporter.cs,16,/// 使用QuestPDF生成报告PDF文件
ignore-comment,Helpers\ReportPdfExporter.cs,25,// 设置QuestPDF许可证
ignore-comment,Helpers\ReportPdfExporter.cs,36,/// 导出报告为PDF
ignore-comment,Helpers\ReportPdfExporter.cs,38,"/// <param name=""report"">报告数据</param>"
ignore-comment,Helpers\ReportPdfExporter.cs,39,"/// <param name=""filePath"">输出文件路径</param>"
ignore-comment,Helpers\ReportPdfExporter.cs,40,/// <returns>是否成功</returns>
maybe,Helpers\ReportPdfExporter.cs,45,"_logger?.LogInformation(""开始导出报告PDF: {FilePath}"", filePath);"
ignore-comment,Helpers\ReportPdfExporter.cs,60,// 页面设置 - A4
ignore-comment,Helpers\ReportPdfExporter.cs,65,// 页眉
ignore-comment,Helpers\ReportPdfExporter.cs,68,// 内容
ignore-comment,Helpers\ReportPdfExporter.cs,71,// 页脚
maybe,Helpers\ReportPdfExporter.cs,76,"_logger?.LogInformation(""报告PDF导出成功"");"
maybe,Helpers\ReportPdfExporter.cs,81,"_logger?.LogError(ex, ""导出报告PDF失败"");"
ignore-comment,Helpers\ReportPdfExporter.cs,87,/// 导出报告为PDF字节数组
maybe,Helpers\ReportPdfExporter.cs,112,"_logger?.LogError(ex, ""导出报告PDF字节失败"");"
ignore,Helpers\ReportPdfExporter.cs,117,#region 报告组成部分
ignore-comment,Helpers\ReportPdfExporter.cs,120,/// 页眉
ignore-comment,Helpers\ReportPdfExporter.cs,132,// 单位名称
ignore-comment,Helpers\ReportPdfExporter.cs,143,// 报告标题
maybe,Helpers\ReportPdfExporter.cs,144,"column.Item().Text(""步态分析报告"")"
ignore-comment,Helpers\ReportPdfExporter.cs,151,// 报告编号
must,Helpers\ReportPdfExporter.cs,152,"column.Item().Text($""报告编号：{report.ReportNumber}"")"
ignore-comment,Helpers\ReportPdfExporter.cs,159,// 分隔线
ignore-comment,Helpers\ReportPdfExporter.cs,165,/// 内容
ignore-comment,Helpers\ReportPdfExporter.cs,173,// 患者信息
ignore-comment,Helpers\ReportPdfExporter.cs,178,// 测量信息
ignore-comment,Helpers\ReportPdfExporter.cs,185,// 步态参数
ignore-comment,Helpers\ReportPdfExporter.cs,192,// 运动学参数汇总
ignore-comment,Helpers\ReportPdfExporter.cs,199,// 关节角度曲线图
ignore-comment,Helpers\ReportPdfExporter.cs,209,// 质量控制信息
ignore-comment,Helpers\ReportPdfExporter.cs,216,// 分析信息
ignore-comment,Helpers\ReportPdfExporter.cs,221,// 医生意见
ignore-comment,Helpers\ReportPdfExporter.cs,227,/// 患者信息
maybe,Helpers\ReportPdfExporter.cs,235,"column.Item().Text(""患者信息"")"
ignore-comment,Helpers\ReportPdfExporter.cs,253,// 第一行
maybe,Helpers\ReportPdfExporter.cs,254,"table.Cell().Text(""姓名"").FontColor(Colors.Grey.Medium);"
maybe,Helpers\ReportPdfExporter.cs,256,"table.Cell().Text(""性别"").FontColor(Colors.Grey.Medium);"
maybe,Helpers\ReportPdfExporter.cs,257,"table.Cell().Text(patient?.Gender == Gender.Male ? ""男"" : ""女"").Bold();"
maybe,Helpers\ReportPdfExporter.cs,258,"table.Cell().Text(""年龄"").FontColor(Colors.Grey.Medium);"
maybe,Helpers\ReportPdfExporter.cs,259,"table.Cell().Text($""{patient?.Age ?? 0}岁"").Bold();"
ignore-comment,Helpers\ReportPdfExporter.cs,261,// 第二行
maybe,Helpers\ReportPdfExporter.cs,262,"table.Cell().Text(""电话"").FontColor(Colors.Grey.Medium);"
maybe,Helpers\ReportPdfExporter.cs,264,"table.Cell().Text(""证件号"").FontColor(Colors.Grey.Medium);"
ignore-comment,Helpers\ReportPdfExporter.cs,271,/// 测量信息
maybe,Helpers\ReportPdfExporter.cs,279,"column.Item().Text(""测量信息"")"
maybe,Helpers\ReportPdfExporter.cs,295,"table.Cell().Text(""测量日期"").FontColor(Colors.Grey.Medium);"
maybe,Helpers\ReportPdfExporter.cs,297,"table.Cell().Text(""操作员"").FontColor(Colors.Grey.Medium);"
maybe,Helpers\ReportPdfExporter.cs,300,"table.Cell().Text(""测量时长"").FontColor(Colors.Grey.Medium);"
maybe,Helpers\ReportPdfExporter.cs,301,"table.Cell().Text(measurement?.DurationSeconds.HasValue == true ? $""{measurement.DurationSeconds.Value}秒"" : ""--"");"
maybe,Helpers\ReportPdfExporter.cs,302,"table.Cell().Text(""报告生成"").FontColor(Colors.Grey.Medium);"
ignore-comment,Helpers\ReportPdfExporter.cs,309,/// 步态参数
maybe,Helpers\ReportPdfExporter.cs,317,"column.Item().Text(""步态参数"")"
ignore-comment,Helpers\ReportPdfExporter.cs,331,// 第一行
maybe,Helpers\ReportPdfExporter.cs,332,"table.Cell().Element(c => CreateParameterCell(c, ""步幅（左）"", gait?.StrideLengthLeft, ""cm""));"
maybe,Helpers\ReportPdfExporter.cs,333,"table.Cell().Element(c => CreateParameterCell(c, ""步幅（右）"", gait?.StrideLengthRight, ""cm""));"
maybe,Helpers\ReportPdfExporter.cs,334,"table.Cell().Element(c => CreateParameterCell(c, ""步频"", gait?.Cadence, ""步/分""));"
maybe,Helpers\ReportPdfExporter.cs,335,"table.Cell().Element(c => CreateParameterCell(c, ""步速"", gait?.Velocity, ""m/s""));"
ignore-comment,Helpers\ReportPdfExporter.cs,337,// 第二行
maybe,Helpers\ReportPdfExporter.cs,338,"table.Cell().Element(c => CreateParameterCell(c, ""左脚支撑相"", gait?.StancePhaseLeft, ""%""));"
maybe,Helpers\ReportPdfExporter.cs,339,"table.Cell().Element(c => CreateParameterCell(c, ""右脚支撑相"", gait?.StancePhaseRight, ""%""));"
maybe,Helpers\ReportPdfExporter.cs,340,"table.Cell().Element(c => CreateParameterCell(c, ""双支撑时间"", gait?.DoubleSupport, ""%""));"
maybe,Helpers\ReportPdfExporter.cs,341,"table.Cell().Element(c => CreateParameterCell(c, ""步宽"", gait?.StepWidth, ""cm""));"
ignore-comment,Helpers\ReportPdfExporter.cs,343,// 第三行
maybe,Helpers\ReportPdfExporter.cs,344,"table.Cell().Element(c => CreateParameterCell(c, ""摆动相（左）"", gait?.SwingPhaseLeft, ""%""));"
maybe,Helpers\ReportPdfExporter.cs,345,"table.Cell().Element(c => CreateParameterCell(c, ""摆动相（右）"", gait?.SwingPhaseRight, ""%""));"
maybe,Helpers\ReportPdfExporter.cs,346,"table.Cell().Element(c => CreateParameterCell(c, ""对称性指数"", gait?.SymmetryIndex, """"));"
maybe,Helpers\ReportPdfExporter.cs,347,"table.Cell().Element(c => CreateParameterCell(c, ""变异系数"", gait?.VariabilityCoefficient, ""%""));"
ignore-comment,Helpers\ReportPdfExporter.cs,353,/// 创建参数单元格
ignore-comment,Helpers\ReportPdfExporter.cs,383,/// 医生意见
maybe,Helpers\ReportPdfExporter.cs,389,"column.Item().Text(""医生意见"")"
maybe,Helpers\ReportPdfExporter.cs,398,"opinion = ""（暂无医生意见）"";"
ignore-comment,Helpers\ReportPdfExporter.cs,411,/// 运动学参数汇总表
maybe,Helpers\ReportPdfExporter.cs,417,"column.Item().Text(""运动学参数（ROM）"")"
maybe,Helpers\ReportPdfExporter.cs,431,"table.Cell().Element(c => CreateParameterCell(c, ""髋关节 ROM"", summary.HipRomDeg, ""°""));"
maybe,Helpers\ReportPdfExporter.cs,432,"table.Cell().Element(c => CreateParameterCell(c, ""膝关节 ROM"", summary.KneeRomDeg, ""°""));"
maybe,Helpers\ReportPdfExporter.cs,433,"table.Cell().Element(c => CreateParameterCell(c, ""踝关节 ROM"", summary.AnkleRomDeg, ""°""));"
maybe,Helpers\ReportPdfExporter.cs,434,"table.Cell().Element(c => CreateParameterCell(c, ""骨盆冠状面 ROM"", summary.PelvisCoronalRomDeg, ""°""));"
ignore-comment,Helpers\ReportPdfExporter.cs,440,/// 关节角度曲线图区域
maybe,Helpers\ReportPdfExporter.cs,457,"column.Item().Text(""关节角度-时间曲线"")"
maybe,Helpers\ReportPdfExporter.cs,465,"(""hip"", ""髋关节角度-时间曲线（矢状面）""),"
maybe,Helpers\ReportPdfExporter.cs,466,"(""knee"", ""膝关节角度-时间曲线（矢状面）""),"
maybe,Helpers\ReportPdfExporter.cs,467,"(""ankle"", ""踝关节角度-时间曲线（矢状面）""),"
maybe,Helpers\ReportPdfExporter.cs,468,"(""pelvis"", ""骨盆角度-时间曲线（冠状面）"")"
ignore-comment,Helpers\ReportPdfExporter.cs,486,/// 质量控制信息
maybe,Helpers\ReportPdfExporter.cs,492,"column.Item().Text(""质量控制信息"")"
maybe,Helpers\ReportPdfExporter.cs,506,"table.Cell().Element(c => CreateParameterCell(c, ""有效帧比例"","
maybe,Helpers\ReportPdfExporter.cs,508,"table.Cell().Element(c => CreateQualityStatusCell(c, ""遮挡预警"", qc.OcclusionWarning));"
maybe,Helpers\ReportPdfExporter.cs,509,"table.Cell().Element(c => CreateQualityStatusCell(c, ""丢点预警"", qc.MissingPointWarning));"
ignore-comment,Helpers\ReportPdfExporter.cs,515,/// 分析元信息
maybe,Helpers\ReportPdfExporter.cs,521,"column.Item().Text(""分析信息"")"
maybe,Helpers\ReportPdfExporter.cs,539,"table.Cell().Text(""算法版本"").FontColor(Colors.Grey.Medium);"
maybe,Helpers\ReportPdfExporter.cs,541,"table.Cell().Text(""模型版本"").FontColor(Colors.Grey.Medium);"
maybe,Helpers\ReportPdfExporter.cs,543,"table.Cell().Text(""分析耗时"").FontColor(Colors.Grey.Medium);"
maybe,Helpers\ReportPdfExporter.cs,545,"? $""{analysisResult.AnalysisDurationSeconds:F1}秒"" : ""--"");"
maybe,Helpers\ReportPdfExporter.cs,547,"table.Cell().Text(""分析时间"").FontColor(Colors.Grey.Medium);"
maybe,Helpers\ReportPdfExporter.cs,549,"table.Cell().Text(""协议版本"").FontColor(Colors.Grey.Medium);"
ignore-comment,Helpers\ReportPdfExporter.cs,558,/// 创建质量状态单元格（PDF版）
maybe,Helpers\ReportPdfExporter.cs,574,"column.Item().Text(hasWarning ? ""? 是"" : ""? 否"")"
ignore-comment,Helpers\ReportPdfExporter.cs,583,/// 页脚
maybe,Helpers\ReportPdfExporter.cs,595,"row.RelativeItem().Text($""生成时间：{report.CreatedAt:yyyy年MM月dd日 HH:mm}"")"
maybe,Helpers\ReportPdfExporter.cs,601,"text.Span(""第 "").FontSize(8).FontColor(Colors.Grey.Medium);"
maybe,Helpers\ReportPdfExporter.cs,603,"text.Span("" 页 / 共 "").FontSize(8).FontColor(Colors.Grey.Medium);"
maybe,Helpers\ReportPdfExporter.cs,605,"text.Span("" 页"").FontSize(8).FontColor(Colors.Grey.Medium);"
ignore,Helpers\ReportPdfExporter.cs,617,#region 辅助方法
ignore-comment,Helpers\ReportPdfExporter.cs,620,/// 掩码证件号
ignore-comment,Helpers\ReportPdfExporter.cs,630,/// 获取报告状态文本
must,Helpers\ReportPdfExporter.cs,636,"ReportStatus.Draft => ""待生成"","
must,Helpers\ReportPdfExporter.cs,637,"ReportStatus.Completed => ""已生成"","
must,Helpers\ReportPdfExporter.cs,638,"ReportStatus.Printed => ""已生成"","
must,Helpers\ReportPdfExporter.cs,639,"ReportStatus.Outdated => ""需重新生成"","
maybe,Helpers\ReportPdfExporter.cs,640,"_ => ""未知"""
ignore-comment,Helpers\ReportPreviewHelper.cs,15,/// 报告预览帮助类
ignore-comment,Helpers\ReportPreviewHelper.cs,16,/// 用于生成报告的FlowDocument预览
ignore-comment,Helpers\ReportPreviewHelper.cs,21,/// 生成报告FlowDocument
ignore-comment,Helpers\ReportPreviewHelper.cs,23,"/// <param name=""report"">报告数据</param>"
ignore-comment,Helpers\ReportPreviewHelper.cs,24,"/// <param name=""unitName"">单位名称</param>"
ignore-comment,Helpers\ReportPreviewHelper.cs,25,"/// <param name=""logoPath"">Logo路径（可选）</param>"
ignore-comment,Helpers\ReportPreviewHelper.cs,38,// 报告头部
ignore-comment,Helpers\ReportPreviewHelper.cs,41,// 患者信息
ignore-comment,Helpers\ReportPreviewHelper.cs,44,// 测量信息
ignore-comment,Helpers\ReportPreviewHelper.cs,47,// 步态参数
ignore-comment,Helpers\ReportPreviewHelper.cs,50,// 运动学参数汇总
ignore-comment,Helpers\ReportPreviewHelper.cs,53,// 关节角度曲线图
ignore-comment,Helpers\ReportPreviewHelper.cs,56,// 质量控制信息
ignore-comment,Helpers\ReportPreviewHelper.cs,59,// 分析信息
ignore-comment,Helpers\ReportPreviewHelper.cs,62,// 医生意见
ignore-comment,Helpers\ReportPreviewHelper.cs,65,// 页脚
ignore-comment,Helpers\ReportPreviewHelper.cs,72,/// 添加报告头部
ignore-comment,Helpers\ReportPreviewHelper.cs,89,// 单位名称
ignore-comment,Helpers\ReportPreviewHelper.cs,102,// 报告标题
must,Helpers\ReportPreviewHelper.cs,103,"var titleParagraph = new Paragraph(new Run(""步态分析报告""))"
ignore-comment,Helpers\ReportPreviewHelper.cs,112,// 报告编号
must,Helpers\ReportPreviewHelper.cs,113,"var numberParagraph = new Paragraph(new Run($""报告编号：{reportNumber}""))"
ignore-comment,Helpers\ReportPreviewHelper.cs,122,// 分隔线
ignore-comment,Helpers\ReportPreviewHelper.cs,153,/// 添加患者信息
maybe,Helpers\ReportPreviewHelper.cs,160,"AddSectionTitle(document, ""患者信息"");"
ignore-comment,Helpers\ReportPreviewHelper.cs,164,// 第一行：姓名、性别、年龄
maybe,Helpers\ReportPreviewHelper.cs,166,"row1.Cells.Add(CreateLabelCell(""姓名""));"
maybe,Helpers\ReportPreviewHelper.cs,168,"row1.Cells.Add(CreateLabelCell(""性别""));"
maybe,Helpers\ReportPreviewHelper.cs,169,"row1.Cells.Add(CreateValueCell(patient.Gender == Gender.Male ? ""男"" : ""女""));"
maybe,Helpers\ReportPreviewHelper.cs,170,"row1.Cells.Add(CreateLabelCell(""年龄""));"
maybe,Helpers\ReportPreviewHelper.cs,171,"row1.Cells.Add(CreateValueCell($""{patient.Age}岁""));"
ignore-comment,Helpers\ReportPreviewHelper.cs,174,// 第二行：电话、证件号
maybe,Helpers\ReportPreviewHelper.cs,176,"row2.Cells.Add(CreateLabelCell(""联系电话""));"
maybe,Helpers\ReportPreviewHelper.cs,178,"row2.Cells.Add(CreateLabelCell(""证件号码""));"
ignore-comment,Helpers\ReportPreviewHelper.cs,188,/// 添加测量信息
maybe,Helpers\ReportPreviewHelper.cs,195,"AddSectionTitle(document, ""测量信息"");"
ignore-comment,Helpers\ReportPreviewHelper.cs,199,// 第一行：测量日期、操作员
maybe,Helpers\ReportPreviewHelper.cs,201,"row1.Cells.Add(CreateLabelCell(""测量日期""));"
maybe,Helpers\ReportPreviewHelper.cs,203,"row1.Cells.Add(CreateLabelCell(""操作员""));"
maybe,Helpers\ReportPreviewHelper.cs,205,"row1.Cells.Add(CreateLabelCell(""测量状态""));"
ignore-comment,Helpers\ReportPreviewHelper.cs,209,// 第二行：测量时长
maybe,Helpers\ReportPreviewHelper.cs,211,"row2.Cells.Add(CreateLabelCell(""测量时长""));"
maybe,Helpers\ReportPreviewHelper.cs,212,"row2.Cells.Add(CreateValueCell(measurement.DurationSeconds.HasValue ? $""{measurement.DurationSeconds.Value}秒"" : ""--""));"
maybe,Helpers\ReportPreviewHelper.cs,213,"row2.Cells.Add(CreateLabelCell(""报告生成""));"
ignore-comment,Helpers\ReportPreviewHelper.cs,223,/// 添加步态参数
maybe,Helpers\ReportPreviewHelper.cs,229,"AddSectionTitle(document, ""步态参数"");"
ignore-comment,Helpers\ReportPreviewHelper.cs,237,// 定义列
ignore-comment,Helpers\ReportPreviewHelper.cs,245,// 第一行
maybe,Helpers\ReportPreviewHelper.cs,247,"row1.Cells.Add(CreateParameterCell(""步幅（左）"", gait?.StrideLengthLeft, ""cm""));"
maybe,Helpers\ReportPreviewHelper.cs,248,"row1.Cells.Add(CreateParameterCell(""步幅（右）"", gait?.StrideLengthRight, ""cm""));"
maybe,Helpers\ReportPreviewHelper.cs,249,"row1.Cells.Add(CreateParameterCell(""步频"", gait?.Cadence, ""步/分""));"
maybe,Helpers\ReportPreviewHelper.cs,250,"row1.Cells.Add(CreateParameterCell(""步速"", gait?.Velocity, ""m/s""));"
ignore-comment,Helpers\ReportPreviewHelper.cs,253,// 第二行
maybe,Helpers\ReportPreviewHelper.cs,255,"row2.Cells.Add(CreateParameterCell(""左脚支撑相"", gait?.StancePhaseLeft, ""%""));"
maybe,Helpers\ReportPreviewHelper.cs,256,"row2.Cells.Add(CreateParameterCell(""右脚支撑相"", gait?.StancePhaseRight, ""%""));"
maybe,Helpers\ReportPreviewHelper.cs,257,"row2.Cells.Add(CreateParameterCell(""双支撑时间"", gait?.DoubleSupport, ""%""));"
maybe,Helpers\ReportPreviewHelper.cs,258,"row2.Cells.Add(CreateParameterCell(""步宽"", gait?.StepWidth, ""cm""));"
ignore-comment,Helpers\ReportPreviewHelper.cs,261,// 第三行
maybe,Helpers\ReportPreviewHelper.cs,263,"row3.Cells.Add(CreateParameterCell(""摆动相（左）"", gait?.SwingPhaseLeft, ""%""));"
maybe,Helpers\ReportPreviewHelper.cs,264,"row3.Cells.Add(CreateParameterCell(""摆动相（右）"", gait?.SwingPhaseRight, ""%""));"
maybe,Helpers\ReportPreviewHelper.cs,265,"row3.Cells.Add(CreateParameterCell(""对称性指数"", gait?.SymmetryIndex, """"));"
maybe,Helpers\ReportPreviewHelper.cs,266,"row3.Cells.Add(CreateParameterCell(""变异系数"", gait?.VariabilityCoefficient, ""%""));"
ignore-comment,Helpers\ReportPreviewHelper.cs,273,/// 添加运动学参数汇总表
maybe,Helpers\ReportPreviewHelper.cs,279,"AddSectionTitle(document, ""运动学参数（ROM）"");"
maybe,Helpers\ReportPreviewHelper.cs,295,"row.Cells.Add(CreateParameterCell(""髋关节 ROM"", summary.HipRomDeg, ""°""));"
maybe,Helpers\ReportPreviewHelper.cs,296,"row.Cells.Add(CreateParameterCell(""膝关节 ROM"", summary.KneeRomDeg, ""°""));"
maybe,Helpers\ReportPreviewHelper.cs,297,"row.Cells.Add(CreateParameterCell(""踝关节 ROM"", summary.AnkleRomDeg, ""°""));"
maybe,Helpers\ReportPreviewHelper.cs,298,"row.Cells.Add(CreateParameterCell(""骨盆冠状面 ROM"", summary.PelvisCoronalRomDeg, ""°""));"
ignore-comment,Helpers\ReportPreviewHelper.cs,305,/// 添加关节角度曲线图区域
ignore-comment,Helpers\ReportPreviewHelper.cs,316,// 获取 ChartService
maybe,Helpers\ReportPreviewHelper.cs,323,"AddSectionTitle(document, ""关节角度-时间曲线"");"
maybe,Helpers\ReportPreviewHelper.cs,327,"(""hip"", ""髋关节角度-时间曲线（矢状面）""),"
maybe,Helpers\ReportPreviewHelper.cs,328,"(""knee"", ""膝关节角度-时间曲线（矢状面）""),"
maybe,Helpers\ReportPreviewHelper.cs,329,"(""ankle"", ""踝关节角度-时间曲线（矢状面）""),"
maybe,Helpers\ReportPreviewHelper.cs,330,"(""pelvis"", ""骨盆角度-时间曲线（冠状面）"")"
ignore-comment,Helpers\ReportPreviewHelper.cs,342,/// 添加质量控制信息
maybe,Helpers\ReportPreviewHelper.cs,348,"AddSectionTitle(document, ""质量控制信息"");"
maybe,Helpers\ReportPreviewHelper.cs,364,"row.Cells.Add(CreateParameterCell(""有效帧比例"", qc.ValidFrameRatio.HasValue ? qc.ValidFrameRatio * 100 : null, ""%""));"
maybe,Helpers\ReportPreviewHelper.cs,365,"row.Cells.Add(CreateQualityStatusCell(""遮挡预警"", qc.OcclusionWarning));"
maybe,Helpers\ReportPreviewHelper.cs,366,"row.Cells.Add(CreateQualityStatusCell(""丢点预警"", qc.MissingPointWarning));"
ignore-comment,Helpers\ReportPreviewHelper.cs,373,/// 添加分析元信息
maybe,Helpers\ReportPreviewHelper.cs,379,"AddSectionTitle(document, ""分析信息"");"
maybe,Helpers\ReportPreviewHelper.cs,384,"row1.Cells.Add(CreateLabelCell(""算法版本""));"
maybe,Helpers\ReportPreviewHelper.cs,386,"row1.Cells.Add(CreateLabelCell(""模型版本""));"
maybe,Helpers\ReportPreviewHelper.cs,388,"row1.Cells.Add(CreateLabelCell(""分析耗时""));"
maybe,Helpers\ReportPreviewHelper.cs,389,"row1.Cells.Add(CreateValueCell(analysisResult.AnalysisDurationSeconds.HasValue ? $""{analysisResult.AnalysisDurationSeconds:F1}秒"" : ""--""));"
maybe,Helpers\ReportPreviewHelper.cs,393,"row2.Cells.Add(CreateLabelCell(""分析时间""));"
maybe,Helpers\ReportPreviewHelper.cs,395,"row2.Cells.Add(CreateLabelCell(""协议版本""));"
ignore-comment,Helpers\ReportPreviewHelper.cs,405,/// 嵌入图表图片到 FlowDocument
ignore-comment,Helpers\ReportPreviewHelper.cs,431,/// 创建质量状态单元格
must,Helpers\ReportPreviewHelper.cs,455,"Text = hasWarning ? ""? 是"" : ""? 否"","
ignore-comment,Helpers\ReportPreviewHelper.cs,470,/// 添加医生意见
maybe,Helpers\ReportPreviewHelper.cs,474,"AddSectionTitle(document, ""医生意见"");"
maybe,Helpers\ReportPreviewHelper.cs,479,"opinion = ""（暂无医生意见）"";"
ignore-comment,Helpers\ReportPreviewHelper.cs,502,/// 添加页脚
maybe,Helpers\ReportPreviewHelper.cs,516,"footerParagraph.Inlines.Add(new Run($""报告生成时间：{report.CreatedAt:yyyy年MM月dd日 HH:mm}""));"
must,Helpers\ReportPreviewHelper.cs,518,"footerParagraph.Inlines.Add(new Run($""状态：{GetReportStatusText(report.Status)}""));"
ignore,Helpers\ReportPreviewHelper.cs,523,#region 辅助方法
ignore-comment,Helpers\ReportPreviewHelper.cs,526,/// 添加区域标题
ignore-comment,Helpers\ReportPreviewHelper.cs,541,/// 添加分隔线
ignore-comment,Helpers\ReportPreviewHelper.cs,555,/// 创建信息表格
ignore-comment,Helpers\ReportPreviewHelper.cs,565,// 6列：标签-值 x 3
ignore-comment,Helpers\ReportPreviewHelper.cs,577,/// 创建标签单元格
ignore-comment,Helpers\ReportPreviewHelper.cs,590,/// 创建值单元格
ignore-comment,Helpers\ReportPreviewHelper.cs,603,/// 创建参数单元格
ignore-comment,Helpers\ReportPreviewHelper.cs,617,// 标签
ignore-comment,Helpers\ReportPreviewHelper.cs,626,// 值
ignore-comment,Helpers\ReportPreviewHelper.cs,637,// 单位
ignore-comment,Helpers\ReportPreviewHelper.cs,652,/// 掩码证件号
ignore-comment,Helpers\ReportPreviewHelper.cs,662,/// 获取测量状态文本
maybe,Helpers\ReportPreviewHelper.cs,668,"MeasurementStatus.Pending => ""待处理"","
maybe,Helpers\ReportPreviewHelper.cs,669,"MeasurementStatus.InProgress => ""分析中"","
maybe,Helpers\ReportPreviewHelper.cs,670,"MeasurementStatus.Completed => ""已完成"","
maybe,Helpers\ReportPreviewHelper.cs,671,"MeasurementStatus.Cancelled => ""待处理"","
maybe,Helpers\ReportPreviewHelper.cs,672,"MeasurementStatus.Failed => ""分析失败"","
maybe,Helpers\ReportPreviewHelper.cs,673,"_ => ""未知"""
ignore-comment,Helpers\ReportPreviewHelper.cs,678,/// 获取报告状态文本
must,Helpers\ReportPreviewHelper.cs,684,"ReportStatus.Draft => ""待生成"","
must,Helpers\ReportPreviewHelper.cs,685,"ReportStatus.Completed => ""已生成"","
must,Helpers\ReportPreviewHelper.cs,686,"ReportStatus.Printed => ""已生成"","
must,Helpers\ReportPreviewHelper.cs,687,"ReportStatus.Outdated => ""需重新生成"","
maybe,Helpers\ReportPreviewHelper.cs,688,"_ => ""未知"""
ignore-comment,Models\AppSettings.cs,6,/// 应用设置模型
ignore-comment,Models\AppSettings.cs,11,/// 应用设置
ignore-comment,Models\AppSettings.cs,16,/// 数据库设置
ignore-comment,Models\AppSettings.cs,21,/// 自动备份设置
ignore-comment,Models\AppSettings.cs,26,/// 单位设置
ignore-comment,Models\AppSettings.cs,31,/// 登录凭据设置
ignore-comment,Models\AppSettings.cs,36,/// 算法配置
ignore-comment,Models\AppSettings.cs,41,/// 在线更新配置
ignore-comment,Models\AppSettings.cs,47,/// 应用程序设置
ignore-comment,Models\AppSettings.cs,52,/// 语言
ignore-comment,Models\AppSettings.cs,57,/// 主题
ignore-comment,Models\AppSettings.cs,62,/// 主题色（十六进制颜色值，如 #FF009EDB）
ignore-comment,Models\AppSettings.cs,68,/// 在线更新设置
ignore-comment,Models\AppSettings.cs,73,/// 是否启用在线更新检查
ignore-comment,Models\AppSettings.cs,78,/// 更新配置地址
ignore-comment,Models\AppSettings.cs,83,/// 检查间隔天数
ignore-comment,Models\AppSettings.cs,88,/// 最近检查日期
ignore-comment,Models\AppSettings.cs,93,/// 有更新时是否显示更新内容
ignore-comment,Models\AppSettings.cs,99,/// 数据库设置
ignore-comment,Models\AppSettings.cs,104,/// 数据库文件路径
ignore-comment,Models\AppSettings.cs,110,/// 自动备份设置
ignore-comment,Models\AppSettings.cs,115,/// 是否启用
ignore-comment,Models\AppSettings.cs,120,/// 备份频率
ignore-comment,Models\AppSettings.cs,125,/// 备份时间
ignore-comment,Models\AppSettings.cs,130,/// 保留数量
ignore-comment,Models\AppSettings.cs,136,/// 单位设置
ignore-comment,Models\AppSettings.cs,141,/// 单位名称
ignore-comment,Models\AppSettings.cs,146,/// Logo路径
ignore-comment,Models\AppSettings.cs,152,/// 登录凭据设置
ignore-comment,Models\AppSettings.cs,157,/// 是否记住密码
ignore-comment,Models\AppSettings.cs,162,/// 账号
ignore-comment,Models\AppSettings.cs,167,/// 密码哈希（加密存储）
ignore-comment,Models\AppSettings.cs,173,/// 算法配置
ignore-comment,Models\AppSettings.cs,178,/// 算法程序路径（默认 Algorithm/gait_analysis.exe）
ignore-comment,Models\AppSettings.cs,183,/// 分析超时时间（分钟）
ignore-comment,Models\AppSettings.cs,188,/// 算法版本号
ignore-comment,Models\AppSettings.cs,193,/// 模型版本号
ignore-comment,Models\AppSettings.cs,198,/// 侧向相机与步道距离（m），算法必填参数
ignore-comment,Models\AppUpdateInfo.cs,4,/// 在线更新信息。
ignore-comment,Models\Department.cs,6,/// 科室模型
ignore-comment,Models\Department.cs,12,/// 科室ID
ignore-comment,Models\Department.cs,18,/// 科室名称
ignore-comment,Models\Department.cs,24,/// 科室代码
ignore-comment,Models\Department.cs,30,/// 科室描述
ignore-comment,Models\Department.cs,36,/// 科室电话
ignore-comment,Models\Department.cs,42,/// 创建时间
ignore-comment,Models\Department.cs,48,/// 更新时间
ignore-comment,Models\GaitParameters.cs,6,/// 步态参数模型
ignore-comment,Models\GaitParameters.cs,12,/// 参数ID
ignore-comment,Models\GaitParameters.cs,18,/// 测量记录ID
ignore-comment,Models\GaitParameters.cs,24,/// 步长 (cm) - 左脚
ignore-comment,Models\GaitParameters.cs,30,/// 步长 (cm) - 右脚
ignore-comment,Models\GaitParameters.cs,36,/// 跨步长 - 左脚（对应数据库 StepLengthLeft）
ignore-comment,Models\GaitParameters.cs,42,/// 跨步长 - 右脚（对应数据库 StepLengthRight）
ignore-comment,Models\GaitParameters.cs,48,/// 步频 (步/分钟)
ignore-comment,Models\GaitParameters.cs,54,/// 步速 (m/s)
ignore-comment,Models\GaitParameters.cs,60,/// 支撑相时间百分比 - 左脚 (%)
ignore-comment,Models\GaitParameters.cs,66,/// 支撑相时间百分比 - 右脚 (%)
ignore-comment,Models\GaitParameters.cs,72,/// 摆动相时间百分比 - 左脚 (%)
ignore-comment,Models\GaitParameters.cs,78,/// 摆动相时间百分比 - 右脚 (%)
ignore-comment,Models\GaitParameters.cs,84,/// 双支撑相时间百分比 (%)
ignore-comment,Models\GaitParameters.cs,90,/// 单支撑相时间百分比 (%)
ignore-comment,Models\GaitParameters.cs,96,/// 步态对称性指数
ignore-comment,Models\GaitParameters.cs,102,/// 原始数据JSON (用于存储详细的时间序列数据)
ignore-comment,Models\GaitParameters.cs,108,/// 创建时间
ignore,Models\GaitParameters.cs,113,#region 算法输出映射字段（新增）
ignore-comment,Models\GaitParameters.cs,116,/// 关联分析结果 ID（可选，向前兼容历史数据）
ignore-comment,Models\GaitParameters.cs,122,/// 步态周期时长 (s)
ignore-comment,Models\GaitParameters.cs,128,/// 站立相时间 (s)（原始值）
ignore-comment,Models\GaitParameters.cs,134,/// 摆动相时间 (s)（原始值）
ignore-comment,Models\GaitParameters.cs,140,/// 双支撑相时间 (s)（原始值）
ignore-comment,Models\GaitParameters.cs,146,/// 单支撑相时间 (s)（原始值）
ignore-comment,Models\GaitParameters.cs,152,/// 步长 (m)（算法原始单值）
ignore-comment,Models\GaitParameters.cs,158,/// 步幅 (m)（算法原始单值）
ignore-comment,Models\GaitParameters.cs,164,/// 步速 (m/s)（算法原始值）
ignore-comment,Models\GaitParameters.cs,172,/// 步宽 (cm)（忽略，不存在于当前数据库）
ignore-comment,Models\GaitParameters.cs,178,/// 步态周期时间 - 左脚 (秒)（忽略）
ignore-comment,Models\GaitParameters.cs,184,/// 步态周期时间 - 右脚 (秒)（忽略）
ignore-comment,Models\GaitParameters.cs,190,/// 步态变异系数（忽略）
ignore-comment,Models\GaitParameters.cs,196,/// 更新时间（忽略，当前数据库无此字段）
ignore-comment,Models\MeasurementRecord.cs,8,/// 测量记录模型
ignore-comment,Models\MeasurementRecord.cs,14,/// 记录ID
ignore-comment,Models\MeasurementRecord.cs,20,/// 患者ID
ignore-comment,Models\MeasurementRecord.cs,26,/// 患者信息（导航属性）
ignore-comment,Models\MeasurementRecord.cs,32,/// 操作员ID（对应数据库 UserId 字段）
ignore-comment,Models\MeasurementRecord.cs,38,/// 操作员信息（导航属性）
ignore-comment,Models\MeasurementRecord.cs,44,/// 测量日期时间
ignore-comment,Models\MeasurementRecord.cs,50,/// 测量状态
ignore-comment,Models\MeasurementRecord.cs,56,/// 视频文件路径（对应数据库 VideoPath 字段）
ignore-comment,Models\MeasurementRecord.cs,62,/// 测量持续时间 (秒)（对应数据库 Duration 字段）
ignore-comment,Models\MeasurementRecord.cs,68,/// 是否为游客数据
ignore-comment,Models\MeasurementRecord.cs,74,/// 备注
ignore-comment,Models\MeasurementRecord.cs,80,/// 创建时间
ignore-comment,Models\MeasurementRecord.cs,86,/// 更新时间
ignore-comment,Models\MeasurementRecord.cs,92,/// 步态参数ID（忽略，不存在于数据库）
ignore-comment,Models\MeasurementRecord.cs,98,/// 步态参数（导航属性）
ignore,Models\MeasurementRecord.cs,103,#region 测量评估模块扩展字段
ignore-comment,Models\MeasurementRecord.cs,106,/// 测量名称
ignore-comment,Models\MeasurementRecord.cs,112,/// 测量类型
ignore-comment,Models\MeasurementRecord.cs,118,/// 正面视频路径
ignore-comment,Models\MeasurementRecord.cs,124,/// 侧面视频路径
ignore-comment,Models\MeasurementRecord.cs,130,/// 视频规格
ignore-comment,Models\MeasurementRecord.cs,136,/// 步道长度 (米)
ignore-comment,Models\MeasurementRecord.cs,142,/// 导入策略（复制/引用）
ignore-comment,Models\MeasurementRecord.cs,148,/// 视频导入模式（导入/采集）
ignore-comment,Models\MeasurementRecord.cs,154,/// 当前分析阶段
ignore-comment,Models\MeasurementRecord.cs,160,/// 关键点分析完成
ignore-comment,Models\MeasurementRecord.cs,166,/// 事件分析完成
ignore-comment,Models\MeasurementRecord.cs,172,/// 运动学分析完成
ignore-comment,Models\MeasurementRecord.cs,178,/// 测量目录路径（相对路径）
ignore,Models\MeasurementRecord.cs,185,#region 辅助属性（非数据库字段）
ignore-comment,Models\MeasurementRecord.cs,188,/// 是否有正面视频
ignore-comment,Models\MeasurementRecord.cs,194,/// 是否有侧面视频
ignore-comment,Models\MeasurementRecord.cs,200,/// 是否有双视频（可进行分析）
ignore-comment,Models\MeasurementRecord.cs,206,/// 分析结果列表（导航属性，一次测量可关联多次分析结果）
ignore-comment,Models\MeasurementRecord.cs,212,/// 最新成功分析结果（导航属性）
ignore-comment,Models\NavigationItem.cs,7,/// 导航菜单项模型
ignore-comment,Models\NavigationItem.cs,12,/// 菜单项标识
ignore-comment,Models\NavigationItem.cs,18,/// 显示标题
ignore-comment,Models\NavigationItem.cs,24,/// 资源键（用于多语言）
ignore-comment,Models\NavigationItem.cs,30,/// 图标名称（Material Design Icon）
ignore-comment,Models\NavigationItem.cs,36,/// 是否选中
ignore-comment,Models\NavigationItem.cs,42,/// 是否启用
ignore-comment,Models\NavigationItem.cs,48,/// 对应的ViewModel类型名称
ignore-comment,Models\NavigationItem.cs,53,/// 从资源更新标题
ignore-comment,Models\NavigationItem.cs,69,// 如果找不到资源，保持原标题
ignore-comment,Models\Patient.cs,7,/// 患者模型
ignore-comment,Models\Patient.cs,13,/// 患者ID
ignore-comment,Models\Patient.cs,19,/// 姓名
ignore-comment,Models\Patient.cs,25,/// 性别
ignore-comment,Models\Patient.cs,31,/// 出生日期
ignore-comment,Models\Patient.cs,37,/// 电话
ignore-comment,Models\Patient.cs,43,/// 证件号
ignore-comment,Models\Patient.cs,49,/// 住院号
ignore-comment,Models\Patient.cs,55,/// 身高 (cm)
ignore-comment,Models\Patient.cs,61,/// 体重 (kg)
ignore-comment,Models\Patient.cs,67,/// 地址
ignore-comment,Models\Patient.cs,73,/// 病史
ignore-comment,Models\Patient.cs,79,/// 备注
ignore-comment,Models\Patient.cs,85,/// 状态
ignore-comment,Models\Patient.cs,91,/// 创建人ID
ignore-comment,Models\Patient.cs,97,/// 创建时间
ignore-comment,Models\Patient.cs,103,/// 更新时间
ignore-comment,Models\Patient.cs,109,/// 计算年龄
ignore-comment,Models\Patient.cs,125,/// 性别显示文本
must,Models\Patient.cs,128,"public string GenderDisplay => Gender == Gender.Male ? ""男"" : ""女"";"
ignore-comment,Models\Patient.cs,131,/// 身高显示文本
ignore-comment,Models\Report.cs,8,/// 报告模型
ignore-comment,Models\Report.cs,14,/// 报告ID
ignore-comment,Models\Report.cs,20,/// 测量记录ID
ignore-comment,Models\Report.cs,26,/// 测量记录（导航属性）
ignore-comment,Models\Report.cs,32,/// 患者ID
ignore-comment,Models\Report.cs,38,/// 患者信息（导航属性）
ignore-comment,Models\Report.cs,44,/// 创建者ID（对应数据库 UserId 字段）
ignore-comment,Models\Report.cs,50,/// 创建者（导航属性）
ignore-comment,Models\Report.cs,56,/// 报告编号
ignore-comment,Models\Report.cs,62,/// 报告标题
ignore-comment,Models\Report.cs,68,/// 报告日期
ignore-comment,Models\Report.cs,74,/// 医生意见
ignore-comment,Models\Report.cs,80,/// 报告状态
ignore-comment,Models\Report.cs,86,/// PDF文件路径
ignore-comment,Models\Report.cs,92,/// 分析结果ID
ignore-comment,Models\Report.cs,98,/// 报告配置快照
ignore-comment,Models\Report.cs,104,/// Word文件路径
ignore-comment,Models\Report.cs,110,/// 创建时间
ignore-comment,Models\Report.cs,116,/// 更新时间
ignore-comment,Models\Report.cs,121,// ============ 以下字段不在数据库中，用 IsIgnore 标记 ============
ignore-comment,Models\Report.cs,124,/// 测量记录ID（兼容旧属性名）
ignore-comment,Models\Report.cs,134,/// 主诉（忽略）
ignore-comment,Models\Report.cs,140,/// 现病史（忽略）
ignore-comment,Models\Report.cs,146,/// 检查结果（忽略）
ignore-comment,Models\Report.cs,152,/// 结论（忽略）
ignore-comment,Models\Report.cs,158,/// 医生建议（忽略）
ignore-comment,Models\Report.cs,164,/// 报告医生姓名（忽略）
ignore-comment,Models\Report.cs,170,/// 报告生成时间（兼容旧属性名）
ignore-comment,Models\Report.cs,180,/// 报告完成时间（忽略）
ignore-comment,Models\Report.cs,186,/// 打印时间（忽略）
ignore-comment,Models\Report.cs,191,// ============ 分析数据导航属性（不入库，报告增强用） ============
ignore-comment,Models\Report.cs,194,/// 运动学汇总（导航属性，从 AnalysisResult 加载）
ignore-comment,Models\Report.cs,200,/// 质量控制信息（导航属性，从 AnalysisResult 加载）
ignore-comment,Models\Report.cs,206,/// 分析结果（导航属性，从 AnalysisResult 加载）
ignore-comment,Models\SystemSetting.cs,6,/// 系统设置模型
ignore-comment,Models\SystemSetting.cs,12,/// 设置键
ignore-comment,Models\SystemSetting.cs,18,/// 设置值
ignore-comment,Models\SystemSetting.cs,24,/// 值类型
ignore-comment,Models\SystemSetting.cs,30,/// 更新时间
ignore-comment,Models\User.cs,7,/// 用户模型
ignore-comment,Models\User.cs,13,/// 用户ID
ignore-comment,Models\User.cs,19,/// 账号
ignore-comment,Models\User.cs,25,/// 密码哈希
ignore-comment,Models\User.cs,31,/// 密码盐值
ignore-comment,Models\User.cs,37,/// 姓名
ignore-comment,Models\User.cs,43,/// 电话
ignore-comment,Models\User.cs,49,/// 角色
ignore-comment,Models\User.cs,55,/// 科室ID
ignore-comment,Models\User.cs,61,/// 是否启用
ignore-comment,Models\User.cs,67,/// 是否内置账号（不可删除）
ignore-comment,Models\User.cs,73,/// 最后登录时间
ignore-comment,Models\User.cs,79,/// 创建时间
ignore-comment,Models\User.cs,85,/// 更新时间
ignore-comment,ViewModels\ActivationViewModel.cs,11,/// 软件激活界面 ViewModel。
maybe,ViewModels\ActivationViewModel.cs,51,"private string _message = ""在线激活需要填写产品编号；离线激活只需填写激活码。"";"
must,ViewModels\ActivationViewModel.cs,87,"Message = ""机器码已复制。"";"
maybe,ViewModels\ActivationViewModel.cs,95,"$""软件名称：{EquipmentName}"","
maybe,ViewModels\ActivationViewModel.cs,96,"$""产品型号：{EquipmentModel}"","
maybe,ViewModels\ActivationViewModel.cs,97,"$""CPU编号：{CpuId}"","
maybe,ViewModels\ActivationViewModel.cs,98,"$""硬盘信息：{DiskId}"","
maybe,ViewModels\ActivationViewModel.cs,99,"$""BIOS编号：{BiosId}"","
maybe,ViewModels\ActivationViewModel.cs,100,"$""机器码：{MachineCode}"""
must,ViewModels\ActivationViewModel.cs,104,"Message = ""设备信息已复制，可用于离线生成激活码。"";"
must,ViewModels\ActivationViewModel.cs,113,"Message = ""正在进行在线激活，请稍候..."";"
must,ViewModels\ActivationViewModel.cs,148,"MessageBox.Show(result.Message, ""激活失败"", MessageBoxButton.OK, MessageBoxImage.Warning);"
must,ViewModels\ActivationViewModel.cs,152,"MessageBox.Show(result.Message, ""激活成功"", MessageBoxButton.OK, MessageBoxImage.Information);"
must,ViewModels\CameraCaptureDialogViewModel.cs,53,"private string _sideCameraStatus = ""未检测"";"
must,ViewModels\CameraCaptureDialogViewModel.cs,57,"private string _frontCameraStatus = ""未检测"";"
must,ViewModels\CameraCaptureDialogViewModel.cs,106,"private string _statusText = ""预览中"";"
maybe,ViewModels\CameraCaptureDialogViewModel.cs,161,"new(""高帧率"", 59),"
maybe,ViewModels\CameraCaptureDialogViewModel.cs,162,"new(""中帧率"", 45),"
maybe,ViewModels\CameraCaptureDialogViewModel.cs,163,"new(""低帧率"", 30)"
must,ViewModels\CameraCaptureDialogViewModel.cs,191,"public string ModeText => IsDualMode ? ""双视角视频采集"" : ""单视角视频采集"";"
must,ViewModels\CameraCaptureDialogViewModel.cs,193,"public string PrimaryActionText => CaptureState == CameraCaptureUiState.Completed ? ""重新录制"" : ""开始录制"";"
maybe,ViewModels\CameraCaptureDialogViewModel.cs,197,": IsTranscodingVisible ? ""视频录制完成，正在转码"" : IsRecordingState ? ""正在录制"" : string.Empty;"
must,ViewModels\CameraCaptureDialogViewModel.cs,417,"var newFrontStatus = IsDualMode ? await ProbeCameraAsync(FrontCameraName, cancellationToken) : ""未启用"";"
maybe,ViewModels\CameraCaptureDialogViewModel.cs,481,"if (!DiskSpaceGuard.EnsureProgramDriveHasSpace(""视频录制""))"
must,ViewModels\CameraCaptureDialogViewModel.cs,502,"StatusText = ""准备录制"";"
must,ViewModels\CameraCaptureDialogViewModel.cs,510,"StatusText = ""录制中"";"
must,ViewModels\CameraCaptureDialogViewModel.cs,571,"StatusText = ""录制完成"";"
maybe,ViewModels\CameraCaptureDialogViewModel.cs,572,"AppendLog(""录制和转码完成。"");"
must,ViewModels\CameraCaptureDialogViewModel.cs,577,"StatusText = ""已取消"";"
maybe,ViewModels\CameraCaptureDialogViewModel.cs,578,"AppendLog(""录制已取消。"");"
must,ViewModels\CameraCaptureDialogViewModel.cs,584,"StatusText = ""录制失败"";"
maybe,ViewModels\CameraCaptureDialogViewModel.cs,585,"AppendLog($""错误: {ex.Message}"");"
must,ViewModels\CameraCaptureDialogViewModel.cs,611,"StatusText = $""准备录制，{remaining}s 后开始"";"
must,ViewModels\CameraCaptureDialogViewModel.cs,662,"StatusText = ""转码准备中"";"
maybe,ViewModels\CameraCaptureDialogViewModel.cs,663,"AppendLog(""录制阶段完成。"");"
must,ViewModels\CameraCaptureDialogViewModel.cs,672,"StatusText = ""转码中"";"
maybe,ViewModels\CameraCaptureDialogViewModel.cs,673,"AppendLog(""开始转码。"");"
must,ViewModels\CameraCaptureDialogViewModel.cs,680,"StatusText = ""录制完成"";"
maybe,ViewModels\CameraCaptureDialogViewModel.cs,681,"AppendLog(""全部任务完成。"");"
must,ViewModels\CameraCaptureDialogViewModel.cs,712,"StatusText = ""预览中"";"
maybe,ViewModels\CameraCaptureDialogViewModel.cs,729,"return ""未配置"";"
maybe,ViewModels\CameraCaptureDialogViewModel.cs,734,"return ""FFmpeg缺失"";"
maybe,ViewModels\CameraCaptureDialogViewModel.cs,754,"return output.Contains(cameraName, StringComparison.OrdinalIgnoreCase) ? ""已连接"" : ""未发现"";"
maybe,ViewModels\CameraCaptureDialogViewModel.cs,762,"return ""检测失败"";"
maybe,ViewModels\CameraCaptureDialogViewModel.cs,904,"AppendLog($""预览启动失败({cameraName}): {ex.Message}"");"
maybe,ViewModels\CameraCaptureDialogViewModel.cs,917,"AppendLog($""预览({cameraName}): {line}"");"
maybe,ViewModels\CameraCaptureDialogViewModel.cs,1177,"AppendLog($""首帧加载失败: {error.Trim()}"");"
maybe,ViewModels\CameraCaptureDialogViewModel.cs,1192,"AppendLog($""首帧加载失败: {ex.Message}"");"
maybe,ViewModels\CameraCaptureDialogViewModel.cs,1278,"return string.Equals(status, ""已连接"", StringComparison.Ordinal)"
ignore-comment,ViewModels\DataManagementViewModel.cs,15,/// 数据管理视图模型
ignore-comment,ViewModels\DataManagementViewModel.cs,30,/// 全局选中的记录ID集合（跨页面持久化）
ignore,ViewModels\DataManagementViewModel.cs,34,#region 筛选条件
ignore-comment,ViewModels\DataManagementViewModel.cs,37,/// 患者姓名筛选
ignore-comment,ViewModels\DataManagementViewModel.cs,43,/// 开始日期筛选
ignore-comment,ViewModels\DataManagementViewModel.cs,49,/// 结束日期筛选
ignore-comment,ViewModels\DataManagementViewModel.cs,55,/// 状态筛选
ignore-comment,ViewModels\DataManagementViewModel.cs,61,/// 最大日期（今天）
ignore-comment,ViewModels\DataManagementViewModel.cs,66,/// 状态选项列表
must,ViewModels\DataManagementViewModel.cs,70,"new StatusOption { Value = null, Display = ""全部"" },"
must,ViewModels\DataManagementViewModel.cs,71,"new StatusOption { Value = MeasurementStatus.Pending, Display = ""待处理"" },"
must,ViewModels\DataManagementViewModel.cs,72,"new StatusOption { Value = MeasurementStatus.InProgress, Display = ""分析中"" },"
must,ViewModels\DataManagementViewModel.cs,73,"new StatusOption { Value = MeasurementStatus.Completed, Display = ""已完成"" },"
must,ViewModels\DataManagementViewModel.cs,74,"new StatusOption { Value = MeasurementStatus.Failed, Display = ""分析失败"" }"
ignore-comment,ViewModels\DataManagementViewModel.cs,78,/// 选中的状态选项
ignore,ViewModels\DataManagementViewModel.cs,85,#region 数据列表
ignore-comment,ViewModels\DataManagementViewModel.cs,88,/// 测量记录列表
ignore-comment,ViewModels\DataManagementViewModel.cs,94,/// 选中的记录
ignore-comment,ViewModels\DataManagementViewModel.cs,100,/// 是否全选
ignore-comment,ViewModels\DataManagementViewModel.cs,111,/// 全选状态：0=未选，1=部分选，2=全选。
ignore-comment,ViewModels\DataManagementViewModel.cs,126,/// 是否正在更新选中状态（防止循环触发）
ignore,ViewModels\DataManagementViewModel.cs,132,#region 分页
ignore-comment,ViewModels\DataManagementViewModel.cs,135,/// 当前页码
ignore-comment,ViewModels\DataManagementViewModel.cs,141,/// 总页数
ignore-comment,ViewModels\DataManagementViewModel.cs,147,/// 总记录数
ignore-comment,ViewModels\DataManagementViewModel.cs,153,/// 已选记录数
ignore-comment,ViewModels\DataManagementViewModel.cs,159,/// 分页页码集合
ignore-comment,ViewModels\DataManagementViewModel.cs,170,/// 是否允许上一页
ignore-comment,ViewModels\DataManagementViewModel.cs,181,/// 是否允许下一页
ignore-comment,ViewModels\DataManagementViewModel.cs,192,/// 跳转页码输入
ignore-comment,ViewModels\DataManagementViewModel.cs,198,/// 每页记录数
ignore,ViewModels\DataManagementViewModel.cs,208,#region 权限
ignore-comment,ViewModels\DataManagementViewModel.cs,211,/// 是否可导出
ignore-comment,ViewModels\DataManagementViewModel.cs,217,/// 是否可删除
ignore-comment,ViewModels\DataManagementViewModel.cs,223,/// 是否可批量操作
ignore,ViewModels\DataManagementViewModel.cs,230,#region 加载状态
ignore-comment,ViewModels\DataManagementViewModel.cs,233,/// 是否正在加载
ignore-comment,ViewModels\DataManagementViewModel.cs,241,/// 构造函数
ignore-comment,ViewModels\DataManagementViewModel.cs,264,// 设置权限
ignore-comment,ViewModels\DataManagementViewModel.cs,267,// 设置默认状态选项
ignore-comment,ViewModels\DataManagementViewModel.cs,270,// 加载数据
ignore-comment,ViewModels\DataManagementViewModel.cs,275,/// 初始化权限
ignore-comment,ViewModels\DataManagementViewModel.cs,285,/// 加载数据
ignore-comment,ViewModels\DataManagementViewModel.cs,305,// 在UI线程更新属性和集合
ignore-comment,ViewModels\DataManagementViewModel.cs,314,// 确保当前页有效
ignore-comment,ViewModels\DataManagementViewModel.cs,320,// 转换为视图项
ignore-comment,ViewModels\DataManagementViewModel.cs,327,// 恢复之前的选中状态
ignore-comment,ViewModels\DataManagementViewModel.cs,336,// 更新选中状态
maybe,ViewModels\DataManagementViewModel.cs,341,"_logHelper?.Information($""加载测量数据：第{CurrentPage}页，共{TotalRecords}条，已选中{_globalSelectedIds.Count}条"");"
ignore-comment,ViewModels\DataManagementViewModel.cs,345,// 操作被取消，忽略
maybe,ViewModels\DataManagementViewModel.cs,351,"_logHelper?.Error(""加载测量数据失败"", ex);"
ignore-comment,ViewModels\DataManagementViewModel.cs,364,// 忽略关闭时的异常
ignore-comment,ViewModels\DataManagementViewModel.cs,371,/// 构建分页页码项集合（支持省略号）
ignore-comment,ViewModels\DataManagementViewModel.cs,415,/// 根据列表可视高度更新每页容量，最大不超过 7 条。
ignore-comment,ViewModels\DataManagementViewModel.cs,417,"/// <param name=""viewportHeight"">列表内容区可视高度。</param>"
ignore-comment,ViewModels\DataManagementViewModel.cs,448,/// 更新选中状态
ignore-comment,ViewModels\DataManagementViewModel.cs,458,// 更新全局选中数量（显示所有页面的选中总数）
ignore-comment,ViewModels\DataManagementViewModel.cs,461,// 全选状态：当前页所有项都选中
ignore-comment,ViewModels\DataManagementViewModel.cs,464,// 只在值真正改变时更新，避免触发不必要的通知
ignore,ViewModels\DataManagementViewModel.cs,479,#region 日期联动逻辑
ignore-comment,ViewModels\DataManagementViewModel.cs,483,// 如果开始日期大于结束日期，修正结束日期
ignore-comment,ViewModels\DataManagementViewModel.cs,492,// 如果结束日期小于开始日期，修正开始日期
ignore,ViewModels\DataManagementViewModel.cs,501,#region 命令
ignore-comment,ViewModels\DataManagementViewModel.cs,504,/// 搜索命令
ignore-comment,ViewModels\DataManagementViewModel.cs,512,// 搜索时清空选中状态
maybe,ViewModels\DataManagementViewModel.cs,516,"_logHelper?.Information($""搜索测量数据：姓名={FilterPatientName}, 状态={FilterStatus}"");"
ignore-comment,ViewModels\DataManagementViewModel.cs,520,/// 重置筛选条件命令
ignore-comment,ViewModels\DataManagementViewModel.cs,530,// 重置时清空选中状态
maybe,ViewModels\DataManagementViewModel.cs,535,"_logHelper?.Information(""重置筛选条件"");"
ignore-comment,ViewModels\DataManagementViewModel.cs,539,/// 查看详情命令
maybe,ViewModels\DataManagementViewModel.cs,558,"_logHelper?.Information($""查看分析详情：ID={item.Record.Id}"");"
maybe,ViewModels\DataManagementViewModel.cs,562,"_logHelper?.Error($""打开详情对话框失败：ID={item.Record.Id}"", ex);"
must,ViewModels\DataManagementViewModel.cs,563,"MessageBox.Show($""打开详情弹窗失败：{ex.Message}"", ""错误"", MessageBoxButton.OK, MessageBoxImage.Error);"
ignore-comment,ViewModels\DataManagementViewModel.cs,568,/// 根据测量状态继续处理当前记录。
must,ViewModels\DataManagementViewModel.cs,585,"MessageBox.Show(decision.Message, ""提示"", MessageBoxButton.OK, MessageBoxImage.Information);"
maybe,ViewModels\DataManagementViewModel.cs,590,"_logHelper?.Information($""继续处理测量：ID={item.Record.Id}, Step={decision.TargetStep}, Action={decision.ActionText}"");"
maybe,ViewModels\DataManagementViewModel.cs,594,"_logHelper?.Error($""继续处理测量失败：ID={item.Record.Id}"", ex);"
must,ViewModels\DataManagementViewModel.cs,595,"MessageBox.Show($""继续处理失败：{ex.Message}"", ""错误"", MessageBoxButton.OK, MessageBoxImage.Error);"
ignore-comment,ViewModels\DataManagementViewModel.cs,638,/// 导出单条命令
must,ViewModels\DataManagementViewModel.cs,649,"Title = ""导出测量结果包"","
maybe,ViewModels\DataManagementViewModel.cs,650,"Filter = ""BTFX测量结果包 (*.btfxpkg)|*.btfxpkg"","
must,ViewModels\DataManagementViewModel.cs,651,"FileName = $""测量结果包_{item.Record.Patient?.Name}_{item.Record.MeasurementDate:yyyyMMdd_HHmmss}.btfxpkg"""
maybe,ViewModels\DataManagementViewModel.cs,657,"""导出测量结果包"","
maybe,ViewModels\DataManagementViewModel.cs,658,"""正在导出"","
maybe,ViewModels\DataManagementViewModel.cs,659,"""正在准备测量结果包..."","
must,ViewModels\DataManagementViewModel.cs,668,"System.Windows.MessageBox.Show(result.Message, ""提示"", System.Windows.MessageBoxButton.OK, System.Windows.MessageBoxImage.Information);"
maybe,ViewModels\DataManagementViewModel.cs,669,"_logHelper?.Information($""导出测量结果包：ID={item.Record.Id}, 文件={dialog.FileName}"");"
must,ViewModels\DataManagementViewModel.cs,673,"System.Windows.MessageBox.Show(result.Message, ""错误"", System.Windows.MessageBoxButton.OK, System.Windows.MessageBoxImage.Error);"
must,ViewModels\DataManagementViewModel.cs,679,"System.Windows.MessageBox.Show(""导出已取消。"", ""提示"", System.Windows.MessageBoxButton.OK, System.Windows.MessageBoxImage.Information);"
maybe,ViewModels\DataManagementViewModel.cs,683,"_logHelper?.Error($""导出测量结果包失败：ID={item.Record.Id}"", ex);"
must,ViewModels\DataManagementViewModel.cs,684,"System.Windows.MessageBox.Show($""导出失败：{ex.Message}"", ""错误"", System.Windows.MessageBoxButton.OK, System.Windows.MessageBoxImage.Error);"
ignore-comment,ViewModels\DataManagementViewModel.cs,689,/// 删除单条命令
maybe,ViewModels\DataManagementViewModel.cs,697,"""确认删除"","
maybe,ViewModels\DataManagementViewModel.cs,698,"$""确定要删除 {item.Record.Patient?.Name} 的测量记录吗？\n此操作不可恢复。"","
maybe,ViewModels\DataManagementViewModel.cs,710,"_logHelper?.Information($""删除测量记录：ID={item.Record.Id}"");"
maybe,ViewModels\DataManagementViewModel.cs,711,"await ShowNoticeDialogAsync(""提示"", ""删除成功！"");"
maybe,ViewModels\DataManagementViewModel.cs,716,"_logHelper?.Error($""删除测量记录失败：ID={item.Record.Id}"", ex);"
maybe,ViewModels\DataManagementViewModel.cs,717,"await ShowNoticeDialogAsync(""错误"", $""删除失败：{ex.Message}"");"
ignore-comment,ViewModels\DataManagementViewModel.cs,722,/// 全选/取消全选命令
ignore-comment,ViewModels\DataManagementViewModel.cs,733,// 注意：IsAllSelected 在此时已经被UI更新了
ignore-comment,ViewModels\DataManagementViewModel.cs,734,// 所以这里直接使用 IsAllSelected 的新值即可
ignore-comment,ViewModels\DataManagementViewModel.cs,741,// 更新全局选中ID集合
ignore-comment,ViewModels\DataManagementViewModel.cs,752,// 更新选中数量
ignore-comment,ViewModels\DataManagementViewModel.cs,764,/// 项目选中状态改变（由单个复选框触发）
ignore-comment,ViewModels\DataManagementViewModel.cs,766,"/// <param name=""item"">变化的项</param>"
ignore-comment,ViewModels\DataManagementViewModel.cs,775,// 同步全局选中ID集合
ignore-comment,ViewModels\DataManagementViewModel.cs,785,// 更新选中数量
ignore-comment,ViewModels\DataManagementViewModel.cs,788,// 更新全选状态
ignore-comment,ViewModels\DataManagementViewModel.cs,805,/// 项目选中状态改变命令（保留用于兼容）
ignore-comment,ViewModels\DataManagementViewModel.cs,816,/// 批量导出命令
must,ViewModels\DataManagementViewModel.cs,825,"System.Windows.MessageBox.Show(""请先选择要导出的记录"", ""提示"", System.Windows.MessageBoxButton.OK, System.Windows.MessageBoxImage.Information);"
must,ViewModels\DataManagementViewModel.cs,833,"Title = ""批量导出测量结果包"","
maybe,ViewModels\DataManagementViewModel.cs,834,"Filter = ""BTFX测量结果包 (*.btfxpkg)|*.btfxpkg|ZIP结果包 (*.zip)|*.zip"","
must,ViewModels\DataManagementViewModel.cs,835,"FileName = $""测量结果包_批量导出_{DateTime.Now:yyyyMMdd_HHmmss}.btfxpkg"""
ignore-comment,ViewModels\DataManagementViewModel.cs,840,// 获取所有选中的记录（包括其他页面的）
maybe,ViewModels\DataManagementViewModel.cs,844,"""批量导出结果包"","
maybe,ViewModels\DataManagementViewModel.cs,845,"""正在导出"","
maybe,ViewModels\DataManagementViewModel.cs,846,"""正在准备批量测量结果包..."","
must,ViewModels\DataManagementViewModel.cs,855,"System.Windows.MessageBox.Show(result.Message, ""提示"", System.Windows.MessageBoxButton.OK, System.Windows.MessageBoxImage.Information);"
maybe,ViewModels\DataManagementViewModel.cs,856,"_logHelper?.Information($""批量导出测量结果包：{_globalSelectedIds.Count}条, 文件={dialog.FileName}"");"
must,ViewModels\DataManagementViewModel.cs,860,"System.Windows.MessageBox.Show(result.Message, ""错误"", System.Windows.MessageBoxButton.OK, System.Windows.MessageBoxImage.Error);"
must,ViewModels\DataManagementViewModel.cs,866,"System.Windows.MessageBox.Show(""批量导出已取消。"", ""提示"", System.Windows.MessageBoxButton.OK, System.Windows.MessageBoxImage.Information);"
maybe,ViewModels\DataManagementViewModel.cs,870,"_logHelper?.Error($""批量导出测量数据失败"", ex);"
must,ViewModels\DataManagementViewModel.cs,871,"System.Windows.MessageBox.Show($""批量导出失败：{ex.Message}"", ""错误"", System.Windows.MessageBoxButton.OK, System.Windows.MessageBoxImage.Error);"
ignore-comment,ViewModels\DataManagementViewModel.cs,876,/// 导入测量结果包
must,ViewModels\DataManagementViewModel.cs,887,"Title = ""导入测量结果包"","
maybe,ViewModels\DataManagementViewModel.cs,888,"Filter = ""BTFX测量结果包 (*.btfxpkg;*.zip)|*.btfxpkg;*.zip"""
maybe,ViewModels\DataManagementViewModel.cs,897,"""导入测量结果包"","
maybe,ViewModels\DataManagementViewModel.cs,898,"""正在导入"","
maybe,ViewModels\DataManagementViewModel.cs,899,"""正在读取测量结果包..."","
must,ViewModels\DataManagementViewModel.cs,910,"System.Windows.MessageBox.Show(result.Message, ""提示"", System.Windows.MessageBoxButton.OK, System.Windows.MessageBoxImage.Information);"
maybe,ViewModels\DataManagementViewModel.cs,911,"_logHelper?.Information($""导入测量结果包成功：{dialog.FileName}, Count={result.ImportedCount}"");"
must,ViewModels\DataManagementViewModel.cs,915,"System.Windows.MessageBox.Show(result.Message, ""错误"", System.Windows.MessageBoxButton.OK, System.Windows.MessageBoxImage.Error);"
must,ViewModels\DataManagementViewModel.cs,920,"System.Windows.MessageBox.Show(""导入已取消。"", ""提示"", System.Windows.MessageBoxButton.OK, System.Windows.MessageBoxImage.Information);"
maybe,ViewModels\DataManagementViewModel.cs,924,"_logHelper?.Error(""导入测量结果包失败"", ex);"
must,ViewModels\DataManagementViewModel.cs,925,"System.Windows.MessageBox.Show($""导入失败：{ex.Message}"", ""错误"", System.Windows.MessageBoxButton.OK, System.Windows.MessageBoxImage.Error);"
maybe,ViewModels\DataManagementViewModel.cs,957,"progressViewModel.MarkCompleted(""操作已完成。"");"
maybe,ViewModels\DataManagementViewModel.cs,966,"progressViewModel.MarkFailed(""操作已取消。"");"
maybe,ViewModels\DataManagementViewModel.cs,975,"progressViewModel.MarkFailed(""操作执行失败。"");"
ignore-comment,ViewModels\DataManagementViewModel.cs,1022,/// 批量删除命令
must,ViewModels\DataManagementViewModel.cs,1031,"System.Windows.MessageBox.Show(""请先选择要删除的记录"", ""提示"", System.Windows.MessageBoxButton.OK, System.Windows.MessageBoxImage.Information);"
maybe,ViewModels\DataManagementViewModel.cs,1036,"""确认批量删除"","
maybe,ViewModels\DataManagementViewModel.cs,1037,"$""确定要删除选中的 {_globalSelectedIds.Count} 条记录吗？\n此操作不可恢复。"","
maybe,ViewModels\DataManagementViewModel.cs,1048,"_logHelper?.Information($""批量删除测量记录：{count}条"");"
maybe,ViewModels\DataManagementViewModel.cs,1049,"await ShowNoticeDialogAsync(""提示"", $""成功删除 {count} 条记录！"");"
maybe,ViewModels\DataManagementViewModel.cs,1053,"_logHelper?.Error($""批量删除测量记录失败"", ex);"
maybe,ViewModels\DataManagementViewModel.cs,1054,"await ShowNoticeDialogAsync(""错误"", $""批量删除失败：{ex.Message}"");"
must,ViewModels\DataManagementViewModel.cs,1067,"ConfirmText = ""确定"","
must,ViewModels\DataManagementViewModel.cs,1068,"CancelText = ""取消"","
must,ViewModels\DataManagementViewModel.cs,1087,"ConfirmText = ""确定"","
ignore-comment,ViewModels\DataManagementViewModel.cs,1096,/// 上一页命令
ignore-comment,ViewModels\DataManagementViewModel.cs,1109,/// 下一页命令
ignore-comment,ViewModels\DataManagementViewModel.cs,1122,/// 跳转页命令
ignore-comment,ViewModels\DataManagementViewModel.cs,1139,/// 页码跳转命令
ignore-comment,ViewModels\DataManagementViewModel.cs,1155,/// 刷新命令
ignore-comment,ViewModels\DataManagementViewModel.cs,1168,/// 释放资源
ignore-comment,ViewModels\DataManagementViewModel.cs,1185,/// 测量记录项（包含行号和选中状态）
ignore-comment,ViewModels\DataManagementViewModel.cs,1190,/// 测量记录
ignore-comment,ViewModels\DataManagementViewModel.cs,1195,/// 行号
ignore-comment,ViewModels\DataManagementViewModel.cs,1200,/// 是否选中
ignore-comment,ViewModels\DataManagementViewModel.cs,1206,/// 患者姓名
ignore-comment,ViewModels\DataManagementViewModel.cs,1211,/// 性别显示
ignore-comment,ViewModels\DataManagementViewModel.cs,1216,/// 年龄
ignore-comment,ViewModels\DataManagementViewModel.cs,1221,/// 测量日期显示
ignore-comment,ViewModels\DataManagementViewModel.cs,1226,/// 状态显示
maybe,ViewModels\DataManagementViewModel.cs,1230,"MeasurementStatus.Pending => ""待处理"","
maybe,ViewModels\DataManagementViewModel.cs,1231,"MeasurementStatus.InProgress => ""分析中"","
maybe,ViewModels\DataManagementViewModel.cs,1232,"MeasurementStatus.Completed => ""已完成"","
maybe,ViewModels\DataManagementViewModel.cs,1233,"MeasurementStatus.Cancelled => ""待处理"","
maybe,ViewModels\DataManagementViewModel.cs,1234,"MeasurementStatus.Failed => ""分析失败"","
ignore-comment,ViewModels\DataManagementViewModel.cs,1239,/// 状态图标
ignore-comment,ViewModels\DataManagementViewModel.cs,1248,/// 状态背景色
ignore-comment,ViewModels\DataManagementViewModel.cs,1259,/// 状态前景色
ignore-comment,ViewModels\DataManagementViewModel.cs,1270,/// 状态颜色
maybe,ViewModels\DataManagementViewModel.cs,1284,"MeasurementStatus.Pending => ""继续处理"","
maybe,ViewModels\DataManagementViewModel.cs,1285,"MeasurementStatus.InProgress => ""查看进度"","
maybe,ViewModels\DataManagementViewModel.cs,1286,"MeasurementStatus.Completed => ""查看结果"","
maybe,ViewModels\DataManagementViewModel.cs,1287,"MeasurementStatus.Failed => ""重新分析"","
maybe,ViewModels\DataManagementViewModel.cs,1288,"_ => ""继续处理"""
ignore-comment,ViewModels\DataManagementViewModel.cs,1298,/// 构造函数
ignore-comment,ViewModels\DataManagementViewModel.cs,1308,/// 状态选项
ignore-comment,ViewModels\DataManagementViewModel.cs,1313,/// 状态值
ignore-comment,ViewModels\DataManagementViewModel.cs,1318,/// 显示文本
ignore-comment,ViewModels\DepartmentEditViewModel.cs,14,/// 科室编辑ViewModel
ignore-comment,ViewModels\DepartmentEditViewModel.cs,22,/// 是否为新增模式
ignore-comment,ViewModels\DepartmentEditViewModel.cs,27,/// 对话框标题
must,ViewModels\DepartmentEditViewModel.cs,29,"public string Title => IsNewDepartment ? ""添加科室"" : ""编辑科室"";"
ignore-comment,ViewModels\DepartmentEditViewModel.cs,33,/// 科室名称
ignore-comment,ViewModels\DepartmentEditViewModel.cs,43,/// 科室代码
ignore-comment,ViewModels\DepartmentEditViewModel.cs,53,/// 科室描述
ignore-comment,ViewModels\DepartmentEditViewModel.cs,63,/// 科室电话
ignore-comment,ViewModels\DepartmentEditViewModel.cs,73,/// 验证错误信息
ignore-comment,ViewModels\DepartmentEditViewModel.cs,88,/// 是否有验证错误
ignore-comment,ViewModels\DepartmentEditViewModel.cs,94,/// 是否正在保存
ignore-comment,ViewModels\DepartmentEditViewModel.cs,103,/// 取消命令
ignore-comment,ViewModels\DepartmentEditViewModel.cs,108,/// 保存命令
ignore-comment,ViewModels\DepartmentEditViewModel.cs,113,/// 构造函数
ignore-comment,ViewModels\DepartmentEditViewModel.cs,115,"/// <param name=""departmentService"">科室服务</param>"
ignore-comment,ViewModels\DepartmentEditViewModel.cs,116,"/// <param name=""department"">要编辑的科室（null表示新增）</param>"
ignore-comment,ViewModels\DepartmentEditViewModel.cs,129,/// 加载数据
ignore-comment,ViewModels\DepartmentEditViewModel.cs,143,/// 取消操作
ignore-comment,ViewModels\DepartmentEditViewModel.cs,151,/// 保存操作
must,ViewModels\DepartmentEditViewModel.cs,188,"ValidationError = ""保存失败，请重试"";"
must,ViewModels\DepartmentEditViewModel.cs,193,"ValidationError = $""保存出错: {ex.Message}"";"
ignore-comment,ViewModels\DepartmentEditViewModel.cs,202,/// 验证输入
ignore-comment,ViewModels\DepartmentEditViewModel.cs,204,/// <returns>验证是否通过</returns>
must,ViewModels\DepartmentEditViewModel.cs,211,"ValidationError = ""科室名称不能为空"";"
must,ViewModels\DepartmentEditViewModel.cs,217,"ValidationError = $""科室名称不能超过{Constants.DEPARTMENT_NAME_MAX_LENGTH}个字符"";"
must,ViewModels\DepartmentEditViewModel.cs,223,"ValidationError = ""科室代码不能超过20个字符"";"
must,ViewModels\DepartmentEditViewModel.cs,229,"ValidationError = ""科室描述不能超过200个字符"";"
ignore-comment,ViewModels\DepartmentEditViewModel.cs,233,// 检查名称是否已存在
must,ViewModels\DepartmentEditViewModel.cs,240,"ValidationError = ""科室名称已存在"";"
ignore-comment,ViewModels\DepartmentEditViewModel.cs,244,// 验证电话
must,ViewModels\DepartmentEditViewModel.cs,249,"ValidationError = $""电话号码长度应在{Constants.PHONE_MIN_LENGTH}-{Constants.PHONE_MAX_LENGTH}位之间"";"
ignore-comment,ViewModels\GaitAnalysisDetailViewModel.cs,29,/// 分析结果详情宿主视图模型。
ignore-comment,ViewModels\GaitAnalysisDetailViewModel.cs,40,/// 当前测量记录。
ignore-comment,ViewModels\GaitAnalysisDetailViewModel.cs,46,/// 当前分析结果。
ignore-comment,ViewModels\GaitAnalysisDetailViewModel.cs,52,/// 当前详情状态。
ignore-comment,ViewModels\GaitAnalysisDetailViewModel.cs,61,/// 当前是否正在加载。
ignore-comment,ViewModels\GaitAnalysisDetailViewModel.cs,67,/// 状态标题。
ignore-comment,ViewModels\GaitAnalysisDetailViewModel.cs,73,/// 状态说明。
ignore-comment,ViewModels\GaitAnalysisDetailViewModel.cs,79,/// 当前选中的导航项。
ignore-comment,ViewModels\GaitAnalysisDetailViewModel.cs,85,/// 是否可导出。
ignore-comment,ViewModels\GaitAnalysisDetailViewModel.cs,91,/// 当前报告草稿。
ignore-comment,ViewModels\GaitAnalysisDetailViewModel.cs,96,/// 是否正在加载报告配置。
ignore-comment,ViewModels\GaitAnalysisDetailViewModel.cs,101,/// 报告配置标题。
must,ViewModels\GaitAnalysisDetailViewModel.cs,103,"private string _reportConfigTitle = ""报告配置"";"
ignore-comment,ViewModels\GaitAnalysisDetailViewModel.cs,106,/// 报告配置说明。
must,ViewModels\GaitAnalysisDetailViewModel.cs,108,"private string _reportConfigMessage = ""可基于当前分析结果生成报告草稿，并在此完善基础配置。"";"
ignore-comment,ViewModels\GaitAnalysisDetailViewModel.cs,111,/// 报告标题。
ignore-comment,ViewModels\GaitAnalysisDetailViewModel.cs,116,/// 医生意见。
ignore-comment,ViewModels\GaitAnalysisDetailViewModel.cs,121,/// 是否包含时空参数。
ignore-comment,ViewModels\GaitAnalysisDetailViewModel.cs,126,/// 是否包含运动学摘要。
ignore-comment,ViewModels\GaitAnalysisDetailViewModel.cs,131,/// 是否包含质量控制。
ignore-comment,ViewModels\GaitAnalysisDetailViewModel.cs,136,/// 是否包含结果文件摘要。
ignore-comment,ViewModels\GaitAnalysisDetailViewModel.cs,141,/// 报告预览状态说明。
must,ViewModels\GaitAnalysisDetailViewModel.cs,143,"private string _reportPreviewMessage = ""完成基础配置后，可进入报告预览检查内容排版。"";"
ignore-comment,ViewModels\GaitAnalysisDetailViewModel.cs,146,/// 是否正在准备报告预览。
ignore-comment,ViewModels\GaitAnalysisDetailViewModel.cs,151,/// 是否正在回填草稿配置。
ignore-comment,ViewModels\GaitAnalysisDetailViewModel.cs,156,/// 是否存在待持久化的草稿配置变更。
ignore-comment,ViewModels\GaitAnalysisDetailViewModel.cs,165,/// 当前报告草稿。
ignore-comment,ViewModels\GaitAnalysisDetailViewModel.cs,174,/// 是否正在加载报告配置。
ignore-comment,ViewModels\GaitAnalysisDetailViewModel.cs,183,/// 报告配置标题。
ignore-comment,ViewModels\GaitAnalysisDetailViewModel.cs,192,/// 报告配置说明。
ignore-comment,ViewModels\GaitAnalysisDetailViewModel.cs,201,/// 报告标题。
ignore-comment,ViewModels\GaitAnalysisDetailViewModel.cs,216,/// 报告预览状态说明。
ignore-comment,ViewModels\GaitAnalysisDetailViewModel.cs,225,/// 是否正在准备报告预览。
ignore-comment,ViewModels\GaitAnalysisDetailViewModel.cs,234,/// 医生意见。
ignore-comment,ViewModels\GaitAnalysisDetailViewModel.cs,249,/// 是否包含时空参数。
ignore-comment,ViewModels\GaitAnalysisDetailViewModel.cs,264,/// 是否包含运动学摘要。
ignore-comment,ViewModels\GaitAnalysisDetailViewModel.cs,279,/// 是否包含质量控制。
ignore-comment,ViewModels\GaitAnalysisDetailViewModel.cs,294,/// 是否包含结果文件摘要。
ignore-comment,ViewModels\GaitAnalysisDetailViewModel.cs,309,/// 是否可以配置报告。
ignore-comment,ViewModels\GaitAnalysisDetailViewModel.cs,316,/// 是否可以查看报告预览。
ignore-comment,ViewModels\GaitAnalysisDetailViewModel.cs,325,/// 是否为空状态。
ignore-comment,ViewModels\GaitAnalysisDetailViewModel.cs,330,/// 是否为失败状态。
ignore-comment,ViewModels\GaitAnalysisDetailViewModel.cs,335,/// 是否为成功状态。
ignore-comment,ViewModels\GaitAnalysisDetailViewModel.cs,340,/// 是否显示结果概览分区。
ignore-comment,ViewModels\GaitAnalysisDetailViewModel.cs,345,/// 是否显示时空参数分区。
ignore-comment,ViewModels\GaitAnalysisDetailViewModel.cs,350,/// 是否显示运动学分区。
ignore-comment,ViewModels\GaitAnalysisDetailViewModel.cs,355,/// 是否显示质量控制分区。
ignore-comment,ViewModels\GaitAnalysisDetailViewModel.cs,360,/// 是否显示文件管理分区。
ignore-comment,ViewModels\GaitAnalysisDetailViewModel.cs,365,/// 是否显示报告配置分区。
ignore-comment,ViewModels\GaitAnalysisDetailViewModel.cs,370,/// 左侧导航集合。
maybe,ViewModels\GaitAnalysisDetailViewModel.cs,374,"new(""overview"", ""结果概览"", ""展示测量与分析摘要信息""),"
maybe,ViewModels\GaitAnalysisDetailViewModel.cs,375,"new(""spatiotemporal"", ""时空参数"", ""展示步速、步频、步长等核心参数""),"
maybe,ViewModels\GaitAnalysisDetailViewModel.cs,376,"new(""kinematics"", ""运动学参数"", ""展示髋膝踝等核心运动学摘要""),"
maybe,ViewModels\GaitAnalysisDetailViewModel.cs,377,"new(""quality"", ""质量控制"", ""展示分析质量与风险提示""),"
maybe,ViewModels\GaitAnalysisDetailViewModel.cs,378,"new(""files"", ""文件管理"", ""展示分析输出目录与结果文件""),"
maybe,ViewModels\GaitAnalysisDetailViewModel.cs,379,"new(""report"", ""报告配置"", ""基于当前分析结果生成并完善报告草稿"")"
ignore-comment,ViewModels\GaitAnalysisDetailViewModel.cs,413,/// 请求关闭对话框事件。
ignore-comment,ViewModels\GaitAnalysisDetailViewModel.cs,418,/// 构造函数。
maybe,ViewModels\GaitAnalysisDetailViewModel.cs,443,"SetEmptyState(""暂无分析结果"", ""当前测量尚未生成可查看的分析结果，可先查看基础测量信息。"", false);"
ignore-comment,ViewModels\GaitAnalysisDetailViewModel.cs,447,/// 初始化分析详情数据。
ignore-comment,ViewModels\GaitAnalysisDetailViewModel.cs,449,"/// <param name=""record"">测量记录。</param>"
maybe,ViewModels\GaitAnalysisDetailViewModel.cs,479,"SetEmptyState(""暂无分析结果"", ""当前测量已保存，但还没有成功的分析结果。"", false);"
maybe,ViewModels\GaitAnalysisDetailViewModel.cs,483,"_logHelper?.Error($""加载分析详情失败：MeasurementId={record.Id}"", ex);"
maybe,ViewModels\GaitAnalysisDetailViewModel.cs,484,"SetFailedState($""分析结果加载失败：{ex.Message}"");"
ignore-comment,ViewModels\GaitAnalysisDetailViewModel.cs,494,/// 患者姓名。
ignore-comment,ViewModels\GaitAnalysisDetailViewModel.cs,499,/// 患者身高。
ignore-comment,ViewModels\GaitAnalysisDetailViewModel.cs,506,/// 患者编号。
ignore-comment,ViewModels\GaitAnalysisDetailViewModel.cs,511,/// 测量名称。
ignore-comment,ViewModels\GaitAnalysisDetailViewModel.cs,516,/// 测量类型。
must,ViewModels\GaitAnalysisDetailViewModel.cs,518,"public string MeasurementTypeDisplay => Record is null ? ""自然步行"" : GetEnumDescription(Record.MeasurementType);"
ignore-comment,ViewModels\GaitAnalysisDetailViewModel.cs,521,/// 分析模式。
must,ViewModels\GaitAnalysisDetailViewModel.cs,523,"public string MeasurementVideoModeDisplay => Record?.HasDualVideo == true ? ""双视角模式"" : ""单视角模式"";"
ignore-comment,ViewModels\GaitAnalysisDetailViewModel.cs,530,/// 测量时间。
ignore-comment,ViewModels\GaitAnalysisDetailViewModel.cs,535,/// 分析任务编号。
ignore-comment,ViewModels\GaitAnalysisDetailViewModel.cs,540,/// 分析任务状态。
maybe,ViewModels\GaitAnalysisDetailViewModel.cs,548,"return ""已完成"";"
maybe,ViewModels\GaitAnalysisDetailViewModel.cs,553,"return ""已完成"";"
maybe,ViewModels\GaitAnalysisDetailViewModel.cs,557,"? ""失败"""
ignore-comment,ViewModels\GaitAnalysisDetailViewModel.cs,563,/// 分析耗时。
ignore-comment,ViewModels\GaitAnalysisDetailViewModel.cs,568,/// 创建时间。
ignore-comment,ViewModels\GaitAnalysisDetailViewModel.cs,573,/// 协议版本。
ignore-comment,ViewModels\GaitAnalysisDetailViewModel.cs,578,/// 算法版本。
ignore-comment,ViewModels\GaitAnalysisDetailViewModel.cs,583,/// 模型版本。
ignore-comment,ViewModels\GaitAnalysisDetailViewModel.cs,588,/// 分析状态文本。
maybe,ViewModels\GaitAnalysisDetailViewModel.cs,592,"AnalysisDetailState.Success => ""分析成功"","
maybe,ViewModels\GaitAnalysisDetailViewModel.cs,593,"AnalysisDetailState.Failed => ""分析失败"","
maybe,ViewModels\GaitAnalysisDetailViewModel.cs,594,"_ => ""尚未分析"""
ignore-comment,ViewModels\GaitAnalysisDetailViewModel.cs,598,/// 分析状态颜色。
ignore-comment,ViewModels\GaitAnalysisDetailViewModel.cs,608,/// 质量结论。
maybe,ViewModels\GaitAnalysisDetailViewModel.cs,617,"? $""有效帧比例 {ratio:P0}"""
maybe,ViewModels\GaitAnalysisDetailViewModel.cs,623,"return $""有效帧比例 {validFrameRatio:P0}"";"
maybe,ViewModels\GaitAnalysisDetailViewModel.cs,626,"return ""已生成质量控制信息"";"
ignore-comment,ViewModels\GaitAnalysisDetailViewModel.cs,631,/// 有效帧比例摘要。
ignore-comment,ViewModels\GaitAnalysisDetailViewModel.cs,638,/// 平均步速。
ignore-comment,ViewModels\GaitAnalysisDetailViewModel.cs,643,/// 平均步频。
ignore-comment,ViewModels\GaitAnalysisDetailViewModel.cs,648,/// 平均步长。
ignore-comment,ViewModels\GaitAnalysisDetailViewModel.cs,653,/// 步态周期。
ignore-comment,ViewModels\GaitAnalysisDetailViewModel.cs,658,/// 步幅。
ignore-comment,ViewModels\GaitAnalysisDetailViewModel.cs,663,/// 站立相时长。
ignore-comment,ViewModels\GaitAnalysisDetailViewModel.cs,668,/// 摆动相时长。
ignore-comment,ViewModels\GaitAnalysisDetailViewModel.cs,673,/// 运动学摘要。
maybe,ViewModels\GaitAnalysisDetailViewModel.cs,682,"return ""髋关节 ROM -- / 膝关节 ROM -- / 踝关节 ROM --"";"
maybe,ViewModels\GaitAnalysisDetailViewModel.cs,685,"return $""髋关节 ROM {FormatNumber(summary.HipRomDeg, ""F1"", ""°"")} / 膝关节 ROM {FormatNumber(summary.KneeRomDeg, ""F1"", ""°"")} / 踝关节 ROM {FormatNumber(summary.AnkleRomDeg, ""F1"", ""°"")}"";"
ignore-comment,ViewModels\GaitAnalysisDetailViewModel.cs,690,/// 输出目录。
ignore-comment,ViewModels\GaitAnalysisDetailViewModel.cs,697,/// 结果文件数量。
maybe,ViewModels\GaitAnalysisDetailViewModel.cs,700,"? $""{AnalysisResult.CsvFiles.Count} 个结果文件"""
maybe,ViewModels\GaitAnalysisDetailViewModel.cs,701,": (_detailData.ResultFileCount > 0 ? $""{_detailData.ResultFileCount} 个结果文件"" : ""--"");"
ignore-comment,ViewModels\GaitAnalysisDetailViewModel.cs,704,/// 标注视频摘要。
ignore-comment,ViewModels\GaitAnalysisDetailViewModel.cs,718,/// 摘要文件摘要。
ignore-comment,ViewModels\GaitAnalysisDetailViewModel.cs,725,/// 有效周期数。
must,ViewModels\GaitAnalysisDetailViewModel.cs,727,"public string CycleCountDisplay => _detailData.CycleCount.HasValue ? $""{_detailData.CycleCount.Value} 个"" : ""--"";"
ignore-comment,ViewModels\GaitAnalysisDetailViewModel.cs,730,/// 文件摘要。
maybe,ViewModels\GaitAnalysisDetailViewModel.cs,733,"? $""已生成 {AnalysisResult.CsvFiles.Count} 个结果文件"""
ignore-comment,ViewModels\GaitAnalysisDetailViewModel.cs,737,/// 日志文件摘要。
ignore-comment,ViewModels\GaitAnalysisDetailViewModel.cs,742,/// CSV 文件数量。
must,ViewModels\GaitAnalysisDetailViewModel.cs,744,"public string CsvFileCountDisplay => AnalysisResult?.CsvFiles?.Count is int count and > 0 ? $""{count} 个"" : $""{_detailData.CsvFileCount} 个"";"
ignore-comment,ViewModels\GaitAnalysisDetailViewModel.cs,747,/// 图片文件数量。
must,ViewModels\GaitAnalysisDetailViewModel.cs,749,"public string ImageFileCountDisplay => $""{_detailData.ImageFileCount} 个"";"
must,ViewModels\GaitAnalysisDetailViewModel.cs,837,"public string CurrentGaitCycleDisplay => _detailData.CycleCount.HasValue ? $""共 {_detailData.CycleCount.Value} 周期"" : ""--"";"
ignore-comment,ViewModels\GaitAnalysisDetailViewModel.cs,850,/// 报告编号摘要。
ignore-comment,ViewModels\GaitAnalysisDetailViewModel.cs,857,/// 报告分析源摘要。
ignore-comment,ViewModels\GaitAnalysisDetailViewModel.cs,864,/// 报告操作员。
ignore-comment,ViewModels\GaitAnalysisDetailViewModel.cs,869,/// 报告草稿更新时间。
ignore-comment,ViewModels\GaitAnalysisDetailViewModel.cs,874,/// 报告配置质量提示。
maybe,ViewModels\GaitAnalysisDetailViewModel.cs,882,"return ""当前没有可用于配置报告的分析结果。"";"
maybe,ViewModels\GaitAnalysisDetailViewModel.cs,886,"? ""当前分析结果已生成，暂未计算有效帧比例。"""
maybe,ViewModels\GaitAnalysisDetailViewModel.cs,887,": $""当前分析结果已生成，有效帧比例 {ValidFrameRatioDisplay}，可继续配置报告内容。"";"
ignore-comment,ViewModels\GaitAnalysisDetailViewModel.cs,892,/// 报告配置摘要。
maybe,ViewModels\GaitAnalysisDetailViewModel.cs,901,"sections.Add(""时空参数"");"
maybe,ViewModels\GaitAnalysisDetailViewModel.cs,906,"sections.Add(""运动学摘要"");"
maybe,ViewModels\GaitAnalysisDetailViewModel.cs,911,"sections.Add(""质量控制"");"
maybe,ViewModels\GaitAnalysisDetailViewModel.cs,916,"sections.Add(""结果文件摘要"");"
maybe,ViewModels\GaitAnalysisDetailViewModel.cs,919,"return sections.Count > 0 ? string.Join(""、"", sections) : ""尚未选择报告内容"";"
ignore-comment,ViewModels\GaitAnalysisDetailViewModel.cs,941,/// 当前模块标题。
must,ViewModels\GaitAnalysisDetailViewModel.cs,943,"public string CurrentSectionTitle => SelectedNavigationItem?.Title ?? ""结果概览"";"
ignore-comment,ViewModels\GaitAnalysisDetailViewModel.cs,946,/// 当前模块说明。
maybe,ViewModels\GaitAnalysisDetailViewModel.cs,948,"public string CurrentSectionDescription => SelectedNavigationItem?.Description ?? ""展示当前测量与分析结果的核心信息。"";"
ignore-comment,ViewModels\GaitAnalysisDetailViewModel.cs,951,/// 导航模块总数。
ignore-comment,ViewModels\GaitAnalysisDetailViewModel.cs,956,/// 当前模块序号。
ignore-comment,ViewModels\GaitAnalysisDetailViewModel.cs,973,/// 导航进度条当前值。
ignore-comment,ViewModels\GaitAnalysisDetailViewModel.cs,978,/// 导航进度条最大值。
ignore-comment,ViewModels\GaitAnalysisDetailViewModel.cs,983,/// 导航进度说明。
maybe,ViewModels\GaitAnalysisDetailViewModel.cs,986,"? $""当前浏览第 {CurrentSectionIndex} / {NavigationSectionCount} 个模块"""
maybe,ViewModels\GaitAnalysisDetailViewModel.cs,987,": ""当前暂无可浏览模块"";"
ignore-comment,ViewModels\GaitAnalysisDetailViewModel.cs,990,/// 关闭命令。
ignore-comment,ViewModels\GaitAnalysisDetailViewModel.cs,1000,/// 导出命令。
must,ViewModels\GaitAnalysisDetailViewModel.cs,1014,"Title = ""导出测量结果包"","
maybe,ViewModels\GaitAnalysisDetailViewModel.cs,1015,"Filter = ""BTFX测量结果包 (*.btfxpkg)|*.btfxpkg"","
must,ViewModels\GaitAnalysisDetailViewModel.cs,1016,"FileName = $""测量结果包_{Record.Patient?.Name}_{Record.MeasurementDate:yyyyMMdd_HHmmss}.btfxpkg"""
must,ViewModels\GaitAnalysisDetailViewModel.cs,1033,"System.Windows.MessageBox.Show(result.Message, ""提示"", System.Windows.MessageBoxButton.OK, System.Windows.MessageBoxImage.Information);"
maybe,ViewModels\GaitAnalysisDetailViewModel.cs,1034,"_logHelper?.Information($""导出测量结果包：MeasurementId={Record.Id}, 文件={dialog.FileName}"");"
must,ViewModels\GaitAnalysisDetailViewModel.cs,1038,"System.Windows.MessageBox.Show(result.Message, ""错误"", System.Windows.MessageBoxButton.OK, System.Windows.MessageBoxImage.Error);"
maybe,ViewModels\GaitAnalysisDetailViewModel.cs,1042,"_logHelper?.Error($""导出测量结果包失败：MeasurementId={Record.Id}"", ex);"
must,ViewModels\GaitAnalysisDetailViewModel.cs,1043,"System.Windows.MessageBox.Show($""导出失败：{ex.Message}"", ""错误"", System.Windows.MessageBoxButton.OK, System.Windows.MessageBoxImage.Error);"
ignore-comment,ViewModels\GaitAnalysisDetailViewModel.cs,1048,/// 加载报告配置命令。
must,ViewModels\GaitAnalysisDetailViewModel.cs,1065,"ReportConfigTitle = ""暂不可配置报告"";"
maybe,ViewModels\GaitAnalysisDetailViewModel.cs,1067,"? ""需要先生成成功的分析结果，才能进入报告配置。"""
maybe,ViewModels\GaitAnalysisDetailViewModel.cs,1068,": ""当前用户没有报告配置权限。"";"
maybe,ViewModels\GaitAnalysisDetailViewModel.cs,1070,"? ""当前没有可预览的分析结果。"""
maybe,ViewModels\GaitAnalysisDetailViewModel.cs,1071,": ""当前用户没有报告预览权限。"";"
must,ViewModels\GaitAnalysisDetailViewModel.cs,1086,"ReportConfigTitle = ""报告草稿初始化失败"";"
must,ViewModels\GaitAnalysisDetailViewModel.cs,1087,"ReportConfigMessage = ""无法为当前分析结果准备报告草稿，请稍后重试。"";"
must,ViewModels\GaitAnalysisDetailViewModel.cs,1088,"ReportPreviewMessage = ""报告草稿尚未准备完成，暂时无法进入预览。"";"
must,ViewModels\GaitAnalysisDetailViewModel.cs,1095,"ReportConfigTitle = ""报告配置"";"
must,ViewModels\GaitAnalysisDetailViewModel.cs,1096,"ReportConfigMessage = ""已加载当前分析结果对应的报告草稿，可继续完善基础信息与包含项。"";"
must,ViewModels\GaitAnalysisDetailViewModel.cs,1097,"ReportPreviewMessage = ""当前草稿已准备就绪，可进入报告预览检查版式与内容。"";"
maybe,ViewModels\GaitAnalysisDetailViewModel.cs,1101,"_logHelper?.Error($""加载报告配置失败：MeasurementId={Record.Id}"", ex);"
must,ViewModels\GaitAnalysisDetailViewModel.cs,1102,"ReportConfigTitle = ""报告配置加载失败"";"
must,ViewModels\GaitAnalysisDetailViewModel.cs,1103,"ReportConfigMessage = $""初始化报告配置时发生错误：{ex.Message}"";"
must,ViewModels\GaitAnalysisDetailViewModel.cs,1104,"ReportPreviewMessage = ""报告预览入口初始化失败，请先重试草稿加载。"";"
maybe,ViewModels\GaitAnalysisDetailViewModel.cs,1122,"? $""步态分析报告 - {PatientName}"""
maybe,ViewModels\GaitAnalysisDetailViewModel.cs,1170,"? ""当前配置已同步，可进入报告预览检查版式与内容。"""
maybe,ViewModels\GaitAnalysisDetailViewModel.cs,1171,": ""请先补充报告标题并确认草稿已加载完成。"";"
must,ViewModels\GaitAnalysisDetailViewModel.cs,1194,"ReportConfigMessage = ""报告草稿配置保存失败，请稍后重试。"";"
must,ViewModels\GaitAnalysisDetailViewModel.cs,1195,"ReportPreviewMessage = ""当前配置已更新到界面，但尚未成功保存到草稿。"";"
must,ViewModels\GaitAnalysisDetailViewModel.cs,1200,"ReportConfigTitle = ""报告配置"";"
must,ViewModels\GaitAnalysisDetailViewModel.cs,1201,"ReportConfigMessage = ""可基于当前分析结果生成报告草稿，并在此完善基础配置。"";"
must,ViewModels\GaitAnalysisDetailViewModel.cs,1202,"ReportPreviewMessage = ""完成基础配置后，可进入报告预览检查内容排版。"";"
ignore-comment,ViewModels\GaitAnalysisDetailViewModel.cs,1216,/// 打开报告预览命令。
must,ViewModels\GaitAnalysisDetailViewModel.cs,1223,"ReportPreviewMessage = ""当前条件不足，暂时无法进入报告预览。"";"
must,ViewModels\GaitAnalysisDetailViewModel.cs,1234,"ReportPreviewMessage = ""报告草稿尚未准备完成，暂时无法进入预览。"";"
must,ViewModels\GaitAnalysisDetailViewModel.cs,1240,"ReportPreviewMessage = ""请先填写报告标题后再进入预览。"";"
maybe,ViewModels\GaitAnalysisDetailViewModel.cs,1264,"? ""已从预览返回配置，可继续调整后再次查看。"""
maybe,ViewModels\GaitAnalysisDetailViewModel.cs,1265,": ""已关闭报告预览，可继续调整配置后再次查看。"";"
maybe,ViewModels\GaitAnalysisDetailViewModel.cs,1269,"_logHelper?.Error($""打开报告预览失败：MeasurementId={Record?.Id}"", ex);"
must,ViewModels\GaitAnalysisDetailViewModel.cs,1270,"ReportPreviewMessage = $""打开报告预览失败：{ex.Message}"";"
ignore-comment,ViewModels\GaitAnalysisDetailViewModel.cs,1313,/// 打开结果目录命令。
must,ViewModels\GaitAnalysisDetailViewModel.cs,1321,"System.Windows.MessageBox.Show(""当前没有可打开的结果目录。"", ""提示"", System.Windows.MessageBoxButton.OK, System.Windows.MessageBoxImage.Information);"
maybe,ViewModels\GaitAnalysisDetailViewModel.cs,1335,"_logHelper?.Error($""打开结果目录失败：Path={path}"", ex);"
must,ViewModels\GaitAnalysisDetailViewModel.cs,1336,"System.Windows.MessageBox.Show($""打开目录失败：{ex.Message}"", ""错误"", System.Windows.MessageBoxButton.OK, System.Windows.MessageBoxImage.Error);"
must,ViewModels\GaitAnalysisDetailViewModel.cs,1343,"StateTitle = ""分析结果详情"";"
must,ViewModels\GaitAnalysisDetailViewModel.cs,1344,"StateMessage = ""已加载当前测量的最新成功分析结果。"";"
must,ViewModels\GaitAnalysisDetailViewModel.cs,1350,"StateTitle = ""分析未成功完成"";"
maybe,ViewModels\GaitAnalysisDetailViewModel.cs,1352,"? ""当前测量存在分析流程，但尚未生成可用结果，请检查分析日志后重试。"""
maybe,ViewModels\GaitAnalysisDetailViewModel.cs,1403,"_logHelper?.Warning($""加载分析详情真实数据失败: {ex.Message}"");"
maybe,ViewModels\GaitAnalysisDetailViewModel.cs,1480,"LeftHipAnglePlotModel = CreateEmptyPlot(""左髋角度曲线"");"
maybe,ViewModels\GaitAnalysisDetailViewModel.cs,1481,"RightHipAnglePlotModel = CreateEmptyPlot(""右髋角度曲线"");"
maybe,ViewModels\GaitAnalysisDetailViewModel.cs,1482,"LeftKneeAnglePlotModel = CreateEmptyPlot(""左膝角度曲线"");"
maybe,ViewModels\GaitAnalysisDetailViewModel.cs,1483,"RightKneeAnglePlotModel = CreateEmptyPlot(""右膝角度曲线"");"
maybe,ViewModels\GaitAnalysisDetailViewModel.cs,1484,"LeftAnkleAnglePlotModel = CreateEmptyPlot(""左踝角度曲线"");"
maybe,ViewModels\GaitAnalysisDetailViewModel.cs,1485,"RightAnkleAnglePlotModel = CreateEmptyPlot(""右踝角度曲线"");"
maybe,ViewModels\GaitAnalysisDetailViewModel.cs,1486,"PelvisAnglePlotModel = CreateEmptyPlot(""骨盆角度曲线"");"
maybe,ViewModels\GaitAnalysisDetailViewModel.cs,1487,"TrunkAnglePlotModel = CreateEmptyPlot(""躯干角度曲线"");"
maybe,ViewModels\GaitAnalysisDetailViewModel.cs,1488,"VideoKneeAnglePlotModel = CreateEmptyPlot(""膝关节角度曲线"", alignToPlaybackBar: true);"
maybe,ViewModels\GaitAnalysisDetailViewModel.cs,1489,"VideoHipAnglePlotModel = CreateEmptyPlot(""髋关节角度曲线"", alignToPlaybackBar: true);"
maybe,ViewModels\GaitAnalysisDetailViewModel.cs,1490,"VideoAnkleAnglePlotModel = CreateEmptyPlot(""踝关节角度曲线"", alignToPlaybackBar: true);"
maybe,ViewModels\GaitAnalysisDetailViewModel.cs,1491,"VideoPelvisAnglePlotModel = CreateEmptyPlot(""骨盆角度曲线"", alignToPlaybackBar: true);"
maybe,ViewModels\GaitAnalysisDetailViewModel.cs,1492,"VideoTrunkAnglePlotModel = CreateEmptyPlot(""躯干角度曲线"", alignToPlaybackBar: true);"
maybe,ViewModels\GaitAnalysisDetailViewModel.cs,1497,"LeftHipAnglePlotModel = BuildSingleAnglePlot(""左髋角度曲线"", _angleFrames, f => f.LeftHip, OxyColors.SteelBlue, maxTime);"
maybe,ViewModels\GaitAnalysisDetailViewModel.cs,1498,"RightHipAnglePlotModel = BuildSingleAnglePlot(""右髋角度曲线"", _angleFrames, f => f.RightHip, OxyColor.Parse(""#F2306A""), maxTime);"
maybe,ViewModels\GaitAnalysisDetailViewModel.cs,1499,"LeftKneeAnglePlotModel = BuildSingleAnglePlot(""左膝角度曲线"", _angleFrames, f => f.LeftKnee, OxyColors.ForestGreen, maxTime);"
maybe,ViewModels\GaitAnalysisDetailViewModel.cs,1500,"RightKneeAnglePlotModel = BuildSingleAnglePlot(""右膝角度曲线"", _angleFrames, f => f.RightKnee, OxyColors.OrangeRed, maxTime);"
maybe,ViewModels\GaitAnalysisDetailViewModel.cs,1501,"LeftAnkleAnglePlotModel = BuildSingleAnglePlot(""左踝角度曲线"", _angleFrames, f => f.LeftAnkle, OxyColors.MediumPurple, maxTime);"
maybe,ViewModels\GaitAnalysisDetailViewModel.cs,1502,"RightAnkleAnglePlotModel = BuildSingleAnglePlot(""右踝角度曲线"", _angleFrames, f => f.RightAnkle, OxyColors.DarkCyan, maxTime);"
maybe,ViewModels\GaitAnalysisDetailViewModel.cs,1503,"PelvisAnglePlotModel = BuildSingleAnglePlot(""骨盆角度曲线"", _angleFrames, f => f.Pelvis, OxyColor.Parse(""#40385F""), maxTime);"
maybe,ViewModels\GaitAnalysisDetailViewModel.cs,1504,"TrunkAnglePlotModel = BuildSingleAnglePlot(""躯干角度曲线"", _angleFrames, f => f.Trunk, OxyColor.Parse(""#F2306A""), maxTime);"
maybe,ViewModels\GaitAnalysisDetailViewModel.cs,1505,"VideoKneeAnglePlotModel = BuildDualAnglePlot(""膝关节角度曲线"", ""左膝"", ""右膝"", _angleFrames, f => f.LeftKnee, f => f.RightKnee, OxyColors.ForestGreen, OxyColor.Parse(""#F2306A""), maxTime);"
maybe,ViewModels\GaitAnalysisDetailViewModel.cs,1506,"VideoHipAnglePlotModel = BuildDualAnglePlot(""髋关节角度曲线"", ""左髋"", ""右髋"", _angleFrames, f => f.LeftHip, f => f.RightHip, OxyColors.SteelBlue, OxyColors.OrangeRed, maxTime);"
maybe,ViewModels\GaitAnalysisDetailViewModel.cs,1507,"VideoAnkleAnglePlotModel = BuildDualAnglePlot(""踝关节角度曲线"", ""左踝"", ""右踝"", _angleFrames, f => f.LeftAnkle, f => f.RightAnkle, OxyColors.MediumPurple, OxyColors.DarkCyan, maxTime);"
maybe,ViewModels\GaitAnalysisDetailViewModel.cs,1508,"VideoPelvisAnglePlotModel = BuildSinglePlaybackAnglePlot(""骨盆角度曲线"", ""骨盆"", _angleFrames, f => f.Pelvis, OxyColor.Parse(""#40385F""), maxTime);"
maybe,ViewModels\GaitAnalysisDetailViewModel.cs,1509,"VideoTrunkAnglePlotModel = BuildSinglePlaybackAnglePlot(""躯干角度曲线"", ""躯干"", _angleFrames, f => f.Trunk, OxyColor.Parse(""#F2306A""), maxTime);"
maybe,ViewModels\GaitAnalysisDetailViewModel.cs,1552,".FirstOrDefault(file => file.Contains(""side"", StringComparison.OrdinalIgnoreCase) || file.Contains(""侧面"", StringComparison.OrdinalIgnoreCase))"
maybe,ViewModels\GaitAnalysisDetailViewModel.cs,1719,"side = ""左侧"";"
maybe,ViewModels\GaitAnalysisDetailViewModel.cs,1723,"side = ""右侧"";"
maybe,ViewModels\GaitAnalysisDetailViewModel.cs,1797,"return parts.Count > 0 ? $""已生成 {string.Join(""、"", parts)}"" : null;"
maybe,ViewModels\GaitAnalysisDetailViewModel.cs,1802,"var model = CreatePlotBase(title, ""时间 (s)"", ""角度 (°)"");"
maybe,ViewModels\GaitAnalysisDetailViewModel.cs,1804,"AddLineSeries(model, title.Replace(""角度曲线"", string.Empty, StringComparison.Ordinal), frames, valueSelector, color);"
maybe,ViewModels\GaitAnalysisDetailViewModel.cs,1820,"var model = CreatePlotBase($""{title}（{firstName} / {secondName}）"", ""时间 (s)"", ""角度 (°)"", alignToPlaybackBar: true);"
maybe,ViewModels\GaitAnalysisDetailViewModel.cs,1837,"var model = CreatePlotBase(title, ""时间 (s)"", ""角度 (°)"", alignToPlaybackBar: true);"
maybe,ViewModels\GaitAnalysisDetailViewModel.cs,1978,"private static PlotModel CreateEmptyPlot(string title, string message = ""暂无曲线数据"", bool alignToPlaybackBar = false)"
maybe,ViewModels\GaitAnalysisDetailViewModel.cs,1980,"var model = CreatePlotBase(title, ""时间 (s)"", ""角度 (°)"", alignToPlaybackBar);"
maybe,ViewModels\GaitAnalysisDetailViewModel.cs,2334,"return value.HasValue ? $""{value.Value} 次"" : ""--"";"
ignore-comment,ViewModels\GaitAnalysisDetailViewModel.cs,2473,/// 分析详情状态。
ignore-comment,ViewModels\GaitAnalysisDetailViewModel.cs,2478,/// 暂无分析结果。
ignore-comment,ViewModels\GaitAnalysisDetailViewModel.cs,2483,/// 分析失败。
ignore-comment,ViewModels\GaitAnalysisDetailViewModel.cs,2488,/// 分析成功。
ignore-comment,ViewModels\GaitAnalysisDetailViewModel.cs,2494,/// 分析详情导航项。
ignore-comment,ViewModels\GaitAnalysisDetailViewModel.cs,2496,"/// <param name=""Key"">导航键。</param>"
ignore-comment,ViewModels\GaitAnalysisDetailViewModel.cs,2497,"/// <param name=""Title"">导航标题。</param>"
ignore-comment,ViewModels\GaitAnalysisDetailViewModel.cs,2498,"/// <param name=""Description"">导航说明。</param>"
ignore-comment,ViewModels\GaitAnalysisDetailViewModel.cs,2502,/// 报告草稿配置项。
ignore-comment,ViewModels\GaitAnalysisDetailViewModel.cs,2504,"/// <param name=""IncludeSpatiotemporalParameters"">是否包含时空参数。</param>"
ignore-comment,ViewModels\GaitAnalysisDetailViewModel.cs,2505,"/// <param name=""IncludeKinematicSummary"">是否包含运动学摘要。</param>"
ignore-comment,ViewModels\GaitAnalysisDetailViewModel.cs,2506,"/// <param name=""IncludeQualityControl"">是否包含质量控制。</param>"
ignore-comment,ViewModels\GaitAnalysisDetailViewModel.cs,2507,"/// <param name=""IncludeResultFiles"">是否包含结果文件摘要。</param>"
ignore-comment,ViewModels\LoginViewModel.cs,10,/// 登录界面ViewModel
ignore-comment,ViewModels\LoginViewModel.cs,45,/// 构造函数
ignore-comment,ViewModels\LoginViewModel.cs,58,// 尝试获取日志服务（可选）
ignore-comment,ViewModels\LoginViewModel.cs,66,// 加载记住的密码
ignore-comment,ViewModels\LoginViewModel.cs,71,/// 加载记住的凭据
maybe,ViewModels\LoginViewModel.cs,79,"_logHelper?.Information($""开始加载记住密码: RememberPassword={settings.Credentials.RememberPassword}, Username={settings.Credentials.Username}, HashLength={settings.Credentials.PasswordHash?.Length ?? 0}"");"
ignore-comment,ViewModels\LoginViewModel.cs,83,// 不加载 admin 账户的密码
maybe,ViewModels\LoginViewModel.cs,86,"_logHelper?.Information(""跳过 admin 账户的密码加载"");"
ignore-comment,ViewModels\LoginViewModel.cs,93,// 解码密码（Base64）
maybe,ViewModels\LoginViewModel.cs,100,"_logHelper?.Information($""成功加载记住的密码: 用户={Username}, 密码长度={Password.Length}"");"
ignore-comment,ViewModels\LoginViewModel.cs,104,// 如果解码失败，可能是旧格式，清空
maybe,ViewModels\LoginViewModel.cs,106,"_logHelper?.Warning($""密码解码失败: {ex.Message}"");"
maybe,ViewModels\LoginViewModel.cs,112,"_logHelper?.Information(""没有记住的密码信息"");"
maybe,ViewModels\LoginViewModel.cs,117,"_logHelper?.Error($""加载记住的凭据失败"", ex);"
ignore-comment,ViewModels\LoginViewModel.cs,122,/// 是否可以登录
ignore-comment,ViewModels\LoginViewModel.cs,127,/// 切换密码可见性
ignore-comment,ViewModels\LoginViewModel.cs,136,/// 登录命令
ignore-comment,ViewModels\LoginViewModel.cs,146,// 验证账号密码格式
ignore-comment,ViewModels\LoginViewModel.cs,152,// 调用认证服务
must,ViewModels\LoginViewModel.cs,157,"ErrorMessage = ""账号或密码不正确"";"
maybe,ViewModels\LoginViewModel.cs,158,"_logHelper?.Warning($""登录失败：账号或密码不正确 - 账号: {Username}"");"
must,ViewModels\LoginViewModel.cs,164,"ErrorMessage = ""该账户已被禁用"";"
maybe,ViewModels\LoginViewModel.cs,165,"_logHelper?.Warning($""登录失败：账户已禁用 - 账号: {Username}"");"
ignore-comment,ViewModels\LoginViewModel.cs,169,// 登录成功
ignore-comment,ViewModels\LoginViewModel.cs,172,// 保存记住密码（不保存 admin 账户的密码）
ignore-comment,ViewModels\LoginViewModel.cs,181,// 编码密码（使用Base64）
maybe,ViewModels\LoginViewModel.cs,187,"_logHelper?.Information($""已保存记住密码: 用户={Username.Trim()}, Hash长度={settings.Credentials.PasswordHash.Length}"");"
maybe,ViewModels\LoginViewModel.cs,191,"_logHelper?.Error($""保存记住密码失败"", ex);"
maybe,ViewModels\LoginViewModel.cs,204,"_logHelper?.Information(""已清除记住密码"");"
maybe,ViewModels\LoginViewModel.cs,208,"_logHelper?.Error(""清除记住密码失败"", ex);"
maybe,ViewModels\LoginViewModel.cs,212,"_logHelper?.Information($""用户登录成功"", new Dictionary<string, object>"
ignore-comment,ViewModels\LoginViewModel.cs,219,// 导航到患者选择界面
must,ViewModels\LoginViewModel.cs,224,"ErrorMessage = ""登录失败，请稍后重试"";"
maybe,ViewModels\LoginViewModel.cs,225,"_logHelper?.Error(""登录异常"", ex, new Dictionary<string, object>"
ignore-comment,ViewModels\LoginViewModel.cs,237,/// 验证输入
ignore-comment,ViewModels\LoginViewModel.cs,244,// 检查前后空格
must,ViewModels\LoginViewModel.cs,247,"ErrorMessage = ""账号或密码不正确"";"
ignore-comment,ViewModels\LoginViewModel.cs,251,// 验证账号长度
must,ViewModels\LoginViewModel.cs,254,"ErrorMessage = ""账号或密码不正确"";"
ignore-comment,ViewModels\LoginViewModel.cs,258,// 验证密码长度
must,ViewModels\LoginViewModel.cs,261,"ErrorMessage = ""账号或密码不正确"";"
ignore-comment,ViewModels\MainContainerViewModel.cs,15,/// 主界面容器ViewModel
ignore,ViewModels\MainContainerViewModel.cs,28,#region 导航栏属性
ignore-comment,ViewModels\MainContainerViewModel.cs,31,/// 导航栏是否展开
ignore-comment,ViewModels\MainContainerViewModel.cs,37,/// 导航菜单项
ignore-comment,ViewModels\MainContainerViewModel.cs,43,/// 选中的导航项
ignore,ViewModels\MainContainerViewModel.cs,50,#region 患者信息属性
ignore-comment,ViewModels\MainContainerViewModel.cs,53,/// 当前患者姓名
ignore-comment,ViewModels\MainContainerViewModel.cs,59,/// 患者性别
ignore-comment,ViewModels\MainContainerViewModel.cs,65,/// 患者年龄
ignore-comment,ViewModels\MainContainerViewModel.cs,71,/// 是否有当前患者
ignore-comment,ViewModels\MainContainerViewModel.cs,77,/// 是否游客模式
ignore-comment,ViewModels\MainContainerViewModel.cs,83,/// 当前患者性别是否显示
ignore,ViewModels\MainContainerViewModel.cs,89,#region 状态栏属性
ignore-comment,ViewModels\MainContainerViewModel.cs,92,/// 当前时间
ignore,ViewModels\MainContainerViewModel.cs,99,#region 内容区域属性
ignore-comment,ViewModels\MainContainerViewModel.cs,102,/// 当前内容视图
ignore-comment,ViewModels\MainContainerViewModel.cs,108,/// 当前用户名
ignore-comment,ViewModels\MainContainerViewModel.cs,122,/// 构造函数
ignore-comment,ViewModels\MainContainerViewModel.cs,137,// 尝试获取日志服务
ignore-comment,ViewModels\MainContainerViewModel.cs,144,// 初始化导航菜单
ignore-comment,ViewModels\MainContainerViewModel.cs,147,// 订阅语言变化事件
ignore-comment,ViewModels\MainContainerViewModel.cs,150,// 初始化时间更新定时器
ignore-comment,ViewModels\MainContainerViewModel.cs,158,// 更新当前时间
ignore-comment,ViewModels\MainContainerViewModel.cs,161,// 订阅会话变化事件
ignore-comment,ViewModels\MainContainerViewModel.cs,166,// 初始化当前状态
maybe,ViewModels\MainContainerViewModel.cs,170,"_logHelper?.Information(""MainContainerViewModel 初始化完成"");"
maybe,ViewModels\MainContainerViewModel.cs,211,"_logHelper?.Error($""恢复测量流程失败: MeasurementId={e.Record.Id}"", ex);"
ignore-comment,ViewModels\MainContainerViewModel.cs,216,/// 初始化导航菜单项
ignore-comment,ViewModels\MainContainerViewModel.cs,258,// 更新所有导航项的标题
ignore-comment,ViewModels\MainContainerViewModel.cs,261,// 默认选中第一项
ignore-comment,ViewModels\MainContainerViewModel.cs,266,// 加载默认子视图
ignore-comment,ViewModels\MainContainerViewModel.cs,272,/// 更新导航菜单标题
ignore-comment,ViewModels\MainContainerViewModel.cs,283,/// 语言变化事件处理
ignore-comment,ViewModels\MainContainerViewModel.cs,287,// 更新导航菜单标题
ignore-comment,ViewModels\MainContainerViewModel.cs,293,/// 更新用户信息
maybe,ViewModels\MainContainerViewModel.cs,299,"CurrentUsername = user?.Username ?? ""游客"";"
ignore-comment,ViewModels\MainContainerViewModel.cs,301,// 游客模式下禁用部分菜单
ignore-comment,ViewModels\MainContainerViewModel.cs,315,/// 更新患者信息
must,ViewModels\MainContainerViewModel.cs,322,"CurrentPatientName = ""游客"";"
ignore-comment,ViewModels\MainContainerViewModel.cs,348,/// 时间更新事件
ignore-comment,ViewModels\MainContainerViewModel.cs,363,/// 更新当前时间
ignore-comment,ViewModels\MainContainerViewModel.cs,373,/// 获取本地化的星期几
ignore-comment,ViewModels\MainContainerViewModel.cs,393,/// 当前患者变化事件
ignore-comment,ViewModels\MainContainerViewModel.cs,402,/// 当前用户变化事件
ignore-comment,ViewModels\MainContainerViewModel.cs,411,/// 选中导航项变化
ignore-comment,ViewModels\MainContainerViewModel.cs,415,// 如果应用正在关闭或已释放，不执行任何操作
maybe,ViewModels\MainContainerViewModel.cs,426,"_logHelper?.Information($""导航切换到: {newValue.Title}"");"
ignore-comment,ViewModels\MainContainerViewModel.cs,428,// 加载对应的子视图
ignore-comment,ViewModels\MainContainerViewModel.cs,434,/// 加载子视图
ignore-comment,ViewModels\MainContainerViewModel.cs,438,// 如果应用正在关闭或已释放，不加载视图
maybe,ViewModels\MainContainerViewModel.cs,455,"_logHelper?.Information($""加载子视图: {viewModelName}"");"
maybe,ViewModels\MainContainerViewModel.cs,462,"_logHelper?.Error($""加载子视图失败: {viewModelName}"", ex);"
ignore,ViewModels\MainContainerViewModel.cs,467,#region 命令
ignore-comment,ViewModels\MainContainerViewModel.cs,470,/// 切换导航栏展开/折叠
ignore-comment,ViewModels\MainContainerViewModel.cs,479,/// 导航到指定菜单项
ignore-comment,ViewModels\MainContainerViewModel.cs,491,/// 切换患者
ignore-comment,ViewModels\MainContainerViewModel.cs,496,// 提示保存当前工作
must,ViewModels\MainContainerViewModel.cs,502,"Title = ""切换患者"","
must,ViewModels\MainContainerViewModel.cs,503,"Message = ""切换患者前请确保当前工作已保存。是否继续？"""
maybe,ViewModels\MainContainerViewModel.cs,510,"_logHelper?.Information(""用户选择切换患者"");"
ignore-comment,ViewModels\MainContainerViewModel.cs,517,/// 退出登录
ignore-comment,ViewModels\MainContainerViewModel.cs,522,// 提示保存当前工作
must,ViewModels\MainContainerViewModel.cs,528,"Title = ""退出登录"","
maybe,ViewModels\MainContainerViewModel.cs,530,"? ""游客模式下的临时数据将被清除。是否确认退出？"""
maybe,ViewModels\MainContainerViewModel.cs,531,": ""退出登录前请确保当前工作已保存。是否确认退出？"""
maybe,ViewModels\MainContainerViewModel.cs,538,"_logHelper?.Information($""用户退出登录: {CurrentUsername}"");"
ignore-comment,ViewModels\MainContainerViewModel.cs,540,// 清除会话
ignore-comment,ViewModels\MainContainerViewModel.cs,543,// 清除导航栈并导航到登录界面
ignore-comment,ViewModels\MainContainerViewModel.cs,557,/// 释放资源
ignore-comment,ViewModels\MainContainerViewModel.cs,579,/// 确认对话框ViewModel
ignore-comment,ViewModels\MainContainerViewModel.cs,584,/// 对话框标题
maybe,ViewModels\MainContainerViewModel.cs,587,"private string _title = ""确认"";"
ignore-comment,ViewModels\MainContainerViewModel.cs,590,/// 对话框消息
ignore-comment,ViewModels\MainContainerViewModel.cs,596,/// 确认按钮文本
must,ViewModels\MainContainerViewModel.cs,599,"private string _confirmText = ""确定"";"
ignore-comment,ViewModels\MainContainerViewModel.cs,602,/// 取消按钮文本
must,ViewModels\MainContainerViewModel.cs,605,"private string _cancelText = ""取消"";"
ignore-comment,ViewModels\MainContainerViewModel.cs,608,/// 是否显示取消按钮
ignore-comment,ViewModels\MainContainerViewModel.cs,614,/// 图标名称，使用 MaterialDesign PackIconKind 字符串。
ignore-comment,ViewModels\MainWindowViewModel.cs,10,/// 主窗口ViewModel
must,ViewModels\MainWindowViewModel.cs,25,"private string _userDisplayName = ""游客"";"
ignore-comment,ViewModels\MainWindowViewModel.cs,29,/// 窗口标题
ignore-comment,ViewModels\MainWindowViewModel.cs,38,/// 当前视图
ignore-comment,ViewModels\MainWindowViewModel.cs,47,/// 版本号
ignore-comment,ViewModels\MainWindowViewModel.cs,56,/// 是否全屏
ignore-comment,ViewModels\MainWindowViewModel.cs,65,/// 切换全屏命令
ignore-comment,ViewModels\MainWindowViewModel.cs,70,/// 退出全屏命令
ignore-comment,ViewModels\MainWindowViewModel.cs,75,/// 退出登录命令
ignore-comment,ViewModels\MainWindowViewModel.cs,80,/// 当前显示的账号名，登录后自动更新
ignore-comment,ViewModels\MainWindowViewModel.cs,89,/// 是否正在显示登录页（登录页时隐藏标题栏）
ignore-comment,ViewModels\MainWindowViewModel.cs,96,/// 构造函数
ignore-comment,ViewModels\MainWindowViewModel.cs,111,// 初始化命令
ignore-comment,ViewModels\MainWindowViewModel.cs,119,// 监听导航服务的视图变化
ignore-comment,ViewModels\MainWindowViewModel.cs,137,// 监听语言变化，更新标题
ignore-comment,ViewModels\MainWindowViewModel.cs,143,// 初始化时立即应用当前语言的标题
ignore-comment,ViewModels\MainWindowViewModel.cs,148,/// 切换全屏
ignore-comment,ViewModels\MainWindowViewModel.cs,156,/// 退出全屏
ignore-comment,ViewModels\MainWindowViewModel.cs,164,/// 从全局标题栏退出当前账号。
must,ViewModels\MainWindowViewModel.cs,173,"Title = ""退出登录"","
must,ViewModels\MainWindowViewModel.cs,174,"Message = ""退出登录前请确保当前工作已保存。是否确认退出？"","
must,ViewModels\MainWindowViewModel.cs,175,"ConfirmText = ""确定"","
must,ViewModels\MainWindowViewModel.cs,176,"CancelText = ""取消"","
ignore-comment,ViewModels\MainWindowViewModel.cs,198,/// 从 SessionService 刷新当前账号显示名称
maybe,ViewModels\MainWindowViewModel.cs,207,": ""游客"";"
ignore-comment,ViewModels\MeasurementDetailViewModel.cs,10,/// 测量详情视图模型
ignore,ViewModels\MeasurementDetailViewModel.cs,17,#region 属性
ignore-comment,ViewModels\MeasurementDetailViewModel.cs,20,/// 测量记录
ignore-comment,ViewModels\MeasurementDetailViewModel.cs,26,/// 是否可导出
ignore,ViewModels\MeasurementDetailViewModel.cs,33,#region 显示属性
ignore-comment,ViewModels\MeasurementDetailViewModel.cs,36,/// 患者姓名
ignore-comment,ViewModels\MeasurementDetailViewModel.cs,41,/// 性别
ignore-comment,ViewModels\MeasurementDetailViewModel.cs,46,/// 年龄
ignore-comment,ViewModels\MeasurementDetailViewModel.cs,51,/// 电话
ignore-comment,ViewModels\MeasurementDetailViewModel.cs,56,/// 证件号
ignore-comment,ViewModels\MeasurementDetailViewModel.cs,61,/// 测量日期
ignore-comment,ViewModels\MeasurementDetailViewModel.cs,66,/// 操作员
ignore-comment,ViewModels\MeasurementDetailViewModel.cs,71,/// 测量状态
maybe,ViewModels\MeasurementDetailViewModel.cs,75,"MeasurementStatus.Pending => ""待处理"","
maybe,ViewModels\MeasurementDetailViewModel.cs,76,"MeasurementStatus.InProgress => ""分析中"","
maybe,ViewModels\MeasurementDetailViewModel.cs,77,"MeasurementStatus.Completed => ""已完成"","
maybe,ViewModels\MeasurementDetailViewModel.cs,78,"MeasurementStatus.Cancelled => ""待处理"","
maybe,ViewModels\MeasurementDetailViewModel.cs,79,"MeasurementStatus.Failed => ""分析失败"","
ignore-comment,ViewModels\MeasurementDetailViewModel.cs,84,/// 状态颜色
ignore-comment,ViewModels\MeasurementDetailViewModel.cs,97,/// 测量时长
maybe,ViewModels\MeasurementDetailViewModel.cs,100,"? $""{Record.DurationSeconds / 60}分{Record.DurationSeconds % 60}秒"""
ignore-comment,ViewModels\MeasurementDetailViewModel.cs,104,/// 是否有步态参数
ignore,ViewModels\MeasurementDetailViewModel.cs,108,#region 步态参数
ignore-comment,ViewModels\MeasurementDetailViewModel.cs,111,/// 左脚步幅
ignore-comment,ViewModels\MeasurementDetailViewModel.cs,116,/// 右脚步幅
ignore-comment,ViewModels\MeasurementDetailViewModel.cs,121,/// 步频
ignore-comment,ViewModels\MeasurementDetailViewModel.cs,126,/// 步速
ignore-comment,ViewModels\MeasurementDetailViewModel.cs,131,/// 左脚支撑相
ignore-comment,ViewModels\MeasurementDetailViewModel.cs,136,/// 右脚支撑相
ignore-comment,ViewModels\MeasurementDetailViewModel.cs,141,/// 双支撑时间
ignore-comment,ViewModels\MeasurementDetailViewModel.cs,146,/// 步宽
ignore-comment,ViewModels\MeasurementDetailViewModel.cs,155,/// 对话框关闭请求事件
ignore-comment,ViewModels\MeasurementDetailViewModel.cs,160,/// 构造函数
ignore-comment,ViewModels\MeasurementDetailViewModel.cs,170,/// 初始化
ignore-comment,ViewModels\MeasurementDetailViewModel.cs,197,/// 关闭命令
ignore-comment,ViewModels\MeasurementDetailViewModel.cs,206,/// 导出命令
must,ViewModels\MeasurementDetailViewModel.cs,217,"Title = ""导出测量数据"","
maybe,ViewModels\MeasurementDetailViewModel.cs,218,"Filter = ""Excel文件 (*.xlsx)|*.xlsx|CSV文件 (*.csv)|*.csv"","
must,ViewModels\MeasurementDetailViewModel.cs,219,"FileName = $""测量数据_{Record.Patient?.Name}_{Record.MeasurementDate:yyyyMMdd}"""
must,ViewModels\MeasurementDetailViewModel.cs,230,"System.Windows.MessageBox.Show(""导出成功！"", ""提示"", System.Windows.MessageBoxButton.OK, System.Windows.MessageBoxImage.Information);"
must,ViewModels\MeasurementDetailViewModel.cs,234,"System.Windows.MessageBox.Show(""导出失败，请重试"", ""错误"", System.Windows.MessageBoxButton.OK, System.Windows.MessageBoxImage.Error);"
must,ViewModels\MeasurementDetailViewModel.cs,240,"System.Windows.MessageBox.Show($""导出失败：{ex.Message}"", ""错误"", System.Windows.MessageBoxButton.OK, System.Windows.MessageBoxImage.Error);"
ignore-comment,ViewModels\OperationProgressDialogViewModel.cs,9,/// 通用耗时操作进度弹窗 ViewModel。
must,ViewModels\OperationProgressDialogViewModel.cs,56,"public string ProgressText => IsIndeterminate ? ""处理中"" : $""{Math.Round(Progress)}%"";"
maybe,ViewModels\OperationProgressDialogViewModel.cs,82,"Stage = ""完成"";"
maybe,ViewModels\OperationProgressDialogViewModel.cs,91,"Stage = ""失败"";"
maybe,ViewModels\OperationProgressDialogViewModel.cs,105,"Stage = ""正在取消"";"
must,ViewModels\OperationProgressDialogViewModel.cs,106,"Message = ""正在停止当前操作，请稍候..."";"
ignore-comment,ViewModels\PageItem.cs,6,/// 分页页码项（数字或省略号）
ignore-comment,ViewModels\PageItem.cs,11,/// 页码数字，省略号时为 -1
ignore-comment,ViewModels\PageItem.cs,16,/// 显示文本
ignore-comment,ViewModels\PageItem.cs,21,/// 是否为省略号（不可点击）
ignore-comment,ViewModels\PageItem.cs,26,/// 是否为当前选中页
maybe,ViewModels\PasswordResetDialogViewModel.cs,10,"private string _title = ""重置密码"";"
must,ViewModels\PasswordResetDialogViewModel.cs,37,"ValidationError = ""登录密码不能为空"";"
must,ViewModels\PasswordResetDialogViewModel.cs,43,"ValidationError = ""密码由纯数字组成"";"
must,ViewModels\PasswordResetDialogViewModel.cs,49,"ValidationError = ""密码长度至少为6位"";"
must,ViewModels\PasswordResetDialogViewModel.cs,55,"ValidationError = ""密码不一致！"";"
maybe,ViewModels\PatientEditViewModel.cs,179,"return ""身高不能为空"";"
must,ViewModels\PatientEditViewModel.cs,211,"DialogTitle = ""添加新患者信息"";"
must,ViewModels\PatientEditViewModel.cs,223,"DialogTitle = ""编辑患者信息"";"
must,ViewModels\PatientEditViewModel.cs,290,"ErrorMessage = ""身高不能为空"";"
must,ViewModels\PatientEditViewModel.cs,354,"ErrorMessage = _localizationService.GetString(""SaveFailedError"", ""数据库更新失败"");"
must,ViewModels\PatientEditViewModel.cs,370,"ErrorMessage = _localizationService.GetString(""SaveFailedError"", ""数据库插入失败"");"
ignore-comment,ViewModels\PatientRowItem.cs,7,/// 患者列表行包装（含显示序号和选中状态）
ignore-comment,ViewModels\PatientRowItem.cs,12,/// 界面显示序号（跨页连续）
ignore-comment,ViewModels\PatientRowItem.cs,17,/// 原始患者数据
ignore-comment,ViewModels\PatientRowItem.cs,22,/// 是否被勾选
ignore-comment,ViewModels\PatientSelectionViewModel.cs,22,/// 服务
ignore-comment,ViewModels\PatientSelectionViewModel.cs,76,/// 已选中的患者数量
ignore-comment,ViewModels\PatientSelectionViewModel.cs,81,/// 全选状态：0=未选，1=部分选，2=全选
ignore-comment,ViewModels\PatientSelectionViewModel.cs,136,/// Load patients加载患者
ignore-comment,ViewModels\PatientSelectionViewModel.cs,164,// Apply search//如果搜索框输入不为空，则进行过滤
ignore-comment,ViewModels\PatientSelectionViewModel.cs,213,// 更新分页导航状态
ignore-comment,ViewModels\PatientSelectionViewModel.cs,217,// 更新页码列表
ignore-comment,ViewModels\PatientSelectionViewModel.cs,222,/// 根据列表可视区域高度动态更新每页条数。
ignore-comment,ViewModels\PatientSelectionViewModel.cs,224,"/// <param name=""viewportHeight"">列表可视区域高度。</param>"
maybe,ViewModels\PatientSelectionViewModel.cs,252,"_logHelper?.Information($""患者列表每页条数已根据可视高度更新为 {_pageSize}。"");"
ignore-comment,ViewModels\PatientSelectionViewModel.cs,256,/// 构建分页页码项集合（支持省略号）
ignore-comment,ViewModels\PatientSelectionViewModel.cs,263,// 始终显示：首页、尾页、当前页及其前后各1页，其余用省略号
ignore-comment,ViewModels\PatientSelectionViewModel.cs,404,/// 显示确认对话框。
must,ViewModels\PatientSelectionViewModel.cs,415,"ConfirmText = ""确定"","
must,ViewModels\PatientSelectionViewModel.cs,416,"CancelText = ""取消"","
ignore-comment,ViewModels\PatientSelectionViewModel.cs,427,/// 显示提示对话框。
must,ViewModels\PatientSelectionViewModel.cs,438,"ConfirmText = ""确定"","
must,ViewModels\PatientSelectionViewModel.cs,470,"Title = ""导入患者基础资料"","
maybe,ViewModels\PatientSelectionViewModel.cs,471,"Filter = ""患者资料文件 (*.xlsx;*.xls;*.csv)|*.xlsx;*.xls;*.csv|Excel 文件 (*.xlsx;*.xls)|*.xlsx;*.xls|CSV 文件 (*.csv)|*.csv"","
maybe,ViewModels\PatientSelectionViewModel.cs,483,"""导入患者基础资料"","
maybe,ViewModels\PatientSelectionViewModel.cs,484,"""正在导入"","
maybe,ViewModels\PatientSelectionViewModel.cs,485,"""正在读取患者资料文件..."","
maybe,ViewModels\PatientSelectionViewModel.cs,490,"$""导入完成：新增 {result.AddedCount} 条，更新 {result.UpdatedCount} 条，跳过 {result.SkippedCount} 条。"","
maybe,ViewModels\PatientSelectionViewModel.cs,491,"""提示"");"
maybe,ViewModels\PatientSelectionViewModel.cs,492,"_logHelper?.Information($""患者资料导入完成：新增={result.AddedCount}, 更新={result.UpdatedCount}, 跳过={result.SkippedCount}"");"
maybe,ViewModels\PatientSelectionViewModel.cs,496,"await ShowNoticeDialogAsync(""导入已取消。"", ""提示"");"
maybe,ViewModels\PatientSelectionViewModel.cs,500,"_logHelper?.Error(""患者资料导入失败"", ex);"
maybe,ViewModels\PatientSelectionViewModel.cs,501,"await ShowNoticeDialogAsync($""导入失败：{ex.Message}"", ""错误"");"
maybe,ViewModels\PatientSelectionViewModel.cs,516,"await ShowNoticeDialogAsync(""请先选择要导出的患者。"", ""提示"");"
must,ViewModels\PatientSelectionViewModel.cs,522,"Title = ""导出患者基础资料"","
maybe,ViewModels\PatientSelectionViewModel.cs,523,"Filter = ""Excel 文件 (*.xlsx)|*.xlsx|CSV 文件 (*.csv)|*.csv"","
must,ViewModels\PatientSelectionViewModel.cs,524,"FileName = $""患者基础资料_{DateTime.Now:yyyyMMdd_HHmmss}.xlsx"","
maybe,ViewModels\PatientSelectionViewModel.cs,539,"""导出患者基础资料"","
maybe,ViewModels\PatientSelectionViewModel.cs,540,"""正在导出"","
maybe,ViewModels\PatientSelectionViewModel.cs,541,"$""正在导出 {exportPatients.Count} 条患者资料..."","
must,ViewModels\PatientSelectionViewModel.cs,544,"progress.Report(new OperationProgressInfo(20, ""准备数据"", ""正在整理患者基础资料...""));"
must,ViewModels\PatientSelectionViewModel.cs,547,"progress.Report(new OperationProgressInfo(55, ""写入文件"", $""正在写入 {Path.GetFileName(filePath)}...""));"
must,ViewModels\PatientSelectionViewModel.cs,549,"progress.Report(new OperationProgressInfo(92, ""完成校验"", ""正在确认导出文件...""));"
maybe,ViewModels\PatientSelectionViewModel.cs,554,"await ShowNoticeDialogAsync(success ? $""导出成功：{filePath}"" : ""导出失败，请检查文件是否被占用。"", success ? ""提示"" : ""错误"");"
maybe,ViewModels\PatientSelectionViewModel.cs,555,"_logHelper?.Information($""患者资料导出：Count={exportPatients.Count}, File={filePath}, Success={success}"");"
maybe,ViewModels\PatientSelectionViewModel.cs,559,"await ShowNoticeDialogAsync(""导出已取消。"", ""提示"");"
maybe,ViewModels\PatientSelectionViewModel.cs,563,"_logHelper?.Error(""患者资料导出失败"", ex);"
maybe,ViewModels\PatientSelectionViewModel.cs,564,"await ShowNoticeDialogAsync($""导出失败：{ex.Message}"", ""错误"");"
must,ViewModels\PatientSelectionViewModel.cs,604,"progress.Report(new OperationProgressInfo(10, ""读取文件"", ""正在解析患者资料文件...""));"
must,ViewModels\PatientSelectionViewModel.cs,608,"progress.Report(new OperationProgressInfo(35, ""校验数据"", $""已读取 {importedPatients.Count} 条患者资料，正在校验...""));"
must,ViewModels\PatientSelectionViewModel.cs,619,"progress.Report(new OperationProgressInfo(percent, ""写入数据"", $""正在处理 {index + 1}/{importedPatients.Count}：{imported.Name}""));"
must,ViewModels\PatientSelectionViewModel.cs,657,"progress.Report(new OperationProgressInfo(95, ""刷新列表"", ""正在刷新患者列表...""));"
maybe,ViewModels\PatientSelectionViewModel.cs,724,"progressViewModel.MarkCompleted(""操作已完成。"");"
maybe,ViewModels\PatientSelectionViewModel.cs,733,"progressViewModel.MarkFailed(""操作已取消。"");"
maybe,ViewModels\PatientSelectionViewModel.cs,742,"progressViewModel.MarkFailed(""操作执行失败。"");"
maybe,ViewModels\PatientSelectionViewModel.cs,785,"""请先选择一个患者"","
maybe,ViewModels\PatientSelectionViewModel.cs,786,"""提示"","
ignore-comment,ViewModels\PatientSelectionViewModel.cs,842,// 用于双击检测
ignore-comment,ViewModels\PatientSelectionViewModel.cs,848,/// Toggle patient row selection command（单击选中；双击直接进入）
ignore-comment,ViewModels\PatientSelectionViewModel.cs,862,// 双击：直接选中并进入
ignore-comment,ViewModels\PatientSelectionViewModel.cs,873,// 单击：切换选中状态
ignore-comment,ViewModels\PatientSelectionViewModel.cs,892,/// Patient double click command（保留以兼容 XAML 绑定，实际由 ToggleSelect 处理）
ignore-comment,ViewModels\PatientSelectionViewModel.cs,897,// 双击逻辑已在 ToggleSelect 中通过时间检测处理，此处作为备用
maybe,ViewModels\PatientSelectionViewModel.cs,967,"UserRole.Administrator => ""管理员"","
maybe,ViewModels\PatientSelectionViewModel.cs,968,"UserRole.Operator => ""操作员"","
maybe,ViewModels\PatientSelectionViewModel.cs,969,"UserRole.Guest => ""游客"","
maybe,ViewModels\PatientSelectionViewModel.cs,970,"_ => ""未知"""
ignore-comment,ViewModels\ReportPreviewDialogViewModel.cs,22,/// 报告预览对话框视图模型。
must,ViewModels\ReportPreviewDialogViewModel.cs,26,"private const string DefaultUnitName = ""步态智能分析系统"";"
must,ViewModels\ReportPreviewDialogViewModel.cs,29,"private string _previewStatus = ""尚未加载报告预览。"";"
must,ViewModels\ReportPreviewDialogViewModel.cs,107,"public string ReportTitle => string.IsNullOrWhiteSpace(Report?.Title) ? ""步态分析报告"" : Report.Title;"
must,ViewModels\ReportPreviewDialogViewModel.cs,117,": Report?.PatientId > 0 ? $""患者 #{Report.PatientId}"" : ""--"";"
maybe,ViewModels\ReportPreviewDialogViewModel.cs,137,"return record.HasDualVideo ? ""双视角模式"" : record.HasSideVideo || record.HasFrontVideo ? ""单视角模式"" : ""--"";"
maybe,ViewModels\ReportPreviewDialogViewModel.cs,156,"return sections.Count > 0 ? string.Join(""、"", sections) : ""未选择包含项"";"
must,ViewModels\ReportPreviewDialogViewModel.cs,197,"PreviewStatus = ""已生成当前报告预览，可在返回配置后继续调整。"";"
must,ViewModels\ReportPreviewDialogViewModel.cs,219,"MessageBox.Show(""当前没有可打印的报告预览。"", ""提示"", MessageBoxButton.OK, MessageBoxImage.Information);"
must,ViewModels\ReportPreviewDialogViewModel.cs,223,"var printed = PrintHelper.PrintDocument(PreviewDocument, $""报告_{ReportNumber}"", showDialog: true);"
must,ViewModels\ReportPreviewDialogViewModel.cs,226,"MessageBox.Show(""报告已发送到打印队列。"", ""打印"", MessageBoxButton.OK, MessageBoxImage.Information);"
must,ViewModels\ReportPreviewDialogViewModel.cs,242,"Title = ""导出报告"","
maybe,ViewModels\ReportPreviewDialogViewModel.cs,243,"Filter = ""PDF 文件 (*.pdf)|*.pdf"","
must,ViewModels\ReportPreviewDialogViewModel.cs,244,"FileName = $""报告_{SanitizeFileName(ReportNumber)}.pdf"""
maybe,ViewModels\ReportPreviewDialogViewModel.cs,279,"success ? $""报告已导出至：\n{filePath}"" : ""PDF 导出失败。"","
maybe,ViewModels\ReportPreviewDialogViewModel.cs,280,"success ? ""导出成功"" : ""导出失败"","
must,ViewModels\ReportPreviewDialogViewModel.cs,286,"MessageBox.Show($""导出失败：{ex.Message}"", ""导出失败"", MessageBoxButton.OK, MessageBoxImage.Error);"
maybe,ViewModels\ReportPreviewDialogViewModel.cs,355,"AddClinicalParameterSection(document, ""步态时空参数"", ""反映整体步行效率、节律稳定性和支撑相分配，是评估步态功能的基础参数。"","
maybe,ViewModels\ReportPreviewDialogViewModel.cs,357,"(""步态周期"", FormatSeconds(data.MeanCycleDurationSec), ""s"", ""参考 0.9-1.2""),"
maybe,ViewModels\ReportPreviewDialogViewModel.cs,358,"(""平均步长"", FormatMeters(data.MeanStepLengthM), ""m"", ""参考 0.55-0.75""),"
maybe,ViewModels\ReportPreviewDialogViewModel.cs,359,"(""平均步幅"", FormatMeters(data.MeanStrideLengthM), ""m"", ""参考 1.10-1.50""),"
maybe,ViewModels\ReportPreviewDialogViewModel.cs,360,"(""平均步频"", FormatNumber(data.CadenceStepPerMin, ""F1""), ""step/min"", ""参考 100-120""),"
maybe,ViewModels\ReportPreviewDialogViewModel.cs,361,"(""平均步速"", FormatNumber(data.GaitSpeedMPerS, ""F2""), ""m/s"", ""参考 1.0-1.4""),"
maybe,ViewModels\ReportPreviewDialogViewModel.cs,362,"(""站立相时间"", FormatNumber(data.MeanStanceTimeSec, ""F2""), ""s"", ""参考 0.60-0.80""),"
maybe,ViewModels\ReportPreviewDialogViewModel.cs,363,"(""摆动相时间"", FormatNumber(data.MeanSwingTimeSec, ""F2""), ""s"", ""参考 0.30-0.45""),"
maybe,ViewModels\ReportPreviewDialogViewModel.cs,364,"(""双支撑时间"", FormatNumber(data.MeanDoubleSupportTimeSec, ""F2""), ""s"", ""参考 0.15-0.25""),"
maybe,ViewModels\ReportPreviewDialogViewModel.cs,365,"(""单支撑时间"", FormatNumber(data.MeanSingleSupportTimeSec, ""F2""), ""s"", ""参考 0.40-0.55"")"
maybe,ViewModels\ReportPreviewDialogViewModel.cs,373,"(""左髋 ROM"", FormatNumber(data.LeftHipRomDeg, ""F1""), ""°"", ""--""),"
maybe,ViewModels\ReportPreviewDialogViewModel.cs,374,"(""右髋 ROM"", FormatNumber(data.RightHipRomDeg, ""F1""), ""°"", ""--""),"
maybe,ViewModels\ReportPreviewDialogViewModel.cs,375,"(""左膝 ROM"", FormatNumber(data.LeftKneeRomDeg, ""F1""), ""°"", ""--""),"
maybe,ViewModels\ReportPreviewDialogViewModel.cs,376,"(""右膝 ROM"", FormatNumber(data.RightKneeRomDeg, ""F1""), ""°"", ""--""),"
maybe,ViewModels\ReportPreviewDialogViewModel.cs,377,"(""左踝 ROM"", FormatNumber(data.LeftAnkleRomDeg, ""F1""), ""°"", ""--""),"
maybe,ViewModels\ReportPreviewDialogViewModel.cs,378,"(""右踝 ROM"", FormatNumber(data.RightAnkleRomDeg, ""F1""), ""°"", ""--""),"
maybe,ViewModels\ReportPreviewDialogViewModel.cs,379,"(""髋关节平均 ROM"", FormatNumber(data.HipRomDeg, ""F1""), ""°"", ""--""),"
maybe,ViewModels\ReportPreviewDialogViewModel.cs,380,"(""膝关节平均 ROM"", FormatNumber(data.KneeRomDeg, ""F1""), ""°"", ""--""),"
maybe,ViewModels\ReportPreviewDialogViewModel.cs,381,"(""踝关节平均 ROM"", FormatNumber(data.AnkleRomDeg, ""F1""), ""°"", ""--"")"
maybe,ViewModels\ReportPreviewDialogViewModel.cs,386,"kinematicItems.Add((""骨盆冠状面角度"", FormatNumber(data.PelvisCoronalRomDeg, ""F1""), ""°"", ""--""));"
maybe,ViewModels\ReportPreviewDialogViewModel.cs,389,"AddClinicalParameterSection(document, ""运动学参数"", ""展示下肢主要关节活动范围，用于识别关节活动受限、代偿和左右活动差异。"","
maybe,ViewModels\ReportPreviewDialogViewModel.cs,395,"AddClinicalParameterSection(document, ""躯干和骨盆参数"", ""用于观察躯干稳定性、骨盆控制能力和步行过程中的姿态代偿情况。"","
maybe,ViewModels\ReportPreviewDialogViewModel.cs,397,"(""躯干倾斜平均角度"", FormatNumber(data.TrunkTiltMeanDeg, ""F1""), ""°"", ""--""),"
maybe,ViewModels\ReportPreviewDialogViewModel.cs,398,"(""躯干倾斜最大角度"", FormatNumber(data.TrunkTiltMaxDeg, ""F1""), ""°"", ""--""),"
maybe,ViewModels\ReportPreviewDialogViewModel.cs,399,"(""躯干倾斜最小角度"", FormatNumber(data.TrunkTiltMinDeg, ""F1""), ""°"", ""--""),"
maybe,ViewModels\ReportPreviewDialogViewModel.cs,400,"(""躯干倾斜活动范围"", FormatNumber(data.TrunkTiltRomDeg, ""F1""), ""°"", ""--""),"
maybe,ViewModels\ReportPreviewDialogViewModel.cs,401,"(""骨盆倾斜平均角度"", FormatNumber(data.PelvisTiltMeanDeg, ""F1""), ""°"", ""--""),"
maybe,ViewModels\ReportPreviewDialogViewModel.cs,402,"(""骨盆倾斜最大角度"", FormatNumber(data.PelvisTiltMaxDeg, ""F1""), ""°"", ""--""),"
maybe,ViewModels\ReportPreviewDialogViewModel.cs,403,"(""骨盆活动范围"", FormatNumber(data.PelvisRomDeg, ""F1""), ""°"", ""--"")"
maybe,ViewModels\ReportPreviewDialogViewModel.cs,409,"AddClinicalParameterSection(document, ""对称性分析"", ""对比左右侧关键时空和运动学指标，辅助判断双侧负重、支撑和摆动是否协调。"","
maybe,ViewModels\ReportPreviewDialogViewModel.cs,411,"(""左右步幅差"", FormatNumber(AbsDiff(data.LeftStrideMeanM, data.RightStrideMeanM), ""F2""), ""m"", ""--""),"
maybe,ViewModels\ReportPreviewDialogViewModel.cs,412,"(""左右步幅差百分比"", FormatNumber(DiffPercent(data.LeftStrideMeanM, data.RightStrideMeanM), ""F1""), ""%"", ""--""),"
maybe,ViewModels\ReportPreviewDialogViewModel.cs,413,"(""左右站立相差"", FormatNumber(AbsDiff(data.LeftStanceRatioPct, data.RightStanceRatioPct), ""F1""), ""%"", ""--""),"
maybe,ViewModels\ReportPreviewDialogViewModel.cs,414,"(""左右站立相差百分比"", FormatNumber(DiffPercent(data.LeftStanceRatioPct, data.RightStanceRatioPct), ""F1""), ""%"", ""--""),"
maybe,ViewModels\ReportPreviewDialogViewModel.cs,415,"(""左右膝关节 ROM 差"", FormatNumber(AbsDiff(data.LeftKneeRomDeg, data.RightKneeRomDeg), ""F1""), ""°"", ""--""),"
maybe,ViewModels\ReportPreviewDialogViewModel.cs,416,"(""左右髋关节 ROM 差"", FormatNumber(AbsDiff(data.LeftHipRomDeg, data.RightHipRomDeg), ""F1""), ""°"", ""--""),"
maybe,ViewModels\ReportPreviewDialogViewModel.cs,417,"(""左右踝关节 ROM 差"", FormatNumber(AbsDiff(data.LeftAnkleRomDeg, data.RightAnkleRomDeg), ""F1""), ""°"", ""--""),"
maybe,ViewModels\ReportPreviewDialogViewModel.cs,418,"(""综合对称性评分"", FormatNumber(data.SymmetryScore, ""F1""), ""分"", ""--"")"
maybe,ViewModels\ReportPreviewDialogViewModel.cs,424,"AddClinicalParameterSection(document, ""左右侧参数"", ""列出左右侧步幅和时相占比，用于复核单侧步态表现。"","
maybe,ViewModels\ReportPreviewDialogViewModel.cs,426,"(""左侧步幅"", FormatMeters(data.LeftStrideMeanM), ""m"", ""--""),"
maybe,ViewModels\ReportPreviewDialogViewModel.cs,427,"(""右侧步幅"", FormatMeters(data.RightStrideMeanM), ""m"", ""--""),"
maybe,ViewModels\ReportPreviewDialogViewModel.cs,428,"(""左侧站立相占比"", FormatNumber(data.LeftStanceRatioPct, ""F1""), ""%"", ""--""),"
maybe,ViewModels\ReportPreviewDialogViewModel.cs,429,"(""右侧站立相占比"", FormatNumber(data.RightStanceRatioPct, ""F1""), ""%"", ""--""),"
maybe,ViewModels\ReportPreviewDialogViewModel.cs,430,"(""左侧摆动相占比"", FormatNumber(ComplementPercent(data.LeftStanceRatioPct), ""F1""), ""%"", ""--""),"
maybe,ViewModels\ReportPreviewDialogViewModel.cs,431,"(""右侧摆动相占比"", FormatNumber(ComplementPercent(data.RightStanceRatioPct), ""F1""), ""%"", ""--"")"
maybe,ViewModels\ReportPreviewDialogViewModel.cs,442,"AddSectionTitle(document, ""报告内容"");"
maybe,ViewModels\ReportPreviewDialogViewModel.cs,443,"AddNoteBox(document, ""未选择报告内容，请在左侧勾选需要预览、打印或导出的参数模块。"");"
maybe,ViewModels\ReportPreviewDialogViewModel.cs,471,"""步态时空参数"","
maybe,ViewModels\ReportPreviewDialogViewModel.cs,472,"""反映整体步行效率、节律稳定性和支撑相分配，是评估步态功能的基础参数。"","
maybe,ViewModels\ReportPreviewDialogViewModel.cs,475,"(""步态周期"", FormatSeconds(report.AnalysisResult?.GaitCycleDurationS ?? report.MeasurementRecord?.GaitParameters?.GaitCycleDurationS, 1.02), ""s"", ""参考 0.9-1.2""),"
maybe,ViewModels\ReportPreviewDialogViewModel.cs,476,"(""步长"", FormatMeters(report.AnalysisResult?.StepLengthM ?? report.MeasurementRecord?.GaitParameters?.StepLengthM, 0.63), ""m"", ""参考 0.55-0.75""),"
maybe,ViewModels\ReportPreviewDialogViewModel.cs,477,"(""步幅"", FormatMeters(report.AnalysisResult?.StrideLengthM ?? report.MeasurementRecord?.GaitParameters?.StrideLengthM, 1.26), ""m"", ""参考 1.10-1.50""),"
maybe,ViewModels\ReportPreviewDialogViewModel.cs,478,"(""步频"", FormatNumber(report.MeasurementRecord?.GaitParameters?.Cadence, 112.5, ""F1""), ""step/min"", ""参考 100-120""),"
maybe,ViewModels\ReportPreviewDialogViewModel.cs,479,"(""步速"", FormatNumber(report.AnalysisResult?.GaitSpeedMPerS ?? report.MeasurementRecord?.GaitParameters?.GaitSpeedMPerS, 1.18, ""F2""), ""m/s"", ""参考 1.0-1.4""),"
maybe,ViewModels\ReportPreviewDialogViewModel.cs,480,"(""站立相时间"", FormatNumber(report.AnalysisResult?.StanceTimeS ?? report.MeasurementRecord?.GaitParameters?.StanceTimeS, 0.72, ""F2""), ""s"", ""参考 0.60-0.80""),"
maybe,ViewModels\ReportPreviewDialogViewModel.cs,481,"(""摆动相时间"", FormatNumber(report.AnalysisResult?.SwingTimeS ?? report.MeasurementRecord?.GaitParameters?.SwingTimeS, 0.38, ""F2""), ""s"", ""参考 0.30-0.45""),"
maybe,ViewModels\ReportPreviewDialogViewModel.cs,482,"(""双支撑时间"", FormatNumber(report.AnalysisResult?.DoubleSupportTimeS ?? report.MeasurementRecord?.GaitParameters?.DoubleSupportTimeS, 0.21, ""F2""), ""s"", ""参考 0.15-0.25""),"
maybe,ViewModels\ReportPreviewDialogViewModel.cs,483,"(""单支撑时间"", FormatNumber(report.AnalysisResult?.SingleSupportTimeS ?? report.MeasurementRecord?.GaitParameters?.SingleSupportTimeS, 0.49, ""F2""), ""s"", ""参考 0.40-0.55"")"
maybe,ViewModels\ReportPreviewDialogViewModel.cs,491,"""运动学参数"","
maybe,ViewModels\ReportPreviewDialogViewModel.cs,492,"""展示下肢主要关节活动范围，用于识别关节活动受限、代偿和左右活动差异。"","
maybe,ViewModels\ReportPreviewDialogViewModel.cs,495,"(""左髋 ROM"", ""43.6"", ""°"", ""--""),"
maybe,ViewModels\ReportPreviewDialogViewModel.cs,496,"(""右髋 ROM"", ""42.1"", ""°"", ""--""),"
maybe,ViewModels\ReportPreviewDialogViewModel.cs,497,"(""左膝 ROM"", ""57.3"", ""°"", ""--""),"
maybe,ViewModels\ReportPreviewDialogViewModel.cs,498,"(""右膝 ROM"", ""55.4"", ""°"", ""--""),"
maybe,ViewModels\ReportPreviewDialogViewModel.cs,499,"(""左踝 ROM"", ""25.1"", ""°"", ""--""),"
maybe,ViewModels\ReportPreviewDialogViewModel.cs,500,"(""右踝 ROM"", ""23.7"", ""°"", ""--""),"
maybe,ViewModels\ReportPreviewDialogViewModel.cs,501,"(""骨盆冠状面角度"", FormatNumber(report.KinematicSummary?.PelvisCoronalRomDeg, 7.8, ""F1""), ""°"", ""--""),"
maybe,ViewModels\ReportPreviewDialogViewModel.cs,502,"(""髋关节 ROM"", FormatNumber(report.KinematicSummary?.HipRomDeg, 42.8, ""F1""), ""°"", ""--""),"
maybe,ViewModels\ReportPreviewDialogViewModel.cs,503,"(""膝关节 ROM"", FormatNumber(report.KinematicSummary?.KneeRomDeg, 57.3, ""F1""), ""°"", ""--""),"
maybe,ViewModels\ReportPreviewDialogViewModel.cs,504,"(""踝关节 ROM"", FormatNumber(report.KinematicSummary?.AnkleRomDeg, 24.6, ""F1""), ""°"", ""--"")"
maybe,ViewModels\ReportPreviewDialogViewModel.cs,512,"""躯干和骨盆参数"","
maybe,ViewModels\ReportPreviewDialogViewModel.cs,513,"""用于观察躯干稳定性、骨盆控制能力和步行过程中的姿势代偿情况。"","
maybe,ViewModels\ReportPreviewDialogViewModel.cs,516,"(""躯干倾斜平均角度"", ""4.2"", ""°"", ""--""),"
maybe,ViewModels\ReportPreviewDialogViewModel.cs,517,"(""躯干倾斜最大角度"", ""8.5"", ""°"", ""--""),"
maybe,ViewModels\ReportPreviewDialogViewModel.cs,518,"(""躯干倾斜最小角度"", ""1.2"", ""°"", ""--""),"
maybe,ViewModels\ReportPreviewDialogViewModel.cs,519,"(""躯干倾斜活动范围"", ""7.3"", ""°"", ""--""),"
maybe,ViewModels\ReportPreviewDialogViewModel.cs,520,"(""骨盆倾斜角"", ""6.1"", ""°"", ""--""),"
maybe,ViewModels\ReportPreviewDialogViewModel.cs,521,"(""骨盆侧倾角"", ""3.4"", ""°"", ""--""),"
maybe,ViewModels\ReportPreviewDialogViewModel.cs,522,"(""躯干侧屈角"", ""2.8"", ""°"", ""--"")"
maybe,ViewModels\ReportPreviewDialogViewModel.cs,530,"""对称性分析"","
maybe,ViewModels\ReportPreviewDialogViewModel.cs,531,"""对比左右侧关键时空和运动学指标，辅助判断双侧负重、支撑和摆动是否协调。"","
maybe,ViewModels\ReportPreviewDialogViewModel.cs,534,"(""左右步长差"", ""0.02"", ""m"", ""--""),"
maybe,ViewModels\ReportPreviewDialogViewModel.cs,535,"(""左右步长差百分比"", ""3.2"", ""%"", ""--""),"
maybe,ViewModels\ReportPreviewDialogViewModel.cs,536,"(""左右站立相差"", ""0.03"", ""s"", ""--""),"
maybe,ViewModels\ReportPreviewDialogViewModel.cs,537,"(""左右站立相差百分比"", ""4.1"", ""%"", ""--""),"
maybe,ViewModels\ReportPreviewDialogViewModel.cs,538,"(""左右摆动相差"", ""0.02"", ""s"", ""--""),"
maybe,ViewModels\ReportPreviewDialogViewModel.cs,539,"(""左右膝关节 ROM 差"", ""1.9"", ""°"", ""--""),"
maybe,ViewModels\ReportPreviewDialogViewModel.cs,540,"(""左右髋关节 ROM 差"", ""2.4"", ""°"", ""--""),"
maybe,ViewModels\ReportPreviewDialogViewModel.cs,541,"(""左右踝关节 ROM 差"", ""1.6"", ""°"", ""--""),"
maybe,ViewModels\ReportPreviewDialogViewModel.cs,542,"(""综合对称性评分"", FormatNumber(report.MeasurementRecord?.GaitParameters?.SymmetryIndex, 92.4, ""F1""), ""分"", ""--"")"
maybe,ViewModels\ReportPreviewDialogViewModel.cs,550,"""左右侧参数"","
maybe,ViewModels\ReportPreviewDialogViewModel.cs,551,"""列出左右侧步长、步幅和时相占比，用于复核单侧步态表现。"","
maybe,ViewModels\ReportPreviewDialogViewModel.cs,554,"(""左侧步长"", FormatMetersFromCentimeters(report.MeasurementRecord?.GaitParameters?.StepLengthLeft, 0.62), ""m"", ""--""),"
maybe,ViewModels\ReportPreviewDialogViewModel.cs,555,"(""右侧步长"", FormatMetersFromCentimeters(report.MeasurementRecord?.GaitParameters?.StepLengthRight, 0.64), ""m"", ""--""),"
maybe,ViewModels\ReportPreviewDialogViewModel.cs,556,"(""左侧步幅"", FormatMetersFromCentimeters(report.MeasurementRecord?.GaitParameters?.StrideLengthLeft, 1.25), ""m"", ""--""),"
maybe,ViewModels\ReportPreviewDialogViewModel.cs,557,"(""右侧步幅"", FormatMetersFromCentimeters(report.MeasurementRecord?.GaitParameters?.StrideLengthRight, 1.27), ""m"", ""--""),"
maybe,ViewModels\ReportPreviewDialogViewModel.cs,558,"(""左侧站立相占比"", FormatNumber(report.MeasurementRecord?.GaitParameters?.StancePhaseLeft, 61.8, ""F1""), ""%"", ""--""),"
maybe,ViewModels\ReportPreviewDialogViewModel.cs,559,"(""右侧站立相占比"", FormatNumber(report.MeasurementRecord?.GaitParameters?.StancePhaseRight, 62.4, ""F1""), ""%"", ""--""),"
maybe,ViewModels\ReportPreviewDialogViewModel.cs,560,"(""左侧摆动相占比"", FormatNumber(report.MeasurementRecord?.GaitParameters?.SwingPhaseLeft, 38.2, ""F1""), ""%"", ""--""),"
maybe,ViewModels\ReportPreviewDialogViewModel.cs,561,"(""右侧摆动相占比"", FormatNumber(report.MeasurementRecord?.GaitParameters?.SwingPhaseRight, 37.6, ""F1""), ""%"", ""--"")"
maybe,ViewModels\ReportPreviewDialogViewModel.cs,572,"AddSectionTitle(document, ""报告内容"");"
maybe,ViewModels\ReportPreviewDialogViewModel.cs,573,"AddNoteBox(document, ""未选择报告内容，请在左侧勾选需要预览、打印或导出的参数模块。"");"
must,ViewModels\ReportPreviewDialogViewModel.cs,604,"document.Blocks.Add(new Paragraph(new Run(string.IsNullOrWhiteSpace(report.Title) ? ""步态分析报告"" : report.Title))"
must,ViewModels\ReportPreviewDialogViewModel.cs,612,"document.Blocks.Add(new Paragraph(new Run($""报告编号：{ReportNumber}""))"
maybe,ViewModels\ReportPreviewDialogViewModel.cs,657,"AddSectionTitle(document, ""基本信息"");"
maybe,ViewModels\ReportPreviewDialogViewModel.cs,660,"(""患者"", PatientNameDisplay),"
must,ViewModels\ReportPreviewDialogViewModel.cs,661,"(""性别"", patient?.GenderDisplay ?? ""--""),"
maybe,ViewModels\ReportPreviewDialogViewModel.cs,662,"(""年龄"", patient?.Age is int age ? $""{age} 岁"" : ""--""),"
maybe,ViewModels\ReportPreviewDialogViewModel.cs,663,"(""身高"", patient?.Height is double height ? $""{height:F0} cm"" : ""--""),"
maybe,ViewModels\ReportPreviewDialogViewModel.cs,664,"(""测量类型"", MeasurementTypeDisplay),"
maybe,ViewModels\ReportPreviewDialogViewModel.cs,665,"(""分析模式"", AnalysisModeDisplay),"
maybe,ViewModels\ReportPreviewDialogViewModel.cs,666,"(""测量时间"", MeasurementDateDisplay)"
maybe,ViewModels\ReportPreviewDialogViewModel.cs,672,"AddSectionTitle(document, ""评估摘要"");"
maybe,ViewModels\ReportPreviewDialogViewModel.cs,673,"var validFrameRatio = data.ValidFrameRatio is double ratio ? $""有效帧比例 {ratio:P0}"" : ""有效帧比例 --"";"
maybe,ViewModels\ReportPreviewDialogViewModel.cs,674,"var cycleCount = data.CycleCount.HasValue ? $""{data.CycleCount.Value} 个有效周期"" : ""有效周期数 --"";"
must,ViewModels\ReportPreviewDialogViewModel.cs,675,"AddNoteBox(document, $""本报告展示本次步态分析的核心指标、左右侧对比和运动学曲线。当前结果状态：{ReportStatusDisplay}；{validFrameRatio}；{cycleCount}。"");"
maybe,ViewModels\ReportPreviewDialogViewModel.cs,802,"AddHeaderCell(header, ""指标"");"
maybe,ViewModels\ReportPreviewDialogViewModel.cs,803,"AddHeaderCell(header, ""结果"");"
maybe,ViewModels\ReportPreviewDialogViewModel.cs,804,"AddHeaderCell(header, ""单位"");"
maybe,ViewModels\ReportPreviewDialogViewModel.cs,805,"AddHeaderCell(header, ""参考"");"
maybe,ViewModels\ReportPreviewDialogViewModel.cs,853,"AddSectionTitle(document, ""曲线图"");"
maybe,ViewModels\ReportPreviewDialogViewModel.cs,856,"AddNoteBox(document, ""当前分析结果未找到 joint_angle.csv，暂无法生成真实关节角度曲线。"");"
maybe,ViewModels\ReportPreviewDialogViewModel.cs,860,"AddNoteBox(document, ""以下曲线用于展示关节角度随视频时间变化的趋势。"");"
maybe,ViewModels\ReportPreviewDialogViewModel.cs,863,"(""髋关节角度曲线"", f => f.LeftHip, f => f.RightHip, ""左髋"", ""右髋""),"
maybe,ViewModels\ReportPreviewDialogViewModel.cs,864,"(""膝关节角度曲线"", f => f.LeftKnee, f => f.RightKnee, ""左膝"", ""右膝""),"
maybe,ViewModels\ReportPreviewDialogViewModel.cs,865,"(""踝关节角度曲线"", f => f.LeftAnkle, f => f.RightAnkle, ""左踝"", ""右踝"")"
maybe,ViewModels\ReportPreviewDialogViewModel.cs,870,"curveDefinitions.Add((""骨盆角度曲线"", f => f.Pelvis, null, ""骨盆"", null));"
maybe,ViewModels\ReportPreviewDialogViewModel.cs,871,"curveDefinitions.Add((""躯干角度曲线"", f => f.Trunk, null, ""躯干"", null));"
maybe,ViewModels\ReportPreviewDialogViewModel.cs,896,"AddSectionTitle(document, ""曲线图"");"
maybe,ViewModels\ReportPreviewDialogViewModel.cs,897,"AddNoteBox(document, ""以下曲线使用 20s 模拟数据生成，用于预览报告排版效果。后续接入真实分析结果后，将替换为实际关节角度曲线。"");"
maybe,ViewModels\ReportPreviewDialogViewModel.cs,901,"(""左髋角度曲线"", 0.0, Color.FromRgb(32, 32, 32)),"
maybe,ViewModels\ReportPreviewDialogViewModel.cs,902,"(""右髋角度曲线"", 0.45, Color.FromRgb(32, 32, 32)),"
maybe,ViewModels\ReportPreviewDialogViewModel.cs,903,"(""左膝角度曲线"", 0.9, Color.FromRgb(32, 32, 32)),"
maybe,ViewModels\ReportPreviewDialogViewModel.cs,904,"(""右膝角度曲线"", 1.35, Color.FromRgb(32, 32, 32)),"
maybe,ViewModels\ReportPreviewDialogViewModel.cs,905,"(""左踝角度曲线"", 1.8, Color.FromRgb(32, 32, 32)),"
maybe,ViewModels\ReportPreviewDialogViewModel.cs,906,"(""右踝角度曲线"", 2.25, Color.FromRgb(32, 32, 32))"
must,ViewModels\ReportPreviewDialogViewModel.cs,1149,"document.Blocks.Add(new Paragraph(new Run($""报告生成时间：{report.ReportDate.ToString(Constants.DATETIME_FORMAT, CultureInfo.CurrentCulture)}""))"
maybe,ViewModels\ReportPreviewDialogViewModel.cs,1234,"sections.Add(""步态时空参数"");"
maybe,ViewModels\ReportPreviewDialogViewModel.cs,1239,"sections.Add(""运动学参数"");"
maybe,ViewModels\ReportPreviewDialogViewModel.cs,1244,"sections.Add(""躯干和骨盆参数"");"
maybe,ViewModels\ReportPreviewDialogViewModel.cs,1249,"sections.Add(""对称性分析"");"
maybe,ViewModels\ReportPreviewDialogViewModel.cs,1254,"sections.Add(""左右侧参数"");"
maybe,ViewModels\ReportPreviewDialogViewModel.cs,1259,"sections.Add(""曲线图"");"
ignore-comment,ViewModels\ReportPreviewDialogViewModel.cs,1722,/// 报告预览对话框关闭结果。
ignore-comment,ViewModels\ReportPreviewDialogViewModel.cs,1727,/// 返回报告配置。
ignore-comment,ViewModels\ReportPreviewDialogViewModel.cs,1732,/// 关闭预览。
ignore-comment,ViewModels\ReportViewModel.cs,20,/// 报告视图模型
ignore,ViewModels\ReportViewModel.cs,40,#region 模式切换
ignore-comment,ViewModels\ReportViewModel.cs,43,/// 当前模式（0=报告列表，1=生成报告）
ignore-comment,ViewModels\ReportViewModel.cs,49,/// 是否为报告列表模式
ignore-comment,ViewModels\ReportViewModel.cs,54,/// 是否为生成报告模式
ignore,ViewModels\ReportViewModel.cs,60,#region 报告列表
ignore-comment,ViewModels\ReportViewModel.cs,63,/// 报告列表
ignore-comment,ViewModels\ReportViewModel.cs,69,/// 选中的报告
ignore-comment,ViewModels\ReportViewModel.cs,75,/// 报告筛选-患者姓名
ignore-comment,ViewModels\ReportViewModel.cs,81,/// 报告筛选-开始日期
ignore-comment,ViewModels\ReportViewModel.cs,87,/// 报告筛选-结束日期
ignore-comment,ViewModels\ReportViewModel.cs,93,/// 是否全选
ignore-comment,ViewModels\ReportViewModel.cs,112,/// 表头全选状态：0=未选，1=部分选，2=全选。
ignore-comment,ViewModels\ReportViewModel.cs,125,/// 当前页已选报告数
ignore-comment,ViewModels\ReportViewModel.cs,130,/// 已选报告总数
ignore,ViewModels\ReportViewModel.cs,136,#region 报告分页
ignore-comment,ViewModels\ReportViewModel.cs,139,/// 当前页码
ignore-comment,ViewModels\ReportViewModel.cs,150,/// 总页数
ignore-comment,ViewModels\ReportViewModel.cs,161,/// 总记录数
ignore-comment,ViewModels\ReportViewModel.cs,172,/// 报告分页页码集合
ignore-comment,ViewModels\ReportViewModel.cs,183,/// 是否允许上一页
ignore-comment,ViewModels\ReportViewModel.cs,194,/// 是否允许下一页
ignore,ViewModels\ReportViewModel.cs,208,#region 生成报告-测量数据选择
ignore-comment,ViewModels\ReportViewModel.cs,211,/// 可选的测量数据列表
ignore-comment,ViewModels\ReportViewModel.cs,217,/// 选中的测量数据
ignore-comment,ViewModels\ReportViewModel.cs,223,/// 测量数据筛选-患者姓名
ignore-comment,ViewModels\ReportViewModel.cs,229,/// 测量数据筛选-开始日期
ignore-comment,ViewModels\ReportViewModel.cs,235,/// 测量数据筛选-结束日期
ignore-comment,ViewModels\ReportViewModel.cs,241,/// 是否已有报告
ignore-comment,ViewModels\ReportViewModel.cs,247,/// 已有报告提示信息
ignore,ViewModels\ReportViewModel.cs,254,#region 报告预览与编辑
ignore-comment,ViewModels\ReportViewModel.cs,257,/// 预览内容
ignore-comment,ViewModels\ReportViewModel.cs,263,/// 报告基础信息摘要。
ignore-comment,ViewModels\ReportViewModel.cs,269,/// 报告关键指标摘要。
ignore-comment,ViewModels\ReportViewModel.cs,275,/// 报告包含内容标签。
ignore-comment,ViewModels\ReportViewModel.cs,281,/// 报告摘要说明。
must,ViewModels\ReportViewModel.cs,284,"private string _previewSummaryMessage = ""请选择左侧报告，查看报告摘要。"";"
ignore-comment,ViewModels\ReportViewModel.cs,287,/// 医生意见
ignore-comment,ViewModels\ReportViewModel.cs,293,/// 医生意见字数
ignore-comment,ViewModels\ReportViewModel.cs,298,/// 医生意见最大字数
ignore-comment,ViewModels\ReportViewModel.cs,303,/// 是否有预览内容
ignore-comment,ViewModels\ReportViewModel.cs,309,/// 当前预览的报告
ignore,ViewModels\ReportViewModel.cs,315,#region 权限
ignore-comment,ViewModels\ReportViewModel.cs,318,/// 是否可以生成报告
ignore-comment,ViewModels\ReportViewModel.cs,324,/// 是否可以编辑报告
ignore-comment,ViewModels\ReportViewModel.cs,330,/// 是否可以删除报告
ignore-comment,ViewModels\ReportViewModel.cs,336,/// 是否可以导出报告
ignore,ViewModels\ReportViewModel.cs,343,#region 加载状态
ignore-comment,ViewModels\ReportViewModel.cs,346,/// 是否正在加载
ignore-comment,ViewModels\ReportViewModel.cs,352,/// 是否正在生成报告
ignore-comment,ViewModels\ReportViewModel.cs,360,/// 最大日期（今天）
ignore-comment,ViewModels\ReportViewModel.cs,365,/// 安全地在 UI 线程执行操作
ignore-comment,ViewModels\ReportViewModel.cs,369,// 先检查关闭状态
ignore-comment,ViewModels\ReportViewModel.cs,380,// 再次检查
ignore-comment,ViewModels\ReportViewModel.cs,395,// 忽略所有异常
ignore-comment,ViewModels\ReportViewModel.cs,401,/// 安全地在 UI 线程异步执行操作
ignore-comment,ViewModels\ReportViewModel.cs,405,// 先检查关闭状态
ignore-comment,ViewModels\ReportViewModel.cs,416,// 再次检查
ignore-comment,ViewModels\ReportViewModel.cs,424,// 忽略所有异常
ignore-comment,ViewModels\ReportViewModel.cs,430,/// 构造函数
ignore-comment,ViewModels\ReportViewModel.cs,449,// 初始化权限
ignore-comment,ViewModels\ReportViewModel.cs,452,// 加载数据
ignore-comment,ViewModels\ReportViewModel.cs,457,/// 初始化权限
ignore,ViewModels\ReportViewModel.cs,467,#region 属性变化处理
ignore-comment,ViewModels\ReportViewModel.cs,471,// 如果应用正在关闭或已释放，不执行任何操作
ignore-comment,ViewModels\ReportViewModel.cs,491,// 如果应用正在关闭或已释放，不执行任何操作
ignore-comment,ViewModels\ReportViewModel.cs,506,// 如果应用正在关闭或已释放，不执行任何操作
ignore,ViewModels\ReportViewModel.cs,538,#region 命令
ignore-comment,ViewModels\ReportViewModel.cs,541,/// 搜索报告命令
ignore-comment,ViewModels\ReportViewModel.cs,552,/// 重置报告筛选命令
ignore-comment,ViewModels\ReportViewModel.cs,566,/// 清空报告姓名筛选命令
ignore-comment,ViewModels\ReportViewModel.cs,575,/// 清空报告日期筛选命令
ignore-comment,ViewModels\ReportViewModel.cs,585,/// 搜索测量数据命令
ignore-comment,ViewModels\ReportViewModel.cs,594,/// 重置测量数据筛选命令
ignore-comment,ViewModels\ReportViewModel.cs,606,/// 查看报告详情命令
must,ViewModels\ReportViewModel.cs,613,"_logHelper?.Information($""查看报告：ID={item.Report.Id}"");"
must,ViewModels\ReportViewModel.cs,621,"_logHelper?.Error($""打开报告预览弹窗失败：ReportId={item.Report.Id}"", ex);"
must,ViewModels\ReportViewModel.cs,622,"MessageBox.Show($""打开报告预览失败：{ex.Message}"", ""错误"", MessageBoxButton.OK, MessageBoxImage.Error);"
ignore-comment,ViewModels\ReportViewModel.cs,627,/// 单行导出报告命令。
ignore-comment,ViewModels\ReportViewModel.cs,638,/// 单行打印报告命令。
maybe,ViewModels\ReportViewModel.cs,661,"await ShowNoticeDialogAsync(""提示"", ""当前账号没有生成报告权限。"");"
maybe,ViewModels\ReportViewModel.cs,671,"await ShowNoticeDialogAsync(""提示"", ""该测量还没有可用的分析结果，请先完成测量分析。"");"
maybe,ViewModels\ReportViewModel.cs,681,"await ShowNoticeDialogAsync(""提示"", ""报告生成失败，请确认该测量已有可用分析结果。"");"
maybe,ViewModels\ReportViewModel.cs,693,"_logHelper?.Information($""继续生成报告：ID={regenerated.Id}, MeasurementId={regenerated.MeasurementId}"");"
must,ViewModels\ReportViewModel.cs,702,"_logHelper?.Error($""继续处理报告失败：ReportId={item.Report.Id}"", ex);"
must,ViewModels\ReportViewModel.cs,703,"MessageBox.Show($""继续处理报告失败：{ex.Message}"", ""错误"", MessageBoxButton.OK, MessageBoxImage.Error);"
must,ViewModels\ReportViewModel.cs,714,"MessageBox.Show(""未找到报告数据，无法打开预览。"", ""提示"", MessageBoxButton.OK, MessageBoxImage.Information);"
must,ViewModels\ReportViewModel.cs,734,"_logHelper?.Error($""打开报告预览弹窗失败：ReportId={reportId}"", ex);"
ignore-comment,ViewModels\ReportViewModel.cs,740,/// 编辑报告命令
must,ViewModels\ReportViewModel.cs,749,"_logHelper?.Information($""编辑报告：ID={item.Report.Id}"");"
ignore-comment,ViewModels\ReportViewModel.cs,753,/// 生成报告命令
ignore-comment,ViewModels\ReportViewModel.cs,760,// 检查是否已有报告
maybe,ViewModels\ReportViewModel.cs,763,"var result = await ShowConfirmDialogAsync(""确认覆盖"", ""该测量数据已有报告，是否覆盖？"");"
maybe,ViewModels\ReportViewModel.cs,786,"_logHelper?.Information($""生成报告成功：ID={report.Id}"");"
ignore-comment,ViewModels\ReportViewModel.cs,788,// 切换到报告列表
maybe,ViewModels\ReportViewModel.cs,792,"await ShowNoticeDialogAsync(""提示"", ""报告生成成功！"");"
ignore-comment,ViewModels\ReportViewModel.cs,794,// 刷新报告列表
ignore-comment,ViewModels\ReportViewModel.cs,797,// 选中新生成的报告
maybe,ViewModels\ReportViewModel.cs,812,"_logHelper?.Error(""生成报告失败"", ex);"
maybe,ViewModels\ReportViewModel.cs,813,"await ShowNoticeDialogAsync(""错误"", $""生成报告失败：{ex.Message}"");"
ignore-comment,ViewModels\ReportViewModel.cs,823,/// 显示确认对话框。
must,ViewModels\ReportViewModel.cs,834,"ConfirmText = ""确定"","
must,ViewModels\ReportViewModel.cs,835,"CancelText = ""取消"","
ignore-comment,ViewModels\ReportViewModel.cs,846,/// 显示提示对话框。
must,ViewModels\ReportViewModel.cs,857,"ConfirmText = ""确定"","
ignore-comment,ViewModels\ReportViewModel.cs,866,/// 保存报告命令
must,ViewModels\ReportViewModel.cs,884,"System.Windows.MessageBox.Show(""保存成功！"", ""提示"","
must,ViewModels\ReportViewModel.cs,886,"_logHelper?.Information($""保存报告成功：ID={_currentPreviewReport.Id}"");"
must,ViewModels\ReportViewModel.cs,895,"_logHelper?.Error($""保存报告失败：ID={_currentPreviewReport?.Id}"", ex);"
must,ViewModels\ReportViewModel.cs,896,"System.Windows.MessageBox.Show($""保存失败：{ex.Message}"", ""错误"","
ignore-comment,ViewModels\ReportViewModel.cs,903,/// 打印报告命令
ignore-comment,ViewModels\ReportViewModel.cs,913,/// 导出PDF命令
maybe,ViewModels\ReportViewModel.cs,931,"await ShowNoticeDialogAsync(""提示"", ""该报告关联的测量或分析结果不可用，无法导出。"");"
must,ViewModels\ReportViewModel.cs,937,"Title = ""导出报告"","
maybe,ViewModels\ReportViewModel.cs,938,"Filter = ""PDF文件 (*.pdf)|*.pdf"","
must,ViewModels\ReportViewModel.cs,939,"FileName = $""报告_{fullReport!.ReportNumber}"""
must,ViewModels\ReportViewModel.cs,953,"System.Windows.MessageBox.Show($""报告已导出至：\n{fileName}"", ""导出成功"","
maybe,ViewModels\ReportViewModel.cs,955,"_logHelper?.Information($""导出报告PDF成功：ID={reportId}, 文件={fileName}"");"
must,ViewModels\ReportViewModel.cs,957,"var openResult = System.Windows.MessageBox.Show(""是否打开导出的文件？"", ""提示"","
must,ViewModels\ReportViewModel.cs,970,"System.Windows.MessageBox.Show(""PDF导出失败，请确认报告数据完整且输出目录可写。"", ""错误"","
maybe,ViewModels\ReportViewModel.cs,979,"_logHelper?.Error($""导出报告PDF失败：ID={reportId}"", ex);"
must,ViewModels\ReportViewModel.cs,980,"System.Windows.MessageBox.Show($""导出失败：{ex.Message}"", ""错误"","
maybe,ViewModels\ReportViewModel.cs,999,"""读取报告数据"","
maybe,ViewModels\ReportViewModel.cs,1000,"$""正在读取报告 {Path.GetFileNameWithoutExtension(fileName)}...""));"
must,ViewModels\ReportViewModel.cs,1005,"_logHelper?.Warning($""导出报告失败：报告关联的测量或分析结果不可用，ReportId={reportId}"");"
maybe,ViewModels\ReportViewModel.cs,1011,"""生成报告预览"","
maybe,ViewModels\ReportViewModel.cs,1012,"$""正在生成 {Path.GetFileName(fileName)} 的预览文档...""));"
maybe,ViewModels\ReportViewModel.cs,1025,"""导出PDF"","
maybe,ViewModels\ReportViewModel.cs,1026,"$""正在写入 {Path.GetFileName(fileName)}...""));"
maybe,ViewModels\ReportViewModel.cs,1038,"""保存导出记录"","
maybe,ViewModels\ReportViewModel.cs,1039,"$""正在更新报告导出路径 {Path.GetFileName(fileName)}...""));"
maybe,ViewModels\ReportViewModel.cs,1086,"progressViewModel.MarkCompleted(""操作已完成。"");"
maybe,ViewModels\ReportViewModel.cs,1094,"progressViewModel.MarkFailed(""操作已取消。"");"
maybe,ViewModels\ReportViewModel.cs,1102,"progressViewModel.MarkFailed(""操作执行失败。"");"
must,ViewModels\ReportViewModel.cs,1124,"var patientName = report.Patient?.Name ?? report.MeasurementRecord?.Patient?.Name ?? ""未知患者"";"
must,ViewModels\ReportViewModel.cs,1126,"return MakeSafeFileName($""报告_{report.ReportNumber}_{patientName}_{dateText}.pdf"");"
maybe,ViewModels\ReportViewModel.cs,1168,"await ShowNoticeDialogAsync(""提示"", ""该报告关联的测量或分析结果不可用，无法打印。"");"
maybe,ViewModels\ReportViewModel.cs,1180,"_logHelper?.Information($""打印报告成功：ID={reportId}"");"
must,ViewModels\ReportViewModel.cs,1194,"System.Windows.MessageBox.Show(""打印失败或已取消"", ""提示"","
maybe,ViewModels\ReportViewModel.cs,1202,"_logHelper?.Error($""打印报告失败：ID={reportId}"", ex);"
must,ViewModels\ReportViewModel.cs,1203,"System.Windows.MessageBox.Show($""打印失败：{ex.Message}"", ""错误"","
ignore-comment,ViewModels\ReportViewModel.cs,1214,/// 删除报告命令
maybe,ViewModels\ReportViewModel.cs,1222,"""确认删除"","
must,ViewModels\ReportViewModel.cs,1223,"$""确定要删除报告 {item.Report.ReportNumber} 吗？此操作不可恢复！"","
must,ViewModels\ReportViewModel.cs,1245,"_logHelper?.Information($""删除报告：ID={item.Report.Id}"");"
maybe,ViewModels\ReportViewModel.cs,1249,"await ShowNoticeDialogAsync(""提示"", ""删除成功！"");"
must,ViewModels\ReportViewModel.cs,1257,"_logHelper?.Error($""删除报告失败：ID={item.Report.Id}"", ex);"
maybe,ViewModels\ReportViewModel.cs,1258,"await ShowNoticeDialogAsync(""错误"", $""删除失败：{ex.Message}"");"
ignore-comment,ViewModels\ReportViewModel.cs,1264,/// 全部导出选中的报告命令。
maybe,ViewModels\ReportViewModel.cs,1276,"await ShowNoticeDialogAsync(""提示"", ""当前账号没有导出报告权限。"");"
must,ViewModels\ReportViewModel.cs,1282,"Title = ""选择报告导出目录"","
maybe,ViewModels\ReportViewModel.cs,1299,"await ShowNoticeDialogAsync(""提示"", ""没有找到可导出的选中报告。"");"
maybe,ViewModels\ReportViewModel.cs,1306,"""批量导出报告"","
maybe,ViewModels\ReportViewModel.cs,1307,"""准备导出"","
maybe,ViewModels\ReportViewModel.cs,1308,"""正在准备报告导出任务..."","
maybe,ViewModels\ReportViewModel.cs,1324,"""导出报告"","
must,ViewModels\ReportViewModel.cs,1325,"$""正在导出 {report.ReportNumber}...""));"
maybe,ViewModels\ReportViewModel.cs,1331,"_logHelper?.Information($""批量导出报告成功：ID={report.Id}, 文件={filePath}"");"
maybe,ViewModels\ReportViewModel.cs,1340,"""导出报告"","
must,ViewModels\ReportViewModel.cs,1341,"$""已完成 {i + 1}/{selectedReports.Count} 个报告。""));"
maybe,ViewModels\ReportViewModel.cs,1352,"$""成功导出 {result.SuccessCount} 个报告。\n目录：{result.OutputDirectory}"","
maybe,ViewModels\ReportViewModel.cs,1353,"""导出完成"","
must,ViewModels\ReportViewModel.cs,1360,"$""成功导出 {result.SuccessCount} 个报告，失败 {result.FailedCount} 个。\n失败报告：{string.Join(""、"", result.FailedReports.Take(5))}"","
maybe,ViewModels\ReportViewModel.cs,1361,"""导出完成"","
must,ViewModels\ReportViewModel.cs,1368,"System.Windows.MessageBox.Show(""批量导出已取消。"", ""提示"","
maybe,ViewModels\ReportViewModel.cs,1373,"_logHelper?.Error(""批量导出报告失败"", ex);"
must,ViewModels\ReportViewModel.cs,1374,"System.Windows.MessageBox.Show($""批量导出失败：{ex.Message}"", ""错误"","
ignore-comment,ViewModels\ReportViewModel.cs,1380,/// 上一页命令
ignore-comment,ViewModels\ReportViewModel.cs,1395,/// 下一页命令
ignore-comment,ViewModels\ReportViewModel.cs,1410,/// 页码跳转命令
ignore-comment,ViewModels\ReportViewModel.cs,1425,/// 全选命令
ignore-comment,ViewModels\ReportViewModel.cs,1461,/// 应用当前页全选状态
ignore-comment,ViewModels\ReportViewModel.cs,1505,/// 根据列表可视高度更新每页容量，最大不超过 6 条。
ignore-comment,ViewModels\ReportViewModel.cs,1507,"/// <param name=""viewportHeight"">列表内容区可视高度。</param>"
ignore,ViewModels\ReportViewModel.cs,1546,#region 私有方法
ignore-comment,ViewModels\ReportViewModel.cs,1549,/// 加载报告列表
ignore-comment,ViewModels\ReportViewModel.cs,1569,// 在UI线程上更新集合
must,ViewModels\ReportViewModel.cs,1595,"_logHelper?.Information($""加载报告列表：共{visibleReports.Count}条，可用报告={visibleReports.Count}，原始记录={reports.Count}"");"
ignore-comment,ViewModels\ReportViewModel.cs,1599,// 操作被取消，忽略
maybe,ViewModels\ReportViewModel.cs,1605,"_logHelper?.Error(""加载报告列表失败"", ex);"
ignore-comment,ViewModels\ReportViewModel.cs,1615,/// 报告列表只展示已有完整分析数据源的报告，避免旧草稿或孤立记录触发预览、导出、打印错误。
ignore-comment,ViewModels\ReportViewModel.cs,1624,/// 刷新当前页的报告列表
ignore-comment,ViewModels\ReportViewModel.cs,1663,/// 构建报告分页页码集合
ignore-comment,ViewModels\ReportViewModel.cs,1709,/// 更新勾选状态
ignore-comment,ViewModels\ReportViewModel.cs,1739,/// 单项勾选状态变化
ignore-comment,ViewModels\ReportViewModel.cs,1741,"/// <param name=""item"">报告行</param>"
ignore-comment,ViewModels\ReportViewModel.cs,1779,/// 加载测量数据列表（仅已完成的测量）
ignore-comment,ViewModels\ReportViewModel.cs,1798,// 在UI线程上更新集合
maybe,ViewModels\ReportViewModel.cs,1811,"_logHelper?.Information($""加载测量数据列表：共{records.Count}条"");"
ignore-comment,ViewModels\ReportViewModel.cs,1815,// 操作被取消，忽略
maybe,ViewModels\ReportViewModel.cs,1821,"_logHelper?.Error(""加载测量数据列表失败"", ex);"
ignore-comment,ViewModels\ReportViewModel.cs,1831,/// 检查是否已有报告
must,ViewModels\ReportViewModel.cs,1851,"ExistingReportInfo = $""该测量数据已有报告：{existingReport.ReportNumber}（{existingReport.CreatedAt:yyyy-MM-dd}）"";"
maybe,ViewModels\ReportViewModel.cs,1863,"_logHelper?.Error($""检查已有报告失败：MeasurementId={record.Id}"", ex);"
must,ViewModels\ReportViewModel.cs,1888,"$""报告关联的结果包文件不存在，已跳过结果包校验: ReportId={report.Id}, AnalysisResultId={report.AnalysisResult.Id}, PackagePath={report.AnalysisResult.PackagePath}"");"
maybe,ViewModels\ReportViewModel.cs,1907,"$""{validation.Message}\n请重新分析后再生成或查看报告。"","
maybe,ViewModels\ReportViewModel.cs,1908,"""结果包校验失败"","
ignore-comment,ViewModels\ReportViewModel.cs,1917,/// 加载报告预览
ignore-comment,ViewModels\ReportViewModel.cs,1921,// 如果应用正在关闭或已释放，不执行任何操作
ignore-comment,ViewModels\ReportViewModel.cs,1946,// 构建预览内容
must,ViewModels\ReportViewModel.cs,1948,"sb.AppendLine($""报告编号：{fullReport.ReportNumber}"");"
must,ViewModels\ReportViewModel.cs,1949,"sb.AppendLine($""生成日期：{fullReport.CreatedAt:yyyy-MM-dd HH:mm}"");"
must,ViewModels\ReportViewModel.cs,1950,"sb.AppendLine($""报告状态：{GetStatusText(fullReport.Status)}"");"
must,ViewModels\ReportViewModel.cs,1956,"sb.AppendLine(""【患者信息】"");"
must,ViewModels\ReportViewModel.cs,1957,"sb.AppendLine($""姓名：{patient.Name}"");"
must,ViewModels\ReportViewModel.cs,1958,"sb.AppendLine($""性别：{(patient.Gender == Gender.Male ? ""男"" : ""女"")}"");"
must,ViewModels\ReportViewModel.cs,1959,"sb.AppendLine($""年龄：{patient.Age}岁"");"
must,ViewModels\ReportViewModel.cs,1965,"sb.AppendLine(""【测量信息】"");"
must,ViewModels\ReportViewModel.cs,1966,"sb.AppendLine($""测量日期：{fullReport.MeasurementRecord.MeasurementDate:yyyy-MM-dd HH:mm}"");"
must,ViewModels\ReportViewModel.cs,1967,"sb.AppendLine($""操作员：{fullReport.MeasurementRecord.Operator?.Name ?? ""未知""}"");"
must,ViewModels\ReportViewModel.cs,1973,"sb.AppendLine(""【步态参数】"");"
must,ViewModels\ReportViewModel.cs,1974,"sb.AppendLine($""步幅（左）：{gait.StrideLengthLeft?.ToString(""F2"") ?? ""--""} cm"");"
must,ViewModels\ReportViewModel.cs,1975,"sb.AppendLine($""步幅（右）：{gait.StrideLengthRight?.ToString(""F2"") ?? ""--""} cm"");"
must,ViewModels\ReportViewModel.cs,1976,"sb.AppendLine($""步频：{gait.Cadence?.ToString(""F1"") ?? ""--""} steps/min"");"
must,ViewModels\ReportViewModel.cs,1977,"sb.AppendLine($""步速：{gait.Velocity?.ToString(""F2"") ?? ""--""} m/s"");"
must,ViewModels\ReportViewModel.cs,1978,"sb.AppendLine($""左脚支撑相：{gait.StancePhaseLeft?.ToString(""F1"") ?? ""--""} %"");"
must,ViewModels\ReportViewModel.cs,1979,"sb.AppendLine($""右脚支撑相：{gait.StancePhaseRight?.ToString(""F1"") ?? ""--""} %"");"
must,ViewModels\ReportViewModel.cs,1980,"sb.AppendLine($""双支撑时间：{gait.DoubleSupport?.ToString(""F1"") ?? ""--""} %"");"
ignore-comment,ViewModels\ReportViewModel.cs,1985,// 运动学参数
must,ViewModels\ReportViewModel.cs,1989,"sb.AppendLine(""【运动学参数（ROM）】"");"
must,ViewModels\ReportViewModel.cs,1990,"sb.AppendLine($""髋关节 ROM：{ks.HipRomDeg?.ToString(""F1"") ?? ""--""} °"");"
must,ViewModels\ReportViewModel.cs,1991,"sb.AppendLine($""膝关节 ROM：{ks.KneeRomDeg?.ToString(""F1"") ?? ""--""} °"");"
must,ViewModels\ReportViewModel.cs,1992,"sb.AppendLine($""踝关节 ROM：{ks.AnkleRomDeg?.ToString(""F1"") ?? ""--""} °"");"
must,ViewModels\ReportViewModel.cs,1993,"sb.AppendLine($""骨盆冠状面 ROM：{ks.PelvisCoronalRomDeg?.ToString(""F1"") ?? ""--""} °"");"
ignore-comment,ViewModels\ReportViewModel.cs,1997,// 质量控制信息
must,ViewModels\ReportViewModel.cs,2001,"sb.AppendLine(""【质量控制信息】"");"
must,ViewModels\ReportViewModel.cs,2002,"sb.AppendLine($""有效帧比例：{(qc.ValidFrameRatio.HasValue ? $""{qc.ValidFrameRatio * 100:F1}%"" : ""--"")}"");"
must,ViewModels\ReportViewModel.cs,2003,"sb.AppendLine($""遮挡预警：{(qc.OcclusionWarning ? ""⚠ 是"" : ""✓ 否"")}"");"
must,ViewModels\ReportViewModel.cs,2004,"sb.AppendLine($""丢点预警：{(qc.MissingPointWarning ? ""⚠ 是"" : ""✓ 否"")}"");"
ignore-comment,ViewModels\ReportViewModel.cs,2008,// 分析信息
must,ViewModels\ReportViewModel.cs,2012,"sb.AppendLine(""【分析信息】"");"
must,ViewModels\ReportViewModel.cs,2013,"sb.AppendLine($""算法版本：{ar.AlgorithmVersion}"");"
must,ViewModels\ReportViewModel.cs,2014,"sb.AppendLine($""模型版本：{ar.ModelVersion}"");"
must,ViewModels\ReportViewModel.cs,2015,"sb.AppendLine($""分析耗时：{(ar.AnalysisDurationSeconds.HasValue ? $""{ar.AnalysisDurationSeconds:F1}秒"" : ""--"")}"");"
must,ViewModels\ReportViewModel.cs,2016,"sb.AppendLine($""分析时间：{ar.CreatedAt:yyyy-MM-dd HH:mm}"");"
must,ViewModels\ReportViewModel.cs,2022,"sb.AppendLine(""【医生意见】"");"
ignore-comment,ViewModels\ReportViewModel.cs,2026,// 再次检查关闭状态
must,ViewModels\ReportViewModel.cs,2038,"_logHelper?.Error($""加载报告预览失败：ReportId={report.Id}"", ex);"
ignore-comment,ViewModels\ReportViewModel.cs,2044,/// 清除预览
ignore-comment,ViewModels\ReportViewModel.cs,2048,// 如果应用正在关闭或已释放，不执行任何操作
must,ViewModels\ReportViewModel.cs,2059,"PreviewSummaryMessage = ""请选择左侧报告，查看报告摘要。"";"
ignore-comment,ViewModels\ReportViewModel.cs,2063,/// 更新右侧报告摘要面板。
maybe,ViewModels\ReportViewModel.cs,2074,"var title = string.IsNullOrWhiteSpace(report.Title) ? ""步态分析报告"" : report.Title;"
maybe,ViewModels\ReportViewModel.cs,2078,": record.HasDualVideo ? ""双视角模式"" : record.HasSideVideo || record.HasFrontVideo ? ""单视角模式"" : ""--"";"
maybe,ViewModels\ReportViewModel.cs,2082,"new(""报告标题"", title),"
must,ViewModels\ReportViewModel.cs,2083,"new(""报告编号"", EmptyToDash(report.ReportNumber)),"
maybe,ViewModels\ReportViewModel.cs,2084,"new(""患者姓名"", EmptyToDash(patient?.Name)),"
maybe,ViewModels\ReportViewModel.cs,2085,"new(""测量类型"", measurementType),"
maybe,ViewModels\ReportViewModel.cs,2086,"new(""分析模式"", analysisMode),"
maybe,ViewModels\ReportViewModel.cs,2087,"new(""测量时间"", record?.MeasurementDate.ToString(Constants.DATETIME_FORMAT) ?? ""--""),"
maybe,ViewModels\ReportViewModel.cs,2088,"new(""生成时间"", report.CreatedAt.ToString(Constants.DATETIME_FORMAT)),"
must,ViewModels\ReportViewModel.cs,2089,"new(""报告状态"", GetStatusText(report.Status))"
maybe,ViewModels\ReportViewModel.cs,2094,"new(""步态周期"", FormatNumber(data.MeanCycleDurationSec ?? analysis?.GaitCycleDurationS ?? gait?.GaitCycleDurationS, ""F2""), ""s""),"
maybe,ViewModels\ReportViewModel.cs,2095,"new(""平均步长"", FormatNumber(data.MeanStepLengthM ?? analysis?.StepLengthM ?? gait?.StepLengthM, ""F2""), ""m""),"
maybe,ViewModels\ReportViewModel.cs,2096,"new(""平均步频"", FormatNumber(data.CadenceStepPerMin ?? gait?.Cadence, ""F1""), ""step/min""),"
maybe,ViewModels\ReportViewModel.cs,2097,"new(""平均步速"", FormatNumber(data.GaitSpeedMPerS ?? analysis?.GaitSpeedMPerS ?? gait?.GaitSpeedMPerS ?? gait?.Velocity, ""F2""), ""m/s""),"
maybe,ViewModels\ReportViewModel.cs,2098,"new(""有效帧比例"", FormatPercent(data.ValidFrameRatio ?? quality?.ValidFrameRatio), string.Empty)"
maybe,ViewModels\ReportViewModel.cs,2107,"return $""当前选中报告已包含 {sectionCount} 个报告模块。点击“查看完整报告”可查看正式报告版式、执行打印或导出。"";"
maybe,ViewModels\ReportViewModel.cs,2117,"tags.Add(""步态时空参数"");"
maybe,ViewModels\ReportViewModel.cs,2122,"tags.Add(""运动学参数"");"
maybe,ViewModels\ReportViewModel.cs,2123,"tags.Add(""躯干和骨盆参数"");"
maybe,ViewModels\ReportViewModel.cs,2124,"tags.Add(""曲线图"");"
maybe,ViewModels\ReportViewModel.cs,2129,"tags.Add(""对称性分析"");"
maybe,ViewModels\ReportViewModel.cs,2132,"tags.Add(""左右侧参数"");"
maybe,ViewModels\ReportViewModel.cs,2181,"return ratio >= 0.95 ? ""A级"" : ratio >= 0.85 ? ""B级"" : ""C级"";"
maybe,ViewModels\ReportViewModel.cs,2188,"MeasurementType.NormalWalk => ""自然步行"","
maybe,ViewModels\ReportViewModel.cs,2189,"MeasurementType.FastWalk => ""快走"","
maybe,ViewModels\ReportViewModel.cs,2190,"MeasurementType.SlowWalk => ""慢走"","
maybe,ViewModels\ReportViewModel.cs,2191,"MeasurementType.Other => ""其他"","
ignore-comment,ViewModels\ReportViewModel.cs,2197,/// 获取状态文本
must,ViewModels\ReportViewModel.cs,2203,"ReportStatus.Draft => ""可查看"","
must,ViewModels\ReportViewModel.cs,2204,"ReportStatus.Completed => ""可查看"","
must,ViewModels\ReportViewModel.cs,2205,"ReportStatus.Printed => ""可查看"","
must,ViewModels\ReportViewModel.cs,2206,"ReportStatus.Outdated => ""可查看"","
maybe,ViewModels\ReportViewModel.cs,2207,"_ => ""未知"""
ignore-comment,ViewModels\ReportViewModel.cs,2216,/// 释放资源
ignore,ViewModels\ReportViewModel.cs,2232,#region 辅助类
ignore-comment,ViewModels\ReportViewModel.cs,2235,/// 报告摘要字段。
ignore-comment,ViewModels\ReportViewModel.cs,2240,/// 报告摘要指标。
ignore-comment,ViewModels\ReportViewModel.cs,2245,/// 批量导出报告结果。
ignore-comment,ViewModels\ReportViewModel.cs,2254,/// 报告列表项
ignore-comment,ViewModels\ReportViewModel.cs,2259,/// 报告实体
ignore-comment,ViewModels\ReportViewModel.cs,2264,/// 行号
ignore-comment,ViewModels\ReportViewModel.cs,2269,/// 是否勾选
ignore-comment,ViewModels\ReportViewModel.cs,2280,/// 报告编号
ignore-comment,ViewModels\ReportViewModel.cs,2285,/// 患者姓名
ignore-comment,ViewModels\ReportViewModel.cs,2290,/// 生成日期
ignore-comment,ViewModels\ReportViewModel.cs,2295,/// 状态显示
must,ViewModels\ReportViewModel.cs,2299,"ReportStatus.Draft => ""待生成"","
must,ViewModels\ReportViewModel.cs,2300,"ReportStatus.Completed => ""已生成"","
must,ViewModels\ReportViewModel.cs,2301,"ReportStatus.Printed => ""已生成"","
must,ViewModels\ReportViewModel.cs,2302,"ReportStatus.Outdated => ""需重新生成"","
maybe,ViewModels\ReportViewModel.cs,2303,"_ => ""待生成"""
ignore-comment,ViewModels\ReportViewModel.cs,2307,/// 状态图标
ignore-comment,ViewModels\ReportViewModel.cs,2314,/// 状态背景
ignore-comment,ViewModels\ReportViewModel.cs,2324,/// 状态前景色
ignore-comment,ViewModels\ReportViewModel.cs,2334,/// 详情提示
must,ViewModels\ReportViewModel.cs,2336,"public string DetailHint => $""查看 {PatientName} 的报告详情"";"
ignore-comment,ViewModels\ReportViewModel.cs,2339,/// 导出提示
must,ViewModels\ReportViewModel.cs,2341,"public string ExportHint => $""导出 {PatientName} 的报告"";"
ignore-comment,ViewModels\ReportViewModel.cs,2344,/// 打印提示
must,ViewModels\ReportViewModel.cs,2346,"public string PrintHint => $""打印 {PatientName} 的报告"";"
maybe,ViewModels\ReportViewModel.cs,2350,"_ => ""查看报告"""
ignore-comment,ViewModels\ReportViewModel.cs,2354,/// 状态颜色
ignore-comment,ViewModels\SettingsViewModel.cs,16,/// 设置视图模型 - 作为设置页面的容器，管理子ViewModel和Tab权限控制
ignore,ViewModels\SettingsViewModel.cs,25,#region Tab显示控制
ignore-comment,ViewModels\SettingsViewModel.cs,28,/// 当前选中的Tab索引
ignore-comment,ViewModels\SettingsViewModel.cs,34,/// 是否显示用户管理Tab（仅管理员）
ignore-comment,ViewModels\SettingsViewModel.cs,40,/// 是否显示数据管理Tab（仅管理员）
ignore-comment,ViewModels\SettingsViewModel.cs,46,/// 是否显示单位设置Tab（仅管理员）
ignore-comment,ViewModels\SettingsViewModel.cs,52,/// 是否显示科室管理Tab（仅管理员）
ignore-comment,ViewModels\SettingsViewModel.cs,58,/// 是否显示设备配置Tab（管理员和操作员）
ignore-comment,ViewModels\SettingsViewModel.cs,64,/// 侧面相机ID
ignore-comment,ViewModels\SettingsViewModel.cs,70,/// 正面相机ID
ignore-comment,ViewModels\SettingsViewModel.cs,76,/// 第三方相机配置软件路径
ignore,ViewModels\SettingsViewModel.cs,83,#region 子 ViewModel
ignore-comment,ViewModels\SettingsViewModel.cs,86,/// 通用设置 ViewModel
ignore-comment,ViewModels\SettingsViewModel.cs,91,/// 用户管理 ViewModel
ignore-comment,ViewModels\SettingsViewModel.cs,96,/// 科室管理 ViewModel
ignore-comment,ViewModels\SettingsViewModel.cs,101,/// 单位设置 ViewModel
ignore-comment,ViewModels\SettingsViewModel.cs,106,/// 数据管理设置 ViewModel
ignore-comment,ViewModels\SettingsViewModel.cs,111,/// 系统信息 ViewModel
ignore-comment,ViewModels\SettingsViewModel.cs,118,/// 构造函数
ignore-comment,ViewModels\SettingsViewModel.cs,133,// 注入子 ViewModel
ignore-comment,ViewModels\SettingsViewModel.cs,143,// 初始化权限
maybe,ViewModels\SettingsViewModel.cs,147,"_logHelper?.Information(""设置页面初始化完成"");"
ignore-comment,ViewModels\SettingsViewModel.cs,151,/// 初始化权限
maybe,ViewModels\SettingsViewModel.cs,179,"_logHelper?.Information(""保存设备配置"");"
must,ViewModels\SettingsViewModel.cs,187,"Title = ""选择相机配置软件"","
maybe,ViewModels\SettingsViewModel.cs,188,"Filter = ""可执行文件 (*.exe)|*.exe|所有文件 (*.*)|*.*"""
must,ViewModels\SettingsViewModel.cs,203,"System.Windows.MessageBox.Show(""请先配置有效的相机配置软件路径。"", ""提示"", System.Windows.MessageBoxButton.OK, System.Windows.MessageBoxImage.Information);"
ignore,ViewModels\SettingsViewModel.cs,215,#region 辅助类
ignore-comment,ViewModels\SettingsViewModel.cs,218,/// 语言选项
ignore-comment,ViewModels\SettingsViewModel.cs,227,/// 主题选项
ignore-comment,ViewModels\SettingsViewModel.cs,237,/// 主题色选项
ignore-comment,ViewModels\SettingsViewModel.cs,253,/// 科室列表项
ignore-comment,ViewModels\SettingsViewModel.cs,277,/// 备份历史项
must,ViewModels\UserEditViewModel.cs,29,"public string DialogTitle => IsNewUser ? ""添加用户"" : ""编辑用户"";"
must,ViewModels\UserEditViewModel.cs,143,"RoleOptions.Add(new RoleOption { Value = UserRole.Administrator, Display = ""管理员"" });"
must,ViewModels\UserEditViewModel.cs,144,"RoleOptions.Add(new RoleOption { Value = UserRole.Operator, Display = ""操作员"" });"
must,ViewModels\UserEditViewModel.cs,229,"ValidationError = ""保存失败，请重试"";"
must,ViewModels\UserEditViewModel.cs,234,"ValidationError = $""保存出错: {ex.Message}"";"
must,ViewModels\UserEditViewModel.cs,248,"ValidationError = ""登录账号不能为空"";"
must,ViewModels\UserEditViewModel.cs,254,"ValidationError = ""登录账号长度应在3-20位之间"";"
must,ViewModels\UserEditViewModel.cs,261,"ValidationError = ""该账号已存在"";"
must,ViewModels\UserEditViewModel.cs,267,"ValidationError = ""用户姓名不能为空"";"
must,ViewModels\UserEditViewModel.cs,275,"ValidationError = $""电话长度不能超过{BTFX.Common.Constants.PHONE_MAX_LENGTH}位"";"
must,ViewModels\UserEditViewModel.cs,281,"ValidationError = ""电话只能输入数字"";"
must,ViewModels\UserEditViewModel.cs,288,"ValidationError = ""请选择角色"";"
must,ViewModels\UserEditViewModel.cs,296,"ValidationError = ""密码不能为空"";"
must,ViewModels\UserEditViewModel.cs,302,"ValidationError = ""密码长度至少为6位"";"
must,ViewModels\UserEditViewModel.cs,308,"ValidationError = $""密码长度不能超过{BTFX.Common.Constants.PASSWORD_MAX_LENGTH}位"";"
must,ViewModels\UserEditViewModel.cs,314,"ValidationError = ""密码由纯数字组成"";"
must,ViewModels\UserEditViewModel.cs,320,"ValidationError = ""两次输入的密码不一致"";"
ignore-comment,ViewModels\UserItem.cs,9,/// 用户列表项
ignore-comment,Views\ActivationView.xaml.cs,6,/// ActivationView.xaml 的交互逻辑。
ignore-comment,Views\DataManagementView.xaml.cs,14,/// DataManagementView.xaml 的交互逻辑
ignore-comment,Views\DataManagementView.xaml.cs,41,/// 带ViewModel的构造函数
ignore-comment,Views\DataManagementView.xaml.cs,53,// 初始同步日期显示
ignore-comment,Views\DataManagementView.xaml.cs,56,// 监听 ViewModel 属性变化以同步日期显示
ignore-comment,Views\DataManagementView.xaml.cs,62,// 设置日历语言
ignore-comment,Views\DataManagementView.xaml.cs,99,/// 同步日期文本显示和清空按钮可见性
ignore-comment,Views\DataManagementView.xaml.cs,127,// 用 Opacity + IsHitTestVisible 控制清空按钮显隐，不改变布局
ignore-comment,Views\DataManagementView.xaml.cs,134,/// 点击起始日期区域，打开起始日期日历
ignore-comment,Views\DataManagementView.xaml.cs,138,// 同步当前选中日期到日历
ignore-comment,Views\DataManagementView.xaml.cs,154,/// 点击截止日期区域，打开截止日期日历
ignore-comment,Views\DataManagementView.xaml.cs,173,/// 起始日期日历选择事件
ignore-comment,Views\DataManagementView.xaml.cs,185,/// 截止日期日历选择事件
ignore-comment,Views\DataManagementView.xaml.cs,197,/// 清空所有日期
ignore-comment,Views\DataManagementView.xaml.cs,230,/// 全选复选框状态变化事件
ignore-comment,Views\DataManagementView.xaml.cs,241,// 直接调用SelectAll命令
ignore-comment,Views\DataManagementView.xaml.cs,255,/// 单项复选框状态变化事件
ignore-comment,Views\DataManagementView.xaml.cs,264,// 获取当前项
ignore-comment,Views\DataManagementView.xaml.cs,269,// 直接调用 ViewModel 的方法，传递当前项
ignore-comment,Views\DataManagementView.xaml.cs,321,/// DataGrid行双击事件 - 切换选中状态
ignore-comment,Views\DataManagementView.xaml.cs,327,// 检查双击的是否是操作按钮区域
ignore-comment,Views\DataManagementView.xaml.cs,330,// 向上查找，看看是否点击在按钮上
ignore-comment,Views\DataManagementView.xaml.cs,335,// 如果点击的是按钮，不处理选中状态
ignore-comment,Views\DataManagementView.xaml.cs,341,// 获取行数据项并切换选中状态
ignore-comment,Views\DataManagementView.xaml.cs,346,// 触发选中状态变化命令
ignore-comment,Views\DataManagementView.xaml.cs,353,// 标记事件已处理，防止其他事件触发
ignore-comment,Views\LoginView.xaml.cs,9,/// LoginView.xaml 的交互逻辑
ignore-comment,Views\LoginView.xaml.cs,14,/// 构造函数
ignore-comment,Views\LoginView.xaml.cs,20,// 从DI容器获取ViewModel
ignore-comment,Views\LoginView.xaml.cs,27,/// 视图加载完成
ignore-comment,Views\LoginView.xaml.cs,33,// 如果 ViewModel 中有记住的密码，同步到 PasswordBox
ignore-comment,Views\LoginView.xaml.cs,39,// 监听密码可见性变化
ignore-comment,Views\LoginView.xaml.cs,46,// 密文模式：同步密码到PasswordBox，并更新Tag驱动水印
ignore-comment,Views\LoginView.xaml.cs,53,// 明文模式：聚焦PasswordTextBox，将光标移到末尾
ignore-comment,Views\LoginView.xaml.cs,60,// 焦点逻辑
ignore-comment,Views\LoginView.xaml.cs,73,/// PasswordBox密码变化处理（因为PasswordBox的Password属性不支持绑定）
ignore-comment,Views\LoginView.xaml.cs,80,"// 更新Tag标记，驱动水印显隐（有密码时Tag!=""""?水印Collapsed）"
ignore-comment,Views\LoginView.xaml.cs,86,/// 关闭按钮点击事件
ignore-comment,Views\LoginView.xaml.cs,94,/// 点击背景空白区域拖动窗口
ignore-comment,Views\LoginView.xaml.cs,98,// 判断点击位置是否在主卡片范围内，在卡片外才触发拖动
ignore-comment,Views\LoginView.xaml.cs,101,// 向上遍历视觉树，若命中 MainCard 则说明点击在卡片内，不触发拖动
ignore-comment,Views\LoginView.xaml.cs,114,// 最大化状态下先还原，再拖动（DragMove 在最大化时会抛异常）
ignore-comment,Views\LoginView.xaml.cs,117,// 获取鼠标相对屏幕的位置，还原后将窗口定位到鼠标附近
ignore-comment,Views\MainContainerView.xaml.cs,17,/// MainContainerView.xaml 的交互逻辑
ignore-comment,Views\PatientSelectionView.xaml.cs,43,/// 根据列表可视区域高度更新分页大小。
ignore-comment,Views\ReportView.xaml.cs,13,/// ReportView.xaml 的交互逻辑
ignore-comment,Views\ReportView.xaml.cs,27,/// 带ViewModel的构造函数
ignore-comment,Views\ReportView.xaml.cs,63,// 忽略关闭时的异常
ignore-comment,Views\ReportView.xaml.cs,88,// 忽略关闭时的异常
ignore-comment,Views\SettingsView.xaml.cs,7,/// SettingsView.xaml 的交互逻辑
ignore-comment,Views\SettingsView.xaml.cs,17,/// 带ViewModel的构造函数
ignore-comment,Views\Dialogs\AboutDialog.xaml.cs,6,/// AboutDialog.xaml 的交互逻辑
maybe,Views\Dialogs\CameraCaptureDialog.xaml.cs,75,"""是否退出视频采集？"","
maybe,Views\Dialogs\CameraCaptureDialog.xaml.cs,76,"""退出确认"","
ignore-comment,Views\Dialogs\ConfirmDialog.xaml.cs,6,/// ConfirmDialog.xaml 的交互逻辑
ignore-comment,Views\Dialogs\ConfirmDialog.xaml.cs,11,/// 返回true的静态值
ignore-comment,Views\Dialogs\ConfirmDialog.xaml.cs,16,/// 返回false的静态值
ignore-comment,Views\Dialogs\DepartmentEditDialog.xaml.cs,7,/// DepartmentEditDialog.xaml 的交互逻辑
ignore-comment,Views\Dialogs\MeasurementDetailDialog.xaml.cs,12,/// MeasurementDetailDialog.xaml 的交互逻辑
maybe,Views\Dialogs\MeasurementDetailDialog.xaml.cs,93,"if (sender is TabControl { SelectedItem: TabItem { Header: ""参数显示页"" } })"
maybe,Views\Dialogs\MeasurementDetailDialog.xaml.cs,97,"else if (sender is TabControl { SelectedItem: TabItem { Header: ""视频预览页"" } })"
ignore-comment,Views\Dialogs\OperationProgressDialog.xaml.cs,6,/// 通用耗时操作进度弹窗。
must,Views\Dialogs\PatientEditDialog.xaml.cs,146,"BirthDateText.Text = ""请选择日期"";"
ignore-comment,Views\Dialogs\ReportPreviewDialog.xaml.cs,12,/// ReportPreviewDialog.xaml 的交互逻辑。
ignore-comment,Views\Dialogs\UserEditDialog.xaml.cs,7,/// UserEditDialog.xaml 的交互逻辑
ignore-comment,Views\Measurement\MeasurementView.xaml.cs,7,/// MeasurementView.xaml 的交互逻辑
ignore-comment,Views\Measurement\MeasurementView.xaml.cs,12,/// 构造函数
ignore-comment,Views\Measurement\MeasurementView.xaml.cs,18,// 从 DI 容器获取 ViewModel
ignore-comment,Views\Measurement\Step1CreateMeasurementView.xaml.cs,6,/// Step1CreateMeasurementView.xaml 的交互逻辑
ignore-comment,Views\Measurement\Step1CreateMeasurementView.xaml.cs,11,/// 构造函数
ignore-comment,Views\Measurement\Step3ReviewView.xaml.cs,18,/// Step3ReviewView.xaml 的交互逻辑。
maybe,Views\Measurement\Step3ReviewView.xaml.cs,55,"SetPlaybackStatus(""正在准备预览..."");"
maybe,Views\Measurement\Step3ReviewView.xaml.cs,90,"SetPlaybackStatus(""正在准备预览..."");"
maybe,Views\Measurement\Step3ReviewView.xaml.cs,107,"SetPlaybackStatus(""未检测到视频"");"
maybe,Views\Measurement\Step3ReviewView.xaml.cs,134,"SetPlaybackStatus(""正在加载预览..."");"
maybe,Views\Measurement\Step3ReviewView.xaml.cs,160,"SetPlaybackStatus(""预览加载失败"");"
maybe,Views\Measurement\Step3ReviewView.xaml.cs,246,"SetPlaybackStatus(""预览加载失败"");"
ignore-comment,Views\Measurement\Step4AnalyzeView.xaml.cs,13,/// Step4AnalyzeView.xaml 的交互逻辑
ignore-comment,Views\Measurement\Step4AnalyzeView.xaml.cs,14,/// 负责 MediaElement 播放控制、DispatcherTimer 时间同步、VM 事件响应
ignore-comment,Views\Measurement\Step4AnalyzeView.xaml.cs,24,/// 构造函数
ignore-comment,Views\Measurement\Step4AnalyzeView.xaml.cs,35,/// DataContext 变更时订阅/取消订阅 VM 事件
ignore,Views\Measurement\Step4AnalyzeView.xaml.cs,95,#region MediaElement 事件
ignore-comment,Views\Measurement\Step4AnalyzeView.xaml.cs,98,/// 视频加载完成，获取时长并启动定时器
ignore-comment,Views\Measurement\Step4AnalyzeView.xaml.cs,111,/// 视频播放结束
ignore-comment,Views\Measurement\Step4AnalyzeView.xaml.cs,120,/// 视频加载失败，降级到参数概览
must,Views\Measurement\Step4AnalyzeView.xaml.cs,125,"var errorMessage = e.ErrorException?.Message ?? ""未知视频错误"";"
ignore,Views\Measurement\Step4AnalyzeView.xaml.cs,131,#region Slider 拖拽事件
ignore-comment,Views\Measurement\Step4AnalyzeView.xaml.cs,134,/// 用户开始拖动进度条，暂停定时器避免冲突
ignore-comment,Views\Measurement\Step4AnalyzeView.xaml.cs,142,/// 用户结束拖动，执行 Seek 并恢复定时器
ignore,Views\Measurement\Step4AnalyzeView.xaml.cs,157,#region OxyPlot 点击事件
ignore-comment,Views\Measurement\Step4AnalyzeView.xaml.cs,160,/// 曲线图被点击，跳转到对应时间点
ignore-comment,Views\Measurement\Step4AnalyzeView.xaml.cs,170,// 将鼠标坐标转换为数据坐标
ignore-comment,Views\Measurement\Step4AnalyzeView.xaml.cs,180,// 同步 MediaElement 位置
ignore,Views\Measurement\Step4AnalyzeView.xaml.cs,187,#region VM 事件处理
ignore-comment,Views\Measurement\Step4AnalyzeView.xaml.cs,190,/// VM 请求跳转视频位置（Slider 绑定变更触发）
ignore-comment,Views\Measurement\Step4AnalyzeView.xaml.cs,201,/// VM 请求播放/暂停
ignore-comment,Views\Measurement\Step4AnalyzeView.xaml.cs,218,/// VM 请求变更播放速度
ignore,Views\Measurement\Step4AnalyzeView.xaml.cs,227,#region DispatcherTimer 时间同步
ignore-comment,Views\Measurement\Step4AnalyzeView.xaml.cs,230,/// 启动 33ms 定时器，持续同步 MediaElement 位置到 VM
ignore-comment,Views\Measurement\Step4AnalyzeView.xaml.cs,246,/// 停止定时器
ignore-comment,Views\Measurement\Step4AnalyzeView.xaml.cs,259,/// 定时器回调：将 MediaElement 当前位置同步到 VM
ignore-comment,Views\Measurement\TaskDrawerView.xaml.cs,6,/// TaskDrawerView.xaml 的交互逻辑
ignore-comment,Views\Measurement\TaskDrawerView.xaml.cs,11,/// 构造函数
ignore-comment,Views\Settings\DataManagementSettingsView.xaml.cs,17,/// DataManagementSettingsView.xaml 的交互逻辑
ignore-comment,Views\Settings\DepartmentManagementView.xaml.cs,12,/// DepartmentManagementView.xaml 的交互逻辑
ignore-comment,Views\Settings\DeviceConfigView.xaml.cs,17,/// DeviceConfigView.xaml 的交互逻辑
ignore-comment,Views\Settings\GeneralSettingsView.xaml.cs,17,/// GeneralSettingsView.xaml 的交互逻辑
ignore-comment,Views\Settings\SystemInfoView.xaml.cs,17,/// SystemInfoView.xaml 的交互逻辑
ignore-comment,Views\Settings\UnitSettingsView.xaml.cs,17,/// UnitSettingsView.xaml 的交互逻辑
ignore-comment,Views\Settings\UserManagementView.xaml.cs,11,/// UserManagementView.xaml 的交互逻辑
ignore-comment,ViewModels\Measurement\DisplayModels.cs,4,/// 数据质量综合等级
ignore-comment,ViewModels\Measurement\DisplayModels.cs,9,/// A级（优秀）：所有指标均达标
ignore-comment,ViewModels\Measurement\DisplayModels.cs,14,/// B级（良好）：有指标需关注，但无严重问题
ignore-comment,ViewModels\Measurement\DisplayModels.cs,19,/// C级（较差）：有指标不达标，建议重新采集
ignore-comment,ViewModels\Measurement\DisplayModels.cs,25,/// 前置条件检查项
ignore-comment,ViewModels\Measurement\DisplayModels.cs,30,/// 条件名称
ignore-comment,ViewModels\Measurement\DisplayModels.cs,35,/// 是否满足
ignore-comment,ViewModels\Measurement\DisplayModels.cs,40,/// 是否必选（必选项不满足会阻止分析）
ignore-comment,ViewModels\Measurement\DisplayModels.cs,45,/// MaterialDesign 图标名称
ignore-comment,ViewModels\Measurement\DisplayModels.cs,51,/// 步态事件参数展示模型
ignore-comment,ViewModels\Measurement\DisplayModels.cs,56,/// 步态周期时长
ignore-comment,ViewModels\Measurement\DisplayModels.cs,61,/// 站立相时长
ignore-comment,ViewModels\Measurement\DisplayModels.cs,66,/// 摆动相时长
ignore-comment,ViewModels\Measurement\DisplayModels.cs,71,/// 双支撑相时长
ignore-comment,ViewModels\Measurement\DisplayModels.cs,76,/// 单支撑相时长
ignore-comment,ViewModels\Measurement\DisplayModels.cs,81,/// 步长
ignore-comment,ViewModels\Measurement\DisplayModels.cs,86,/// 步幅
ignore-comment,ViewModels\Measurement\DisplayModels.cs,91,/// 步速
ignore-comment,ViewModels\Measurement\DisplayModels.cs,97,/// 运动学参数展示模型
ignore-comment,ViewModels\Measurement\DisplayModels.cs,102,/// 髋关节活动范围
ignore-comment,ViewModels\Measurement\DisplayModels.cs,107,/// 膝关节活动范围
ignore-comment,ViewModels\Measurement\DisplayModels.cs,112,/// 踝关节活动范围
ignore-comment,ViewModels\Measurement\DisplayModels.cs,117,/// 骨盆活动范围
ignore-comment,ViewModels\Measurement\DisplayModels.cs,123,/// 质量控制展示模型
ignore-comment,ViewModels\Measurement\DisplayModels.cs,128,/// 关键点置信度原始值
ignore-comment,ViewModels\Measurement\DisplayModels.cs,133,/// 关键点置信度显示文本
ignore-comment,ViewModels\Measurement\DisplayModels.cs,138,/// 关键点置信度是否达标
ignore-comment,ViewModels\Measurement\DisplayModels.cs,143,/// 有效帧比例原始值
ignore-comment,ViewModels\Measurement\DisplayModels.cs,148,/// 有效帧比例显示文本
ignore-comment,ViewModels\Measurement\DisplayModels.cs,153,/// 有效帧比例是否达标
ignore-comment,ViewModels\Measurement\DisplayModels.cs,158,/// 是否有遮挡
ignore-comment,ViewModels\Measurement\DisplayModels.cs,163,/// 是否有丢点
ignore-comment,ViewModels\Measurement\DisplayModels.cs,168,/// 综合质量等级
ignore-comment,ViewModels\Measurement\DisplayModels.cs,173,/// 等级显示文本（A/B/C）
ignore-comment,ViewModels\Measurement\DisplayModels.cs,178,/// 等级对应颜色（#4CAF50 绿 / #FF9800 橙 / #F44336 红）
ignore-comment,ViewModels\Measurement\DisplayModels.cs,183,/// 等级描述文本
ignore-comment,ViewModels\Measurement\DisplayModels.cs,188,/// 置信度等级（优秀/一般/差）
ignore-comment,ViewModels\Measurement\DisplayModels.cs,193,/// 有效帧比例等级（优秀/一般/差）
ignore-comment,ViewModels\Measurement\MeasurementViewModel.cs,25,/// 测量评估模块主 ViewModel
ignore-comment,ViewModels\Measurement\MeasurementViewModel.cs,26,/// 管理封面和三步测量评估流程
ignore-comment,ViewModels\Measurement\MeasurementViewModel.cs,37,/// Step4 分析评估子 ViewModel
ignore,ViewModels\Measurement\MeasurementViewModel.cs,41,#region 步骤状态
ignore-comment,ViewModels\Measurement\MeasurementViewModel.cs,44,/// 当前步骤：0=封面，1=新建测量，2=回放检查，3=分析结果。
ignore-comment,ViewModels\Measurement\MeasurementViewModel.cs,58,/// 是否在封面。
ignore-comment,ViewModels\Measurement\MeasurementViewModel.cs,63,/// 是否在步骤1
ignore-comment,ViewModels\Measurement\MeasurementViewModel.cs,68,/// 是否在步骤2
ignore-comment,ViewModels\Measurement\MeasurementViewModel.cs,73,/// 是否在步骤3
ignore-comment,ViewModels\Measurement\MeasurementViewModel.cs,78,/// 是否在三步骤流程中。
ignore-comment,ViewModels\Measurement\MeasurementViewModel.cs,83,/// 当前步骤标题。
maybe,ViewModels\Measurement\MeasurementViewModel.cs,87,"1 => ""新建测量"","
maybe,ViewModels\Measurement\MeasurementViewModel.cs,88,"2 => ""回放检查"","
maybe,ViewModels\Measurement\MeasurementViewModel.cs,89,"3 => ""分析结果"","
maybe,ViewModels\Measurement\MeasurementViewModel.cs,90,"_ => ""测量评估"""
ignore,ViewModels\Measurement\MeasurementViewModel.cs,95,#region 测量记录状态
ignore-comment,ViewModels\Measurement\MeasurementViewModel.cs,98,/// 是否已创建测量记录
ignore-comment,ViewModels\Measurement\MeasurementViewModel.cs,108,/// 是否有正面视频
ignore-comment,ViewModels\Measurement\MeasurementViewModel.cs,121,/// 是否有侧面视频
ignore-comment,ViewModels\Measurement\MeasurementViewModel.cs,134,/// 是否有任一视频
ignore-comment,ViewModels\Measurement\MeasurementViewModel.cs,139,/// 是否有双视频（可进行分析）
ignore,ViewModels\Measurement\MeasurementViewModel.cs,145,#region 当前测量记录
ignore-comment,ViewModels\Measurement\MeasurementViewModel.cs,148,/// 当前测量记录（内存中）
ignore-comment,ViewModels\Measurement\MeasurementViewModel.cs,154,/// 正面视频路径
ignore-comment,ViewModels\Measurement\MeasurementViewModel.cs,160,/// 侧面视频路径
ignore-comment,ViewModels\Measurement\MeasurementViewModel.cs,166,/// 正面视频信息。
maybe,ViewModels\Measurement\MeasurementViewModel.cs,168,"public VideoFileInfoViewModel FrontVideoInfo { get; } = new(""正面视频"");"
ignore-comment,ViewModels\Measurement\MeasurementViewModel.cs,171,/// 侧面视频信息。
maybe,ViewModels\Measurement\MeasurementViewModel.cs,173,"public VideoFileInfoViewModel SideVideoInfo { get; } = new(""侧面视频"");"
ignore,ViewModels\Measurement\MeasurementViewModel.cs,177,#region Step1 字段
ignore-comment,ViewModels\Measurement\MeasurementViewModel.cs,180,/// 测量名称
ignore-comment,ViewModels\Measurement\MeasurementViewModel.cs,188,/// 分析模式。
ignore-comment,ViewModels\Measurement\MeasurementViewModel.cs,204,/// 测量类型
ignore-comment,ViewModels\Measurement\MeasurementViewModel.cs,210,/// 备注
ignore-comment,ViewModels\Measurement\MeasurementViewModel.cs,216,/// 视频规格
ignore-comment,ViewModels\Measurement\MeasurementViewModel.cs,222,/// 步道长度
ignore-comment,ViewModels\Measurement\MeasurementViewModel.cs,230,/// 视频导入模式
ignore-comment,ViewModels\Measurement\MeasurementViewModel.cs,238,/// 是否为视频导入模式。
ignore-comment,ViewModels\Measurement\MeasurementViewModel.cs,243,/// 是否为视频采集模式。
ignore-comment,ViewModels\Measurement\MeasurementViewModel.cs,248,/// 导入策略
ignore-comment,ViewModels\Measurement\MeasurementViewModel.cs,254,/// 步道长度验证错误
ignore-comment,ViewModels\Measurement\MeasurementViewModel.cs,260,/// 双视频一致性校验提示。
maybe,ViewModels\Measurement\MeasurementViewModel.cs,278,"return ""请填写测量名称。"";"
maybe,ViewModels\Measurement\MeasurementViewModel.cs,283,"return ""请填写大于 0 的步道长度。"";"
maybe,ViewModels\Measurement\MeasurementViewModel.cs,288,"return ""请选择侧面视频。"";"
maybe,ViewModels\Measurement\MeasurementViewModel.cs,300,"return ""双视频模式下请选择正面视频。"";"
ignore,ViewModels\Measurement\MeasurementViewModel.cs,321,#region 步骤可进入规则
ignore-comment,ViewModels\Measurement\MeasurementViewModel.cs,324,/// 可以进入步骤2（需要已创建测量且已有视频）
ignore-comment,ViewModels\Measurement\MeasurementViewModel.cs,329,/// 可以进入步骤3（需要已创建测量且已有视频）
ignore,ViewModels\Measurement\MeasurementViewModel.cs,335,#region 患者信息（从 SessionService 获取）
ignore-comment,ViewModels\Measurement\MeasurementViewModel.cs,338,/// 当前患者
ignore-comment,ViewModels\Measurement\MeasurementViewModel.cs,343,/// 是否有当前患者
ignore-comment,ViewModels\Measurement\MeasurementViewModel.cs,348,/// 当前患者姓名
ignore-comment,ViewModels\Measurement\MeasurementViewModel.cs,355,/// 构造函数
ignore-comment,ViewModels\Measurement\MeasurementViewModel.cs,369,// 初始化 Step4 子 ViewModel
ignore-comment,ViewModels\Measurement\MeasurementViewModel.cs,377,// 初始化测量名称为当前日期时间
ignore-comment,ViewModels\Measurement\MeasurementViewModel.cs,380,// 订阅患者变更事件
maybe,ViewModels\Measurement\MeasurementViewModel.cs,383,"_logHelper?.Information(""MeasurementViewModel 初始化完成"");"
ignore-comment,ViewModels\Measurement\MeasurementViewModel.cs,387,/// 查看分析详情事件处理（由 Step4AnalyzeViewModel 触发）。
maybe,ViewModels\Measurement\MeasurementViewModel.cs,393,"_logHelper?.Warning(""打开分析详情失败：当前测量记录为空"");"
maybe,ViewModels\Measurement\MeasurementViewModel.cs,415,"_logHelper?.Information($""从测量分析步骤打开分析详情：MeasurementId={CurrentMeasurement.Id}"");"
maybe,ViewModels\Measurement\MeasurementViewModel.cs,419,"_logHelper?.Error($""从测量分析步骤打开分析详情失败：MeasurementId={CurrentMeasurement.Id}"", ex);"
must,ViewModels\Measurement\MeasurementViewModel.cs,420,"MessageBox.Show($""打开分析详情失败：{ex.Message}"", ""错误"", MessageBoxButton.OK, MessageBoxImage.Error);"
maybe,ViewModels\Measurement\MeasurementViewModel.cs,429,"_logHelper?.Information(""分析已停止，返回回放检查"");"
ignore-comment,ViewModels\Measurement\MeasurementViewModel.cs,434,/// 生成报告入口。直接生成当前分析结果的报告预览草稿。
maybe,ViewModels\Measurement\MeasurementViewModel.cs,440,"_logHelper?.Warning(""打开报告预览失败：当前测量记录为空"");"
must,ViewModels\Measurement\MeasurementViewModel.cs,460,"MessageBox.Show(""报告草稿创建失败，请稍后重试。"", ""提示"", MessageBoxButton.OK, MessageBoxImage.Warning);"
must,ViewModels\Measurement\MeasurementViewModel.cs,465,"? $""{CurrentMeasurement.MeasurementName ?? MeasurementName}分析报告"""
maybe,ViewModels\Measurement\MeasurementViewModel.cs,496,"_logHelper?.Information($""从测量分析步骤打开报告预览：MeasurementId={CurrentMeasurement.Id}, AnalysisResultId={analysisResult?.Id}"");"
maybe,ViewModels\Measurement\MeasurementViewModel.cs,500,"_logHelper?.Error($""从测量分析步骤打开报告预览失败：MeasurementId={CurrentMeasurement.Id}"", ex);"
must,ViewModels\Measurement\MeasurementViewModel.cs,501,"MessageBox.Show($""打开报告预览失败：{ex.Message}"", ""错误"", MessageBoxButton.OK, MessageBoxImage.Error);"
maybe,ViewModels\Measurement\MeasurementViewModel.cs,526,"$""{validation.Message}\n请重新分析后再继续。"","
maybe,ViewModels\Measurement\MeasurementViewModel.cs,527,"""结果包校验失败"","
ignore-comment,ViewModels\Measurement\MeasurementViewModel.cs,534,/// 患者变更事件处理
ignore-comment,ViewModels\Measurement\MeasurementViewModel.cs,542,// 患者变更时重置测量状态
ignore-comment,ViewModels\Measurement\MeasurementViewModel.cs,550,/// 重置测量字段为默认值
must,ViewModels\Measurement\MeasurementViewModel.cs,554,"MeasurementName = DateTime.Now.ToString(""测量_yyyyMMdd_HHmmss"");"
ignore-comment,ViewModels\Measurement\MeasurementViewModel.cs,567,/// 重置所有状态
ignore-comment,ViewModels\Measurement\MeasurementViewModel.cs,584,/// 从已完成分析结果重新分析时，保留当前患者，创建一个新的测量草稿并要求重新选择视频。
maybe,ViewModels\Measurement\MeasurementViewModel.cs,602,"_logHelper?.Information(""重新分析已切换到新建测量步骤，等待重新导入或采集视频。"");"
maybe,ViewModels\Measurement\MeasurementViewModel.cs,617,"WalkwayLengthError = value > 0 ? null : ""请输入大于 0 的数字。"";"
ignore,ViewModels\Measurement\MeasurementViewModel.cs,620,#region 步骤导航命令
ignore-comment,ViewModels\Measurement\MeasurementViewModel.cs,623,/// 从封面进入新建测量步骤。
ignore-comment,ViewModels\Measurement\MeasurementViewModel.cs,633,/// 跳转到指定步骤
ignore-comment,ViewModels\Measurement\MeasurementViewModel.cs,638,// 处理参数类型转换（XAML CommandParameter 传递的是字符串）
maybe,ViewModels\Measurement\MeasurementViewModel.cs,650,"_logHelper?.Warning($""无效的步骤参数: {stepParameter}"");"
ignore-comment,ViewModels\Measurement\MeasurementViewModel.cs,656,// 检查步骤可进入规则
maybe,ViewModels\Measurement\MeasurementViewModel.cs,660,"_logHelper?.Warning(""无法进入回放检查：未完成测量创建或未准备视频"");"
maybe,ViewModels\Measurement\MeasurementViewModel.cs,663,"_logHelper?.Warning(""无法进入分析结果：未完成测量创建或未准备视频"");"
ignore-comment,ViewModels\Measurement\MeasurementViewModel.cs,669,// 进入分析结果时同步上下文到子 VM
maybe,ViewModels\Measurement\MeasurementViewModel.cs,675,"_logHelper?.Information($""切换到步骤 {stepIndex}"");"
ignore-comment,ViewModels\Measurement\MeasurementViewModel.cs,679,/// 从回放检查进入分析流程。
maybe,ViewModels\Measurement\MeasurementViewModel.cs,686,"_logHelper?.Warning(""无法启动分析：未完成测量创建或未准备视频"");"
ignore-comment,ViewModels\Measurement\MeasurementViewModel.cs,695,/// 同步当前测量和患者信息到 Step4AnalyzeViewModel
maybe,ViewModels\Measurement\MeasurementViewModel.cs,718,"? $""测量_{record.MeasurementDate:yyyyMMdd_HHmmss}"""
maybe,ViewModels\Measurement\MeasurementViewModel.cs,775,"_logHelper?.Information($""恢复测量流程：MeasurementId={record.Id}, Step={CurrentStep}, Message={decision.Message}"");"
ignore-comment,ViewModels\Measurement\MeasurementViewModel.cs,780,/// 下一步
ignore-comment,ViewModels\Measurement\MeasurementViewModel.cs,792,/// 上一步
ignore,ViewModels\Measurement\MeasurementViewModel.cs,805,#region Step1 命令
ignore-comment,ViewModels\Measurement\MeasurementViewModel.cs,808,/// 创建测量记录
ignore-comment,ViewModels\Measurement\MeasurementViewModel.cs,813,// 验证患者
maybe,ViewModels\Measurement\MeasurementViewModel.cs,816,"_logHelper?.Warning(""创建测量失败：未选择患者"");"
ignore-comment,ViewModels\Measurement\MeasurementViewModel.cs,820,// 验证步道长度
ignore-comment,ViewModels\Measurement\MeasurementViewModel.cs,828,// 如果已有测量记录，弹出确认对话框
ignore-comment,ViewModels\Measurement\MeasurementViewModel.cs,850,// 创建测量记录
ignore-comment,ViewModels\Measurement\MeasurementViewModel.cs,869,// 保存到数据库
maybe,ViewModels\Measurement\MeasurementViewModel.cs,876,"_logHelper?.Information($""创建测量记录成功: Id={id}, Name={MeasurementName}"");"
maybe,ViewModels\Measurement\MeasurementViewModel.cs,878,"_logHelper?.Information(""测量记录已创建，可继续导入或采集视频"");"
maybe,ViewModels\Measurement\MeasurementViewModel.cs,882,"_logHelper?.Error(""创建测量记录失败"", ex);"
ignore-comment,ViewModels\Measurement\MeasurementViewModel.cs,887,/// 重置测量表单
ignore,ViewModels\Measurement\MeasurementViewModel.cs,897,#region Step2 命令
ignore-comment,ViewModels\Measurement\MeasurementViewModel.cs,900,/// 选择正面视频
maybe,ViewModels\Measurement\MeasurementViewModel.cs,911,"ShowVideoValidationFailureIfNeeded(""正面视频"", FrontVideoInfo);"
maybe,ViewModels\Measurement\MeasurementViewModel.cs,918,"_logHelper?.Information($""选择正面视频: {fileName}"");"
ignore-comment,ViewModels\Measurement\MeasurementViewModel.cs,923,/// 选择侧面视频
maybe,ViewModels\Measurement\MeasurementViewModel.cs,934,"ShowVideoValidationFailureIfNeeded(""侧面视频"", SideVideoInfo);"
maybe,ViewModels\Measurement\MeasurementViewModel.cs,941,"_logHelper?.Information($""选择侧面视频: {fileName}"");"
maybe,ViewModels\Measurement\MeasurementViewModel.cs,955,"$""{title}未通过校验：\n\n{videoInfo.ValidationMessage}"","
maybe,ViewModels\Measurement\MeasurementViewModel.cs,956,"""视频校验失败"","
maybe,ViewModels\Measurement\MeasurementViewModel.cs,980,"_logHelper?.Error(""打开视频文件选择框失败"", ex);"
must,ViewModels\Measurement\MeasurementViewModel.cs,981,"MessageBox.Show($""打开视频文件选择框失败：{ex.Message}"", ""错误"", MessageBoxButton.OK, MessageBoxImage.Error);"
ignore-comment,ViewModels\Measurement\MeasurementViewModel.cs,987,/// 清除正面视频
maybe,ViewModels\Measurement\MeasurementViewModel.cs,999,"_logHelper?.Information(""清除正面视频"");"
ignore-comment,ViewModels\Measurement\MeasurementViewModel.cs,1013,/// 清除侧面视频
maybe,ViewModels\Measurement\MeasurementViewModel.cs,1028,"_logHelper?.Information(""清除侧面视频"");"
ignore-comment,ViewModels\Measurement\MeasurementViewModel.cs,1034,/// 打开相机采集测试弹窗，关闭后将输出视频回填到本次测量。
maybe,ViewModels\Measurement\MeasurementViewModel.cs,1052,"_logHelper?.Information(""相机采集弹窗关闭，未检测到输出视频。"");"
maybe,ViewModels\Measurement\MeasurementViewModel.cs,1067,"_logHelper?.Information($""采集视频已回填：Front={FrontVideoPath}, Side={SideVideoPath}"");"
maybe,ViewModels\Measurement\MeasurementViewModel.cs,1071,"_logHelper?.Error(""打开相机采集弹窗失败"", ex);"
must,ViewModels\Measurement\MeasurementViewModel.cs,1072,"MessageBox.Show($""打开相机采集失败：{ex.Message}"", ""错误"", MessageBoxButton.OK, MessageBoxImage.Error);"
ignore-comment,ViewModels\Measurement\MeasurementViewModel.cs,1108,/// 确认导入并进入下一步
maybe,ViewModels\Measurement\MeasurementViewModel.cs,1117,"_logHelper?.Warning($""进入回放检查失败：{EntryFailureReason}"");"
must,ViewModels\Measurement\MeasurementViewModel.cs,1128,"Title = ""视频一致性警告"","
must,ViewModels\Measurement\MeasurementViewModel.cs,1129,"Message = $""{VideoConsistencyMessage}\n\n后续需要确认两个视频的共同有效片段。是否继续进入回放检查？"""
ignore-comment,ViewModels\Measurement\MeasurementViewModel.cs,1149,// 更新数据库
ignore-comment,ViewModels\Measurement\MeasurementViewModel.cs,1160,// 进入回放检查
maybe,ViewModels\Measurement\MeasurementViewModel.cs,1162,"_logHelper?.Information(""确认导入视频，进入回放检查"");"
maybe,ViewModels\Measurement\MeasurementViewModel.cs,1276,"return $""双视频时长差 {durationDiff:F2}s，大于 1s，无法进入回放检查。"";"
maybe,ViewModels\Measurement\MeasurementViewModel.cs,1281,"return ""侧面视频和正面视频帧率不一致。"";"
maybe,ViewModels\Measurement\MeasurementViewModel.cs,1287,"? $""双视频时长差 {durationDiff:F2}s，进入回放后需要确认共同有效片段。"""
maybe,ViewModels\Measurement\MeasurementViewModel.cs,1298,"throw new InvalidOperationException(""视频路径为空。"");"
maybe,ViewModels\Measurement\MeasurementViewModel.cs,1303,"throw new FileNotFoundException(""文件不存在。"", path);"
maybe,ViewModels\Measurement\MeasurementViewModel.cs,1314,"throw new InvalidOperationException(""视频格式不支持。"");"
maybe,ViewModels\Measurement\MeasurementViewModel.cs,1324,"throw new InvalidOperationException(""找不到 ffprobe，无法读取视频帧率和分辨率。"");"
maybe,ViewModels\Measurement\MeasurementViewModel.cs,1337,"throw new InvalidOperationException(""未检测到视频流。"");"
maybe,ViewModels\Measurement\MeasurementViewModel.cs,1357,"throw new InvalidOperationException(""无法读取有效视频时长。"");"
maybe,ViewModels\Measurement\MeasurementViewModel.cs,1362,"throw new InvalidOperationException(""无法读取有效视频帧率。"");"
maybe,ViewModels\Measurement\MeasurementViewModel.cs,1368,"throw new InvalidOperationException($""视频时长需大于 {minimumDurationSeconds:F0}s。"");"
maybe,ViewModels\Measurement\MeasurementViewModel.cs,1440,"throw new InvalidOperationException(string.IsNullOrWhiteSpace(error) ? ""ffprobe 读取失败。"" : error.Trim());"
ignore,ViewModels\Measurement\MeasurementViewModel.cs,1469,#region 采集相关
ignore-comment,ViewModels\Measurement\MeasurementViewModel.cs,1472,/// 采集画面布局（单视频/双视频）
ignore-comment,ViewModels\Measurement\MeasurementViewModel.cs,1479,/// 是否双视频采集模式
ignore-comment,ViewModels\Measurement\MeasurementViewModel.cs,1484,/// 录制时长选项
ignore-comment,ViewModels\Measurement\MeasurementViewModel.cs,1491,/// 录制总秒数
ignore-comment,ViewModels\Measurement\MeasurementViewModel.cs,1496,/// FFmpeg 路径。
ignore-comment,ViewModels\Measurement\MeasurementViewModel.cs,1502,/// 采集保存目录。
ignore-comment,ViewModels\Measurement\MeasurementViewModel.cs,1508,/// 相机名称列表，换行或逗号分隔。
ignore-comment,ViewModels\Measurement\MeasurementViewModel.cs,1514,/// 采集分辨率。
ignore-comment,ViewModels\Measurement\MeasurementViewModel.cs,1520,/// 采集帧率。
ignore-comment,ViewModels\Measurement\MeasurementViewModel.cs,1526,/// 采集日志。
ignore-comment,ViewModels\Measurement\MeasurementViewModel.cs,1531,/// 采集状态
ignore-comment,ViewModels\Measurement\MeasurementViewModel.cs,1543,/// 是否正在录制
ignore-comment,ViewModels\Measurement\MeasurementViewModel.cs,1548,/// 是否采集待机
ignore-comment,ViewModels\Measurement\MeasurementViewModel.cs,1553,/// 是否采集完成
ignore-comment,ViewModels\Measurement\MeasurementViewModel.cs,1558,/// 录制已用时间（秒）
ignore-comment,ViewModels\Measurement\MeasurementViewModel.cs,1567,/// 录制已用时间显示
ignore-comment,ViewModels\Measurement\MeasurementViewModel.cs,1579,/// 录制倒计时显示
ignore-comment,ViewModels\Measurement\MeasurementViewModel.cs,1592,/// 录制进度百分比 (0-100)
ignore-comment,ViewModels\Measurement\MeasurementViewModel.cs,1598,/// 开始录制
maybe,ViewModels\Measurement\MeasurementViewModel.cs,1617,"AppendCaptureLog($""开始采集，时长: {RecordDurationSeconds}s, 模式: {SelectedCaptureLayout}"");"
maybe,ViewModels\Measurement\MeasurementViewModel.cs,1629,"throw new InvalidOperationException(""请至少输入一个相机名称。"");"
maybe,ViewModels\Measurement\MeasurementViewModel.cs,1677,"AppendCaptureLog(""采集完成，视频已回填到本次测量。"");"
maybe,ViewModels\Measurement\MeasurementViewModel.cs,1682,"AppendCaptureLog(""采集已取消。"");"
maybe,ViewModels\Measurement\MeasurementViewModel.cs,1687,"AppendCaptureLog($""采集失败: {ex.Message}"");"
maybe,ViewModels\Measurement\MeasurementViewModel.cs,1688,"_logHelper?.Error(""视频采集失败"", ex);"
ignore-comment,ViewModels\Measurement\MeasurementViewModel.cs,1700,/// 停止录制（提前结束）
maybe,ViewModels\Measurement\MeasurementViewModel.cs,1707,"_logHelper?.Information($""停止录制，已录制: {RecordingElapsedSeconds}s"");"
ignore-comment,ViewModels\Measurement\MeasurementViewModel.cs,1713,/// 重新录制
maybe,ViewModels\Measurement\MeasurementViewModel.cs,1720,"_logHelper?.Information(""重新录制"");"
ignore-comment,ViewModels\Measurement\MeasurementViewModel.cs,1724,/// 确认采集并进入下一步
maybe,ViewModels\Measurement\MeasurementViewModel.cs,1732,"FrontVideoPath = ""[采集] 正面视频"";"
maybe,ViewModels\Measurement\MeasurementViewModel.cs,1738,"SideVideoPath = ""[采集] 侧面视频"";"
maybe,ViewModels\Measurement\MeasurementViewModel.cs,1748,"_logHelper?.Information(""确认采集视频，进入回放检查"");"
must,ViewModels\Measurement\MeasurementViewModel.cs,1821,"private string _validationMessage = ""未选择视频"";"
maybe,ViewModels\Measurement\MeasurementViewModel.cs,1850,"VideoValidationStatus.Checking => ""校验中"","
maybe,ViewModels\Measurement\MeasurementViewModel.cs,1851,"VideoValidationStatus.Passed => ""通过"","
maybe,ViewModels\Measurement\MeasurementViewModel.cs,1852,"VideoValidationStatus.Warning => ""警告"","
maybe,ViewModels\Measurement\MeasurementViewModel.cs,1853,"VideoValidationStatus.Failed => ""失败"","
maybe,ViewModels\Measurement\MeasurementViewModel.cs,1854,"_ => ""未选择"""
maybe,ViewModels\Measurement\MeasurementViewModel.cs,1866,"ValidationMessage = ""正在校验视频..."";"
maybe,ViewModels\Measurement\MeasurementViewModel.cs,1878,"ValidationMessage = ""校验通过"";"
maybe,ViewModels\Measurement\MeasurementViewModel.cs,1898,"ValidationMessage = ""未选择视频"";"
ignore-comment,ViewModels\Measurement\Step4AnalyzeViewModel.cs,23,/// Step4 分析评估 ViewModel
ignore-comment,ViewModels\Measurement\Step4AnalyzeViewModel.cs,24,/// 管理分析流程的 4 个 UI 状态：Ready → Running → Previewing / Failed
ignore-comment,ViewModels\Measurement\Step4AnalyzeViewModel.cs,40,/// 请求跳转到指定步骤的事件（由 MeasurementViewModel 订阅）
ignore-comment,ViewModels\Measurement\Step4AnalyzeViewModel.cs,45,/// 请求查看分析详情的事件（由 MeasurementViewModel 订阅）。
ignore-comment,ViewModels\Measurement\Step4AnalyzeViewModel.cs,50,/// 请求生成报告。
ignore-comment,ViewModels\Measurement\Step4AnalyzeViewModel.cs,55,/// 请求回到新建测量并重新选择视频。用于已完成结果的重新分析入口。
ignore-comment,ViewModels\Measurement\Step4AnalyzeViewModel.cs,60,/// 分析取消完成后通知父级流程返回回放检查。
ignore,ViewModels\Measurement\Step4AnalyzeViewModel.cs,64,#region 状态管理
ignore-comment,ViewModels\Measurement\Step4AnalyzeViewModel.cs,67,/// 当前分析状态
ignore-comment,ViewModels\Measurement\Step4AnalyzeViewModel.cs,91,/// 是否就绪
ignore-comment,ViewModels\Measurement\Step4AnalyzeViewModel.cs,96,/// 是否正在运行
ignore-comment,ViewModels\Measurement\Step4AnalyzeViewModel.cs,101,/// 是否在预览状态
ignore-comment,ViewModels\Measurement\Step4AnalyzeViewModel.cs,106,/// 是否失败
ignore-comment,ViewModels\Measurement\Step4AnalyzeViewModel.cs,111,/// 是否正在显示参数概览（预览状态下的子视图切换）
ignore,ViewModels\Measurement\Step4AnalyzeViewModel.cs,118,#region 进度信息
ignore-comment,ViewModels\Measurement\Step4AnalyzeViewModel.cs,121,/// 进度百分比 0-100
ignore-comment,ViewModels\Measurement\Step4AnalyzeViewModel.cs,127,/// 当前阶段描述
ignore-comment,ViewModels\Measurement\Step4AnalyzeViewModel.cs,133,/// 状态消息
ignore-comment,ViewModels\Measurement\Step4AnalyzeViewModel.cs,139,/// 已用时间
ignore-comment,ViewModels\Measurement\Step4AnalyzeViewModel.cs,146,/// 已用时间格式化显示
ignore,ViewModels\Measurement\Step4AnalyzeViewModel.cs,152,#region 前置条件检查
ignore-comment,ViewModels\Measurement\Step4AnalyzeViewModel.cs,155,/// 前置条件列表
ignore-comment,ViewModels\Measurement\Step4AnalyzeViewModel.cs,161,/// 所有必选前置条件是否满足
ignore,ViewModels\Measurement\Step4AnalyzeViewModel.cs,169,#region 分析选项
ignore-comment,ViewModels\Measurement\Step4AnalyzeViewModel.cs,172,/// 计算步态事件参数
ignore-comment,ViewModels\Measurement\Step4AnalyzeViewModel.cs,178,/// 计算运动学参数
ignore-comment,ViewModels\Measurement\Step4AnalyzeViewModel.cs,184,/// 导出 CSV
ignore-comment,ViewModels\Measurement\Step4AnalyzeViewModel.cs,190,/// 曲线平滑
ignore,ViewModels\Measurement\Step4AnalyzeViewModel.cs,197,#region 结果数据
ignore-comment,ViewModels\Measurement\Step4AnalyzeViewModel.cs,200,/// 分析结果
ignore-comment,ViewModels\Measurement\Step4AnalyzeViewModel.cs,211,/// 步态事件参数展示模型
ignore-comment,ViewModels\Measurement\Step4AnalyzeViewModel.cs,217,/// 运动学参数展示模型
ignore-comment,ViewModels\Measurement\Step4AnalyzeViewModel.cs,223,/// 质量控制展示模型
ignore-comment,ViewModels\Measurement\Step4AnalyzeViewModel.cs,229,/// 分析耗时文本
maybe,ViewModels\Measurement\Step4AnalyzeViewModel.cs,244,"return ""双视角模式"";"
maybe,ViewModels\Measurement\Step4AnalyzeViewModel.cs,249,"return ""单视角模式"";"
maybe,ViewModels\Measurement\Step4AnalyzeViewModel.cs,262,"return ""分析中"";"
maybe,ViewModels\Measurement\Step4AnalyzeViewModel.cs,267,"return ""分析失败"";"
maybe,ViewModels\Measurement\Step4AnalyzeViewModel.cs,272,"return AnalysisResult?.Success == true ? ""分析成功"" : ""分析完成"";"
maybe,ViewModels\Measurement\Step4AnalyzeViewModel.cs,275,"return ""等待分析"";"
maybe,ViewModels\Measurement\Step4AnalyzeViewModel.cs,298,"return $""{120.0 / cycleDuration:F1} 步/min"";"
ignore,ViewModels\Measurement\Step4AnalyzeViewModel.cs,325,#region 视频预览
ignore-comment,ViewModels\Measurement\Step4AnalyzeViewModel.cs,328,/// 标注视频文件路径
ignore-comment,ViewModels\Measurement\Step4AnalyzeViewModel.cs,335,/// 视频总时长
ignore-comment,ViewModels\Measurement\Step4AnalyzeViewModel.cs,342,/// 当前播放时间（核心同步属性）
ignore-comment,ViewModels\Measurement\Step4AnalyzeViewModel.cs,350,/// 当前时间(秒)，供 Slider 绑定
ignore-comment,ViewModels\Measurement\Step4AnalyzeViewModel.cs,367,/// 总时长(秒)
ignore-comment,ViewModels\Measurement\Step4AnalyzeViewModel.cs,372,/// 是否正在播放
ignore-comment,ViewModels\Measurement\Step4AnalyzeViewModel.cs,378,/// 播放速度
ignore-comment,ViewModels\Measurement\Step4AnalyzeViewModel.cs,389,/// 播放速度选中标识
ignore-comment,ViewModels\Measurement\Step4AnalyzeViewModel.cs,398,/// 时间显示格式
ignore-comment,ViewModels\Measurement\Step4AnalyzeViewModel.cs,411,/// 视频位置变更事件（View Code-Behind 订阅以执行 MediaElement.Seek）
ignore-comment,ViewModels\Measurement\Step4AnalyzeViewModel.cs,416,/// 播放状态变更事件（View Code-Behind 订阅以执行 Play/Pause）
ignore-comment,ViewModels\Measurement\Step4AnalyzeViewModel.cs,421,/// 播放速度变更事件（View Code-Behind 订阅以设置 SpeedRatio）
ignore,ViewModels\Measurement\Step4AnalyzeViewModel.cs,427,#region 曲线图
ignore-comment,ViewModels\Measurement\Step4AnalyzeViewModel.cs,430,/// 髋关节角度曲线
ignore-comment,ViewModels\Measurement\Step4AnalyzeViewModel.cs,436,/// 膝关节角度曲线
ignore-comment,ViewModels\Measurement\Step4AnalyzeViewModel.cs,442,/// 踝关节角度曲线
ignore-comment,ViewModels\Measurement\Step4AnalyzeViewModel.cs,448,/// 骨盆角度曲线
ignore-comment,ViewModels\Measurement\Step4AnalyzeViewModel.cs,454,/// 关节角度帧数据
ignore,ViewModels\Measurement\Step4AnalyzeViewModel.cs,460,#region 错误信息
ignore-comment,ViewModels\Measurement\Step4AnalyzeViewModel.cs,463,/// 错误码
ignore-comment,ViewModels\Measurement\Step4AnalyzeViewModel.cs,469,/// 错误描述
ignore-comment,ViewModels\Measurement\Step4AnalyzeViewModel.cs,475,/// 修复建议
ignore-comment,ViewModels\Measurement\Step4AnalyzeViewModel.cs,481,/// 视频是否加载失败（降级显示用）
ignore-comment,ViewModels\Measurement\Step4AnalyzeViewModel.cs,487,/// 视频错误信息
ignore-comment,ViewModels\Measurement\Step4AnalyzeViewModel.cs,493,/// 是否有曲线图数据
ignore,ViewModels\Measurement\Step4AnalyzeViewModel.cs,500,#region 任务日志
ignore-comment,ViewModels\Measurement\Step4AnalyzeViewModel.cs,503,/// 任务日志
ignore-comment,ViewModels\Measurement\Step4AnalyzeViewModel.cs,509,/// 是否展开日志面板
ignore,ViewModels\Measurement\Step4AnalyzeViewModel.cs,516,#region 上下文引用
ignore-comment,ViewModels\Measurement\Step4AnalyzeViewModel.cs,519,/// 当前测量记录（由 MeasurementViewModel 设置）
ignore-comment,ViewModels\Measurement\Step4AnalyzeViewModel.cs,524,/// 当前患者（由 MeasurementViewModel 设置）
ignore-comment,ViewModels\Measurement\Step4AnalyzeViewModel.cs,531,/// 构造函数
ignore-comment,ViewModels\Measurement\Step4AnalyzeViewModel.cs,548,// 订阅分析服务事件
maybe,ViewModels\Measurement\Step4AnalyzeViewModel.cs,552,"_logHelper?.Information(""Step4AnalyzeViewModel 初始化完成"");"
ignore-comment,ViewModels\Measurement\Step4AnalyzeViewModel.cs,556,/// 初始化/刷新前置条件检查（进入 Step4 时调用）
ignore-comment,ViewModels\Measurement\Step4AnalyzeViewModel.cs,563,// 正面视频（可选）
must,ViewModels\Measurement\Step4AnalyzeViewModel.cs,568,"Name = ""正面视频已就绪"","
ignore-comment,ViewModels\Measurement\Step4AnalyzeViewModel.cs,574,// 侧面视频（可选）
must,ViewModels\Measurement\Step4AnalyzeViewModel.cs,579,"Name = ""侧面视频已就绪"","
ignore-comment,ViewModels\Measurement\Step4AnalyzeViewModel.cs,585,// 至少一个视频可用（必需）
must,ViewModels\Measurement\Step4AnalyzeViewModel.cs,588,"Name = ""至少一个视频可用"","
ignore-comment,ViewModels\Measurement\Step4AnalyzeViewModel.cs,594,// 患者身高
must,ViewModels\Measurement\Step4AnalyzeViewModel.cs,598,"Name = ""患者身高已填写"","
ignore-comment,ViewModels\Measurement\Step4AnalyzeViewModel.cs,604,// 患者体重（可选）
must,ViewModels\Measurement\Step4AnalyzeViewModel.cs,608,"Name = ""患者体重已填写"","
ignore-comment,ViewModels\Measurement\Step4AnalyzeViewModel.cs,614,// 相机距离。未配置时算法配置使用 TOML 默认距离，后续可在设置中补充精确值。
must,ViewModels\Measurement\Step4AnalyzeViewModel.cs,618,"Name = ""相机距离已配置"","
ignore-comment,ViewModels\Measurement\Step4AnalyzeViewModel.cs,624,// 算法程序
must,ViewModels\Measurement\Step4AnalyzeViewModel.cs,629,"Name = ""算法程序可用"","
maybe,ViewModels\Measurement\Step4AnalyzeViewModel.cs,677,"CurrentStage = ""结果缺失"";"
must,ViewModels\Measurement\Step4AnalyzeViewModel.cs,678,"StatusMessage = ""未找到该测量的分析结果，请重新分析。"";"
maybe,ViewModels\Measurement\Step4AnalyzeViewModel.cs,680,"ErrorSuggestion = ""点击重新分析后重新生成结果。"";"
must,ViewModels\Measurement\Step4AnalyzeViewModel.cs,691,"VideoErrorMessage = HasVideoError ? ""标注视频文件缺失，仅展示参数数据"" : null;"
maybe,ViewModels\Measurement\Step4AnalyzeViewModel.cs,696,"CurrentStage = ""分析完成"";"
must,ViewModels\Measurement\Step4AnalyzeViewModel.cs,697,"StatusMessage = ""已加载历史分析结果。"";"
maybe,ViewModels\Measurement\Step4AnalyzeViewModel.cs,709,"CurrentStage = ""分析中"";"
must,ViewModels\Measurement\Step4AnalyzeViewModel.cs,710,"StatusMessage = ""后台分析任务正在执行。"";"
maybe,ViewModels\Measurement\Step4AnalyzeViewModel.cs,719,"CurrentStage = ""等待重新分析"";"
maybe,ViewModels\Measurement\Step4AnalyzeViewModel.cs,722,"ErrorSuggestion = ""请确认视频文件和算法配置后重新分析。"";"
maybe,ViewModels\Measurement\Step4AnalyzeViewModel.cs,729,"CurrentStage = ""等待分析"";"
ignore,ViewModels\Measurement\Step4AnalyzeViewModel.cs,778,#region 命令
ignore-comment,ViewModels\Measurement\Step4AnalyzeViewModel.cs,781,/// 开始分析
maybe,ViewModels\Measurement\Step4AnalyzeViewModel.cs,788,"_logHelper?.Warning(""开始分析失败：缺少测量记录或患者信息"");"
maybe,ViewModels\Measurement\Step4AnalyzeViewModel.cs,794,"if (!DiskSpaceGuard.EnsureProgramDriveHasSpace(""步态分析""))"
ignore-comment,ViewModels\Measurement\Step4AnalyzeViewModel.cs,799,// 切换到运行状态
maybe,ViewModels\Measurement\Step4AnalyzeViewModel.cs,802,"CurrentStage = ""准备中..."";"
maybe,ViewModels\Measurement\Step4AnalyzeViewModel.cs,806,"AddLog(""开始分析任务"");"
maybe,ViewModels\Measurement\Step4AnalyzeViewModel.cs,807,"await UpdateCurrentMeasurementStatusAsync(MeasurementStatus.InProgress, ""测量状态已更新为分析中"");"
ignore-comment,ViewModels\Measurement\Step4AnalyzeViewModel.cs,809,// 启动计时
ignore-comment,ViewModels\Measurement\Step4AnalyzeViewModel.cs,813,// 准备输出目录：固定在程序目录下，便于联调时直接查看输入、配置、日志和算法输出。
maybe,ViewModels\Measurement\Step4AnalyzeViewModel.cs,816,"AddLog($""分析输出目录: {outputDir}"");"
ignore-comment,ViewModels\Measurement\Step4AnalyzeViewModel.cs,818,// 构建请求
ignore-comment,ViewModels\Measurement\Step4AnalyzeViewModel.cs,833,// 执行分析
ignore-comment,ViewModels\Measurement\Step4AnalyzeViewModel.cs,837,// 停止计时
maybe,ViewModels\Measurement\Step4AnalyzeViewModel.cs,853,"await UpdateCurrentMeasurementStatusAsync(MeasurementStatus.Pending, ""分析已取消，测量状态已恢复为待处理"");"
maybe,ViewModels\Measurement\Step4AnalyzeViewModel.cs,854,"AddLog(""分析已取消"");"
maybe,ViewModels\Measurement\Step4AnalyzeViewModel.cs,855,"_logHelper?.Information(""分析已取消"");"
maybe,ViewModels\Measurement\Step4AnalyzeViewModel.cs,862,"_logHelper?.Error(""分析过程异常"", ex);"
ignore-comment,ViewModels\Measurement\Step4AnalyzeViewModel.cs,874,/// 临时测试用分析流程：固定 5 秒后生成成功结果。
maybe,ViewModels\Measurement\Step4AnalyzeViewModel.cs,880,"_logHelper?.Warning(""临时分析失败：缺少测量记录或患者信息"");"
maybe,ViewModels\Measurement\Step4AnalyzeViewModel.cs,898,"CurrentStage = ""准备中..."";"
must,ViewModels\Measurement\Step4AnalyzeViewModel.cs,899,"StatusMessage = ""正在准备临时测试分析..."";"
maybe,ViewModels\Measurement\Step4AnalyzeViewModel.cs,909,"AddLog(""启动临时测试分析流程"");"
maybe,ViewModels\Measurement\Step4AnalyzeViewModel.cs,910,"await UpdateCurrentMeasurementStatusAsync(MeasurementStatus.InProgress, ""测量状态已更新为分析中"");"
must,ViewModels\Measurement\Step4AnalyzeViewModel.cs,917,"(Progress: 10, Stage: ""初始化"", Message: ""正在读取测量配置...""),"
must,ViewModels\Measurement\Step4AnalyzeViewModel.cs,918,"(Progress: 30, Stage: ""检测关键点"", Message: ""正在模拟关键点检测...""),"
must,ViewModels\Measurement\Step4AnalyzeViewModel.cs,919,"(Progress: 55, Stage: ""检测步态事件"", Message: ""正在模拟步态事件识别...""),"
must,ViewModels\Measurement\Step4AnalyzeViewModel.cs,920,"(Progress: 80, Stage: ""计算步态参数"", Message: ""正在模拟参数计算...""),"
must,ViewModels\Measurement\Step4AnalyzeViewModel.cs,921,"(Progress: 100, Stage: ""输出结果"", Message: ""正在生成临时分析结果..."")"
maybe,ViewModels\Measurement\Step4AnalyzeViewModel.cs,943,"await UpdateCurrentMeasurementStatusAsync(MeasurementStatus.Pending, ""临时分析已取消，测量状态已恢复为待处理"");"
maybe,ViewModels\Measurement\Step4AnalyzeViewModel.cs,944,"AddLog(""临时分析已取消"");"
maybe,ViewModels\Measurement\Step4AnalyzeViewModel.cs,951,"_logHelper?.Error(""临时分析过程异常"", ex);"
ignore-comment,ViewModels\Measurement\Step4AnalyzeViewModel.cs,961,/// 取消分析
must,ViewModels\Measurement\Step4AnalyzeViewModel.cs,971,"Title = ""停止分析"","
must,ViewModels\Measurement\Step4AnalyzeViewModel.cs,972,"Message = ""当前分析任务正在运行，停止后本次分析不会生成结果。是否确认停止分析？"","
must,ViewModels\Measurement\Step4AnalyzeViewModel.cs,973,"ConfirmText = ""确定"","
must,ViewModels\Measurement\Step4AnalyzeViewModel.cs,974,"CancelText = ""取消"","
maybe,ViewModels\Measurement\Step4AnalyzeViewModel.cs,987,"AddLog(""正在取消分析..."");"
ignore-comment,ViewModels\Measurement\Step4AnalyzeViewModel.cs,993,/// 重新分析
maybe,ViewModels\Measurement\Step4AnalyzeViewModel.cs,1010,"""重新分析需要重新上传或重新采集视频，当前已完成结果会保留为历史记录。\n是否返回新建测量页面重新选择视频？"","
maybe,ViewModels\Measurement\Step4AnalyzeViewModel.cs,1011,"""重新分析"","
ignore-comment,ViewModels\Measurement\Step4AnalyzeViewModel.cs,1042,/// 查看分析详情。
ignore-comment,ViewModels\Measurement\Step4AnalyzeViewModel.cs,1053,/// 生成报告。
ignore-comment,ViewModels\Measurement\Step4AnalyzeViewModel.cs,1062,/// 播放/暂停
ignore-comment,ViewModels\Measurement\Step4AnalyzeViewModel.cs,1074,/// 快退 1 秒
ignore-comment,ViewModels\Measurement\Step4AnalyzeViewModel.cs,1086,/// 快进 1 秒
ignore-comment,ViewModels\Measurement\Step4AnalyzeViewModel.cs,1098,/// 设置播放速度
ignore-comment,ViewModels\Measurement\Step4AnalyzeViewModel.cs,1111,/// 切换参数概览 / 视频预览
ignore-comment,ViewModels\Measurement\Step4AnalyzeViewModel.cs,1122,/// 查看日志
ignore-comment,ViewModels\Measurement\Step4AnalyzeViewModel.cs,1133,/// 返回步骤 2
ignore,ViewModels\Measurement\Step4AnalyzeViewModel.cs,1146,#region 由 View Code-Behind 调用的方法
ignore-comment,ViewModels\Measurement\Step4AnalyzeViewModel.cs,1149,/// 从 MediaElement 更新当前播放时间（DispatcherTimer 调用）
ignore-comment,ViewModels\Measurement\Step4AnalyzeViewModel.cs,1161,/// 设置视频总时长（MediaOpened 时调用）
ignore-comment,ViewModels\Measurement\Step4AnalyzeViewModel.cs,1170,/// 视频播放结束
ignore-comment,ViewModels\Measurement\Step4AnalyzeViewModel.cs,1178,/// 视频加载/播放失败（由 View MediaFailed 事件调用）
must,ViewModels\Measurement\Step4AnalyzeViewModel.cs,1183,"VideoErrorMessage = $""视频无法播放: {errorMessage}"";"
maybe,ViewModels\Measurement\Step4AnalyzeViewModel.cs,1186,"_logHelper?.Error($""标注视频播放失败: {errorMessage}"");"
ignore-comment,ViewModels\Measurement\Step4AnalyzeViewModel.cs,1190,/// 曲线图被点击，跳转到对应时间
ignore,ViewModels\Measurement\Step4AnalyzeViewModel.cs,1201,#region 私有方法
ignore-comment,ViewModels\Measurement\Step4AnalyzeViewModel.cs,1204,/// 分析完成处理（含数据入库）
maybe,ViewModels\Measurement\Step4AnalyzeViewModel.cs,1210,"AddLog(""分析完成"");"
ignore-comment,ViewModels\Measurement\Step4AnalyzeViewModel.cs,1212,// 数据入库
maybe,ViewModels\Measurement\Step4AnalyzeViewModel.cs,1215,"AddLog(""正在保存分析结果..."");"
maybe,ViewModels\Measurement\Step4AnalyzeViewModel.cs,1221,"AddLog($""分析结果已保存 (ID: {savedId})"");"
maybe,ViewModels\Measurement\Step4AnalyzeViewModel.cs,1223,"AddLog(""正在生成分析结果包..."");"
maybe,ViewModels\Measurement\Step4AnalyzeViewModel.cs,1226,"? $""分析结果包已生成: {Path.GetFileName(packageResult.PackagePath)}"""
ignore-comment,ViewModels\Measurement\Step4AnalyzeViewModel.cs,1229,// 更新测量记录状态为已完成
maybe,ViewModels\Measurement\Step4AnalyzeViewModel.cs,1232,"await UpdateCurrentMeasurementStatusAsync(MeasurementStatus.Completed, ""测量状态已更新为已完成"");"
maybe,ViewModels\Measurement\Step4AnalyzeViewModel.cs,1237,"AddLog(""⚠ 分析结果保存失败，数据仅在内存中"");"
maybe,ViewModels\Measurement\Step4AnalyzeViewModel.cs,1238,"await UpdateCurrentMeasurementStatusAsync(MeasurementStatus.Failed, ""分析结果保存失败，测量状态已更新为分析失败"");"
maybe,ViewModels\Measurement\Step4AnalyzeViewModel.cs,1239,"_logHelper?.Warning(""分析结果入库失败"");"
maybe,ViewModels\Measurement\Step4AnalyzeViewModel.cs,1244,"AddLog($""⚠ 保存分析结果时出错: {ex.Message}"");"
maybe,ViewModels\Measurement\Step4AnalyzeViewModel.cs,1245,"await UpdateCurrentMeasurementStatusAsync(MeasurementStatus.Failed, ""分析结果保存异常，测量状态已更新为分析失败"");"
maybe,ViewModels\Measurement\Step4AnalyzeViewModel.cs,1246,"_logHelper?.Error(""分析结果入库异常"", ex);"
ignore-comment,ViewModels\Measurement\Step4AnalyzeViewModel.cs,1251,// 视频文件降级检查
maybe,ViewModels\Measurement\Step4AnalyzeViewModel.cs,1257,"AddLog($""标注视频已加载: {Path.GetFileName(result.AnnotatedVideoPath)}"");"
must,ViewModels\Measurement\Step4AnalyzeViewModel.cs,1263,"VideoErrorMessage = ""标注视频文件缺失，仅展示参数数据"";"
maybe,ViewModels\Measurement\Step4AnalyzeViewModel.cs,1265,"AddLog(""⚠ 标注视频文件不存在，降级为参数概览"");"
maybe,ViewModels\Measurement\Step4AnalyzeViewModel.cs,1266,"_logHelper?.Warning($""标注视频文件不存在: {result.AnnotatedVideoPath}"");"
ignore-comment,ViewModels\Measurement\Step4AnalyzeViewModel.cs,1269,// 曲线图数据降级检查
maybe,ViewModels\Measurement\Step4AnalyzeViewModel.cs,1275,"AddLog(""⚠ 关节角度数据不可用，曲线图未加载"");"
maybe,ViewModels\Measurement\Step4AnalyzeViewModel.cs,1284,"_logHelper?.Information($""分析完成，结果 ID: {result.Id}，视频可用: {!HasVideoError}，曲线可用: {HasChartData}"");"
ignore-comment,ViewModels\Measurement\Step4AnalyzeViewModel.cs,1288,/// 分析失败处理
maybe,ViewModels\Measurement\Step4AnalyzeViewModel.cs,1297,"await UpdateCurrentMeasurementStatusAsync(MeasurementStatus.Failed, ""测量状态已更新为分析失败"");"
maybe,ViewModels\Measurement\Step4AnalyzeViewModel.cs,1298,"AddLog($""分析失败: [{errorCode}] {friendlyMessage.Description}"");"
maybe,ViewModels\Measurement\Step4AnalyzeViewModel.cs,1306,"return (""分析失败"", ""请检查视频文件和算法日志后重新分析。"");"
maybe,ViewModels\Measurement\Step4AnalyzeViewModel.cs,1310,"if (lower.Contains(""未检测到完整人体关键点"", StringComparison.Ordinal)"
maybe,ViewModels\Measurement\Step4AnalyzeViewModel.cs,1317,"return (""未检测到完整人体关键点"", ""请确认被采集人完整入镜、光线充足、无遮挡，并使用有效的人体步态视频重新分析。"");"
maybe,ViewModels\Measurement\Step4AnalyzeViewModel.cs,1320,"var logIndex = message.IndexOf(""详细日志:"", StringComparison.Ordinal);"
maybe,ViewModels\Measurement\Step4AnalyzeViewModel.cs,1353,"AddLog(""⚠ 测量状态更新失败"");"
maybe,ViewModels\Measurement\Step4AnalyzeViewModel.cs,1358,"AddLog($""⚠ 测量状态更新异常: {ex.Message}"");"
maybe,ViewModels\Measurement\Step4AnalyzeViewModel.cs,1359,"_logHelper?.Error($""测量状态更新异常: MeasurementId={CurrentMeasurement.Id}, Status={status}"", ex);"
ignore-comment,ViewModels\Measurement\Step4AnalyzeViewModel.cs,1451,/// 填充结果展示数据
maybe,ViewModels\Measurement\Step4AnalyzeViewModel.cs,1521,"_logHelper?.Warning($""估算有效帧比例失败：{ex.Message}"");"
ignore-comment,ViewModels\Measurement\Step4AnalyzeViewModel.cs,1643,/// 加载关节角度 CSV 数据并构建曲线图
maybe,ViewModels\Measurement\Step4AnalyzeViewModel.cs,1652,"_logHelper?.Warning(""未找到关节角度 CSV 文件，跳过曲线图构建"");"
maybe,ViewModels\Measurement\Step4AnalyzeViewModel.cs,1663,"HipAnglePlotModel = BuildJointPlotModel(""髋关节角度 (°)"", _jointAngleFrames, f => f.HipAngleDeg, OxyColors.SteelBlue, maxTime);"
maybe,ViewModels\Measurement\Step4AnalyzeViewModel.cs,1664,"KneeAnglePlotModel = BuildJointPlotModel(""膝关节角度 (°)"", _jointAngleFrames, f => f.KneeAngleDeg, OxyColors.ForestGreen, maxTime);"
maybe,ViewModels\Measurement\Step4AnalyzeViewModel.cs,1665,"AnkleAnglePlotModel = BuildJointPlotModel(""踝关节角度 (°)"", _jointAngleFrames, f => f.AnkleAngleDeg, OxyColors.OrangeRed, maxTime);"
maybe,ViewModels\Measurement\Step4AnalyzeViewModel.cs,1666,"PelvisAnglePlotModel = BuildJointPlotModel(""骨盆角度 (°)"", _jointAngleFrames, f => f.PelvisAngleDeg, OxyColors.MediumPurple, maxTime);"
maybe,ViewModels\Measurement\Step4AnalyzeViewModel.cs,1670,"_logHelper?.Error(""加载关节角度数据失败"", ex);"
ignore-comment,ViewModels\Measurement\Step4AnalyzeViewModel.cs,1675,/// 解析关节角度 CSV 文件
ignore-comment,ViewModels\Measurement\Step4AnalyzeViewModel.cs,1710,/// 构建单个关节的曲线图模型
ignore-comment,ViewModels\Measurement\Step4AnalyzeViewModel.cs,1786,/// 更新所有曲线图的 Tracker 垂直线位置
ignore-comment,ViewModels\Measurement\Step4AnalyzeViewModel.cs,1811,/// 更新曲线图 X 轴范围
maybe,ViewModels\Measurement\Step4AnalyzeViewModel.cs,1926,"< 10 => ""任务初始化"","
maybe,ViewModels\Measurement\Step4AnalyzeViewModel.cs,1927,"< 35 => ""检测关键点"","
maybe,ViewModels\Measurement\Step4AnalyzeViewModel.cs,1928,"< 60 => ""检测步态事件"","
maybe,ViewModels\Measurement\Step4AnalyzeViewModel.cs,1929,"< 80 => ""计算步态参数"","
maybe,ViewModels\Measurement\Step4AnalyzeViewModel.cs,1930,"< 100 => ""输出结果"","
maybe,ViewModels\Measurement\Step4AnalyzeViewModel.cs,1931,"_ => ""分析完成"""
maybe,ViewModels\Measurement\Step4AnalyzeViewModel.cs,1936,"1 => ""请重新分析或联系技术支持"","
maybe,ViewModels\Measurement\Step4AnalyzeViewModel.cs,1937,"2 => ""请返回步骤2检查视频文件是否存在"","
maybe,ViewModels\Measurement\Step4AnalyzeViewModel.cs,1938,"3 => ""视频格式可能不受支持，请重新导入视频"","
maybe,ViewModels\Measurement\Step4AnalyzeViewModel.cs,1939,"4 => ""算法内部错误，请重新分析或联系技术支持"","
maybe,ViewModels\Measurement\Step4AnalyzeViewModel.cs,1940,"5 => ""请检查磁盘空间后重新分析"","
maybe,ViewModels\Measurement\Step4AnalyzeViewModel.cs,1941,"_ => ""请查看日志获取详细信息或联系技术支持"""
ignore-comment,ViewModels\Measurement\Step4AnalyzeViewModel.cs,1950,/// 将米转换为厘米后格式化（步长/步幅等更适合以 cm 展示）
ignore-comment,ViewModels\Settings\DataManagementSettingsViewModel.cs,19,/// 数据管理设置视图模型
maybe,ViewModels\Settings\DataManagementSettingsViewModel.cs,146,"_logHelper?.Error(""加载自动备份设置失败"", ex);"
must,ViewModels\Settings\DataManagementSettingsViewModel.cs,230,"System.Windows.MessageBox.Show($""备份成功！\n文件：{filePath}"", ""提示"","
maybe,ViewModels\Settings\DataManagementSettingsViewModel.cs,232,"_logHelper?.Information($""手动备份成功：{filePath}"");"
maybe,ViewModels\Settings\DataManagementSettingsViewModel.cs,238,"_logHelper?.Error(""手动备份失败"", ex);"
must,ViewModels\Settings\DataManagementSettingsViewModel.cs,239,"System.Windows.MessageBox.Show($""备份失败：{ex.Message}"", ""错误"","
maybe,ViewModels\Settings\DataManagementSettingsViewModel.cs,279,"_logHelper?.Error(""加载备份历史失败"", ex);"
maybe,ViewModels\Settings\DataManagementSettingsViewModel.cs,296,"""确认删除"","
maybe,ViewModels\Settings\DataManagementSettingsViewModel.cs,297,"$""确定要删除备份文件“{item.FileName}”吗？\n此操作不可恢复。"","
maybe,ViewModels\Settings\DataManagementSettingsViewModel.cs,312,"await ShowNoticeDialogAsync(""提示"", ""备份文件已删除。"");"
maybe,ViewModels\Settings\DataManagementSettingsViewModel.cs,313,"_logHelper?.Information($""删除备份成功：{item.FileName}"");"
maybe,ViewModels\Settings\DataManagementSettingsViewModel.cs,317,"await ShowNoticeDialogAsync(""错误"", ""删除备份失败，请重试。"");"
maybe,ViewModels\Settings\DataManagementSettingsViewModel.cs,321,"_logHelper?.Error($""删除备份失败：{item.FileName}"", ex);"
maybe,ViewModels\Settings\DataManagementSettingsViewModel.cs,322,"await ShowNoticeDialogAsync(""错误"", $""删除失败：{ex.Message}"");"
must,ViewModels\Settings\DataManagementSettingsViewModel.cs,339,"ConfirmText = ""确定"","
must,ViewModels\Settings\DataManagementSettingsViewModel.cs,340,"CancelText = ""取消"","
must,ViewModels\Settings\DataManagementSettingsViewModel.cs,359,"ConfirmText = ""确定"","
maybe,ViewModels\Settings\DataManagementSettingsViewModel.cs,373,"""恢复备份将覆盖当前数据，此操作不可撤销！确定要继续吗？"","
maybe,ViewModels\Settings\DataManagementSettingsViewModel.cs,374,"""确认恢复"","
must,ViewModels\Settings\DataManagementSettingsViewModel.cs,386,"System.Windows.MessageBox.Show(""恢复成功！程序需要重启。"", ""提示"","
maybe,ViewModels\Settings\DataManagementSettingsViewModel.cs,388,"_logHelper?.Information($""恢复备份成功：{item.FilePath}"");"
maybe,ViewModels\Settings\DataManagementSettingsViewModel.cs,393,"_logHelper?.Error($""恢复备份失败：{item.FilePath}"", ex);"
must,ViewModels\Settings\DataManagementSettingsViewModel.cs,394,"System.Windows.MessageBox.Show($""恢复失败：{ex.Message}"", ""错误"","
must,ViewModels\Settings\DataManagementSettingsViewModel.cs,432,"System.Windows.MessageBox.Show(""备份设置已保存！"", ""提示"","
maybe,ViewModels\Settings\DataManagementSettingsViewModel.cs,434,"_logHelper?.Information($""保存备份设置：启用={AutoBackupEnabled}，时间={normalizedBackupTime}，保留数量={normalizedRetainCount}"");"
maybe,ViewModels\Settings\DataManagementSettingsViewModel.cs,438,"_logHelper?.Warning($""保存备份设置失败：{ex.Message}"");"
must,ViewModels\Settings\DataManagementSettingsViewModel.cs,439,"System.Windows.MessageBox.Show(ex.Message, ""提示"","
maybe,ViewModels\Settings\DataManagementSettingsViewModel.cs,444,"_logHelper?.Error(""保存备份设置失败"", ex);"
must,ViewModels\Settings\DataManagementSettingsViewModel.cs,445,"System.Windows.MessageBox.Show($""保存失败：{ex.Message}"", ""错误"","
maybe,ViewModels\Settings\DataManagementSettingsViewModel.cs,458,"throw new ArgumentException(""备份时间不能为空，请使用 HH:mm 格式，例如 02:00。"", nameof(backupTime));"
maybe,ViewModels\Settings\DataManagementSettingsViewModel.cs,463,"throw new ArgumentException(""备份时间格式不正确，请使用 HH:mm 格式，例如 02:00。"", nameof(backupTime));"
maybe,ViewModels\Settings\DataManagementSettingsViewModel.cs,473,"throw new ArgumentException(""保留数量必须大于 0。"", nameof(retainCount));"
ignore-comment,ViewModels\Settings\DataManagementSettingsViewModel.cs,516,/// 根据列表可视区域高度动态更新每页条数。
ignore-comment,ViewModels\Settings\DataManagementSettingsViewModel.cs,518,"/// <param name=""viewportHeight"">列表可视区域高度。</param>"
maybe,ViewModels\Settings\DataManagementSettingsViewModel.cs,549,"_logHelper?.Information($""备份历史每页条数已根据可视高度更新为 {_pageSize}。"");"
ignore-comment,ViewModels\Settings\DataManagementSettingsViewModel.cs,623,/// 备份历史项
ignore-comment,ViewModels\Settings\DepartmentManagementViewModel.cs,15,/// 科室管理视图模型
maybe,ViewModels\Settings\DepartmentManagementViewModel.cs,106,"_logHelper?.Information($""加载科室列表：共{departments.Count}个"");"
maybe,ViewModels\Settings\DepartmentManagementViewModel.cs,110,"_logHelper?.Error(""加载科室列表失败"", ex);"
maybe,ViewModels\Settings\DepartmentManagementViewModel.cs,130,"_logHelper?.Information(""添加科室成功"");"
maybe,ViewModels\Settings\DepartmentManagementViewModel.cs,135,"_logHelper?.Error(""添加科室失败"", ex);"
maybe,ViewModels\Settings\DepartmentManagementViewModel.cs,153,"_logHelper?.Information($""编辑科室成功: {item.Department.Name}"");"
maybe,ViewModels\Settings\DepartmentManagementViewModel.cs,158,"_logHelper?.Error($""编辑科室失败: {item.Department.Name}"", ex);"
maybe,ViewModels\Settings\DepartmentManagementViewModel.cs,168,"""确认删除"","
maybe,ViewModels\Settings\DepartmentManagementViewModel.cs,169,"$""确定要删除科室 {item.Department.Name} 吗？此操作不可恢复！"","
maybe,ViewModels\Settings\DepartmentManagementViewModel.cs,180,"_logHelper?.Information($""删除科室成功: {item.Department.Name}"");"
maybe,ViewModels\Settings\DepartmentManagementViewModel.cs,184,"await ShowNoticeDialogAsync(""警告"", ""该科室正在被使用，无法删除"");"
maybe,ViewModels\Settings\DepartmentManagementViewModel.cs,189,"_logHelper?.Error($""删除科室失败: {item.Department.Name}"", ex);"
maybe,ViewModels\Settings\DepartmentManagementViewModel.cs,190,"await ShowNoticeDialogAsync(""错误"", $""删除失败：{ex.Message}"");"
ignore-comment,ViewModels\Settings\DepartmentManagementViewModel.cs,195,/// 显示确认对话框。
must,ViewModels\Settings\DepartmentManagementViewModel.cs,206,"ConfirmText = ""确定"","
must,ViewModels\Settings\DepartmentManagementViewModel.cs,207,"CancelText = ""取消"","
ignore-comment,ViewModels\Settings\DepartmentManagementViewModel.cs,218,/// 显示提示对话框。
must,ViewModels\Settings\DepartmentManagementViewModel.cs,229,"ConfirmText = ""确定"","
ignore-comment,ViewModels\Settings\DepartmentManagementViewModel.cs,274,/// 根据列表可视区域高度动态更新每页条数。
ignore-comment,ViewModels\Settings\DepartmentManagementViewModel.cs,276,"/// <param name=""viewportHeight"">列表可视区域高度。</param>"
maybe,ViewModels\Settings\DepartmentManagementViewModel.cs,307,"_logHelper?.Information($""科室列表每页条数已根据可视高度更新为 {_pageSize}。"");"
ignore-comment,ViewModels\Settings\GeneralSettingsViewModel.cs,13,/// 通用设置视图模型
must,ViewModels\Settings\GeneralSettingsViewModel.cs,34,"new() { Value = Common.AppLanguage.ChineseSimplified, Display = ""中文"" },"
must,ViewModels\Settings\GeneralSettingsViewModel.cs,35,"new() { Value = Common.AppLanguage.English, Display = ""英文"" }"
must,ViewModels\Settings\GeneralSettingsViewModel.cs,40,"new() { Value = Common.AppTheme.Light, Display = ""浅色模式"", IconKind = ""WhiteBalanceSunny"" },"
must,ViewModels\Settings\GeneralSettingsViewModel.cs,41,"new() { Value = Common.AppTheme.Dark, Display = ""深色模式"", IconKind = ""WeatherNight"" }"
ignore-comment,ViewModels\Settings\GeneralSettingsViewModel.cs,45,/// 可选主题色列表
must,ViewModels\Settings\GeneralSettingsViewModel.cs,49,"new() { ColorHex = ""#403B5B"", DisplayName = ""深紫灰"" },"
must,ViewModels\Settings\GeneralSettingsViewModel.cs,50,"new() { ColorHex = ""#1677FF"", DisplayName = ""经典蓝"" },"
must,ViewModels\Settings\GeneralSettingsViewModel.cs,51,"new() { ColorHex = ""#3B82F6"", DisplayName = ""亮蓝"" },"
must,ViewModels\Settings\GeneralSettingsViewModel.cs,52,"new() { ColorHex = ""#10B981"", DisplayName = ""青绿"" },"
must,ViewModels\Settings\GeneralSettingsViewModel.cs,53,"new() { ColorHex = ""#22C55E"", DisplayName = ""草绿"" },"
must,ViewModels\Settings\GeneralSettingsViewModel.cs,54,"new() { ColorHex = ""#F97316"", DisplayName = ""橙色"" },"
must,ViewModels\Settings\GeneralSettingsViewModel.cs,55,"new() { ColorHex = ""#F59E0B"", DisplayName = ""琥珀"" },"
must,ViewModels\Settings\GeneralSettingsViewModel.cs,56,"new() { ColorHex = ""#EC4899"", DisplayName = ""玫红"" },"
must,ViewModels\Settings\GeneralSettingsViewModel.cs,57,"new() { ColorHex = ""#8B5CF6"", DisplayName = ""紫罗兰"" },"
must,ViewModels\Settings\GeneralSettingsViewModel.cs,58,"new() { ColorHex = ""#A855F7"", DisplayName = ""亮紫"" },"
must,ViewModels\Settings\GeneralSettingsViewModel.cs,59,"new() { ColorHex = ""#DC2626"", DisplayName = ""深红"" },"
must,ViewModels\Settings\GeneralSettingsViewModel.cs,60,"new() { ColorHex = ""#64748B"", DisplayName = ""蓝灰"" }"
ignore-comment,ViewModels\Settings\GeneralSettingsViewModel.cs,86,// 加载主题色选中状态
maybe,ViewModels\Settings\GeneralSettingsViewModel.cs,95,"_logHelper?.Error(""加载通用设置失败"", ex);"
maybe,ViewModels\Settings\GeneralSettingsViewModel.cs,105,"_logHelper?.Information($""切换语言: {value.Display}"");"
maybe,ViewModels\Settings\GeneralSettingsViewModel.cs,114,"_logHelper?.Information($""切换主题: {value.Display}"");"
ignore-comment,ViewModels\Settings\GeneralSettingsViewModel.cs,118,/// 应用主题色
ignore-comment,ViewModels\Settings\GeneralSettingsViewModel.cs,130,// 更新选中状态
ignore-comment,ViewModels\Settings\GeneralSettingsViewModel.cs,136,// 保存配置
maybe,ViewModels\Settings\GeneralSettingsViewModel.cs,140,"_logHelper?.Information($""切换主题色: {colorOption.DisplayName} ({colorOption.ColorHex})"");"
maybe,ViewModels\Settings\GeneralSettingsViewModel.cs,144,"_logHelper?.Error(""切换主题色失败"", ex);"
must,ViewModels\Settings\GeneralSettingsViewModel.cs,154,"System.Windows.MessageBox.Show(""设置已保存！"", ""提示"","
maybe,ViewModels\Settings\GeneralSettingsViewModel.cs,156,"_logHelper?.Information(""保存通用设置"");"
maybe,ViewModels\Settings\GeneralSettingsViewModel.cs,160,"_logHelper?.Error(""保存通用设置失败"", ex);"
must,ViewModels\Settings\GeneralSettingsViewModel.cs,161,"System.Windows.MessageBox.Show($""保存失败：{ex.Message}"", ""错误"","
must,ViewModels\Settings\GeneralSettingsViewModel.cs,173,"Title = ""导出设置"","
maybe,ViewModels\Settings\GeneralSettingsViewModel.cs,174,"Filter = ""JSON文件 (*.json)|*.json"","
must,ViewModels\Settings\GeneralSettingsViewModel.cs,186,"System.Windows.MessageBox.Show($""设置导出成功！\n文件：{dialog.FileName}"", ""提示"","
maybe,ViewModels\Settings\GeneralSettingsViewModel.cs,188,"_logHelper?.Information($""设置导出成功：{dialog.FileName}"");"
must,ViewModels\Settings\GeneralSettingsViewModel.cs,192,"System.Windows.MessageBox.Show(""设置导出失败"", ""错误"","
maybe,ViewModels\Settings\GeneralSettingsViewModel.cs,198,"_logHelper?.Error(""设置导出失败"", ex);"
must,ViewModels\Settings\GeneralSettingsViewModel.cs,199,"System.Windows.MessageBox.Show($""导出失败：{ex.Message}"", ""错误"","
must,ViewModels\Settings\GeneralSettingsViewModel.cs,215,"Title = ""导入设置"","
maybe,ViewModels\Settings\GeneralSettingsViewModel.cs,216,"Filter = ""JSON文件 (*.json)|*.json"","
maybe,ViewModels\Settings\GeneralSettingsViewModel.cs,223,"""导入设置将覆盖当前的通用设置和单位设置，是否继续？"","
maybe,ViewModels\Settings\GeneralSettingsViewModel.cs,224,"""确认导入"","
must,ViewModels\Settings\GeneralSettingsViewModel.cs,239,"System.Windows.MessageBox.Show(""设置导入成功！\n部分设置可能需要重启应用后生效。"", ""提示"","
maybe,ViewModels\Settings\GeneralSettingsViewModel.cs,241,"_logHelper?.Information($""设置导入成功：{dialog.FileName}"");"
must,ViewModels\Settings\GeneralSettingsViewModel.cs,245,"System.Windows.MessageBox.Show(""设置导入失败，请检查文件格式"", ""错误"","
maybe,ViewModels\Settings\GeneralSettingsViewModel.cs,251,"_logHelper?.Error(""设置导入失败"", ex);"
must,ViewModels\Settings\GeneralSettingsViewModel.cs,252,"System.Windows.MessageBox.Show($""导入失败：{ex.Message}"", ""错误"","
ignore-comment,ViewModels\Settings\SystemInfoViewModel.cs,14,/// 系统信息视图模型
maybe,ViewModels\Settings\SystemInfoViewModel.cs,42,"private string _logStatistics = ""正在加载..."";"
ignore-comment,ViewModels\Settings\SystemInfoViewModel.cs,104,// 使用正确的数据库路径：BaseDirectory/Data/Database/BTFX.db
ignore-comment,ViewModels\Settings\SystemInfoViewModel.cs,120,// 使用正确的日志目录路径：BaseDirectory/Data/Logs
maybe,ViewModels\Settings\SystemInfoViewModel.cs,124,"_logHelper?.Information($""日志目录设置为: {LogDirectory}, 存在={System.IO.Directory.Exists(LogDirectory)}"");"
maybe,ViewModels\Settings\SystemInfoViewModel.cs,128,"_logHelper?.Error(""加载系统信息失败"", ex);"
ignore-comment,ViewModels\Settings\SystemInfoViewModel.cs,133,/// 获取本地化的角色名称
must,ViewModels\Settings\SystemInfoViewModel.cs,155,"System.Windows.MessageBox.Show(""当前已是最新版本。"", ""检查更新"","
maybe,ViewModels\Settings\SystemInfoViewModel.cs,163,"$""发现新版本 {updateInfo.Version}，但更新包地址为空，请联系管理员检查更新配置。"","
maybe,ViewModels\Settings\SystemInfoViewModel.cs,164,"""检查更新"","
maybe,ViewModels\Settings\SystemInfoViewModel.cs,171,"? $""发现新版本 {updateInfo.Version}。\n\n是否下载并安装更新？"""
maybe,ViewModels\Settings\SystemInfoViewModel.cs,172,": $""发现新版本 {updateInfo.Version}。\n\n更新内容：\n{updateInfo.Detail}\n\n是否下载并安装更新？"";"
maybe,ViewModels\Settings\SystemInfoViewModel.cs,175,"""发现新版本"","
maybe,ViewModels\Settings\SystemInfoViewModel.cs,184,"""下载更新"","
maybe,ViewModels\Settings\SystemInfoViewModel.cs,185,"""准备下载"","
maybe,ViewModels\Settings\SystemInfoViewModel.cs,186,"""正在准备下载更新包..."","
maybe,ViewModels\Settings\SystemInfoViewModel.cs,190,"""更新包下载完成。点击确定后将启动安装程序并关闭当前软件。"","
maybe,ViewModels\Settings\SystemInfoViewModel.cs,191,"""安装更新"","
must,ViewModels\Settings\SystemInfoViewModel.cs,201,"System.Windows.MessageBox.Show(""更新下载已取消。"", ""检查更新"","
maybe,ViewModels\Settings\SystemInfoViewModel.cs,206,"_logHelper?.Error(""检查或下载更新失败"", ex);"
must,ViewModels\Settings\SystemInfoViewModel.cs,207,"System.Windows.MessageBox.Show($""检查或下载更新失败：{ex.Message}"", ""检查更新"","
maybe,ViewModels\Settings\SystemInfoViewModel.cs,228,"_logHelper?.Error(""显示关于对话框失败"", ex);"
maybe,ViewModels\Settings\SystemInfoViewModel.cs,253,"_logHelper?.Error(""打开日志目录失败"", ex);"
maybe,ViewModels\Settings\SystemInfoViewModel.cs,281,"_logHelper?.Error(""打开数据库目录失败"", ex);"
must,ViewModels\Settings\SystemInfoViewModel.cs,292,"Title = ""导出日志"","
maybe,ViewModels\Settings\SystemInfoViewModel.cs,293,"Filter = ""文本文件 (*.txt)|*.txt|CSV文件 (*.csv)|*.csv"","
must,ViewModels\Settings\SystemInfoViewModel.cs,316,"System.Windows.MessageBox.Show($""日志导出完成！\n共导出 {exportedCount} 条记录\n文件：{dialog.FileName}"", ""提示"","
maybe,ViewModels\Settings\SystemInfoViewModel.cs,318,"_logHelper?.Information($""日志导出完成：{exportedCount} 条记录"");"
maybe,ViewModels\Settings\SystemInfoViewModel.cs,322,"_logHelper?.Error(""日志导出失败"", ex);"
must,ViewModels\Settings\SystemInfoViewModel.cs,323,"System.Windows.MessageBox.Show($""日志导出失败：{ex.Message}"", ""错误"","
maybe,ViewModels\Settings\SystemInfoViewModel.cs,336,"$""确定要清理 {LogCleanupDays} 天前的日志吗？\n此操作不可撤销！"","
maybe,ViewModels\Settings\SystemInfoViewModel.cs,337,"""确认清理"","
must,ViewModels\Settings\SystemInfoViewModel.cs,350,"System.Windows.MessageBox.Show($""日志清理完成！\n共删除 {deletedCount} 个日志文件"", ""提示"","
maybe,ViewModels\Settings\SystemInfoViewModel.cs,352,"_logHelper?.Information($""日志清理完成：删除 {deletedCount} 个文件"");"
ignore-comment,ViewModels\Settings\SystemInfoViewModel.cs,354,// 刷新日志统计
maybe,ViewModels\Settings\SystemInfoViewModel.cs,359,"_logHelper?.Error(""日志清理失败"", ex);"
must,ViewModels\Settings\SystemInfoViewModel.cs,360,"System.Windows.MessageBox.Show($""日志清理失败：{ex.Message}"", ""错误"","
ignore-comment,ViewModels\Settings\SystemInfoViewModel.cs,370,/// 加载日志统计
maybe,ViewModels\Settings\SystemInfoViewModel.cs,379,"LogStatistics = ""日志目录不存在"";"
maybe,ViewModels\Settings\SystemInfoViewModel.cs,390,"LogStatistics = $""近30天：共 {stats.TotalCount} 条日志\n"" +"
maybe,ViewModels\Settings\SystemInfoViewModel.cs,391,"$""信息: {stats.InformationCount}  警告: {stats.WarningCount}  错误: {stats.ErrorCount}\n"" +"
maybe,ViewModels\Settings\SystemInfoViewModel.cs,392,"$""日志文件: {stats.FileCount} 个，总大小: {stats.TotalSizeBytes / 1024.0:F1} KB"";"
maybe,ViewModels\Settings\SystemInfoViewModel.cs,396,"LogStatistics = ""加载统计失败"";"
maybe,ViewModels\Settings\SystemInfoViewModel.cs,397,"_logHelper?.Error(""加载日志统计失败"", ex);"
maybe,ViewModels\Settings\SystemInfoViewModel.cs,417,"LogRangeCount = $""{matches[offset].Value} 条"";"
maybe,ViewModels\Settings\SystemInfoViewModel.cs,418,"LogInformationCount = $""{matches[offset + 1].Value} 条"";"
maybe,ViewModels\Settings\SystemInfoViewModel.cs,419,"LogWarningCount = $""{matches[offset + 2].Value} 条"";"
maybe,ViewModels\Settings\SystemInfoViewModel.cs,420,"LogErrorCount = $""{matches[offset + 3].Value} 条"";"
maybe,ViewModels\Settings\SystemInfoViewModel.cs,421,"LogFileCount = $""{matches[offset + 4].Value} 个"";"
maybe,ViewModels\Settings\SystemInfoViewModel.cs,459,"progressViewModel.MarkCompleted(""操作已完成。"");"
maybe,ViewModels\Settings\SystemInfoViewModel.cs,467,"progressViewModel.MarkFailed(""操作已取消。"");"
maybe,ViewModels\Settings\SystemInfoViewModel.cs,475,"progressViewModel.MarkFailed(""操作执行失败。"");"
ignore-comment,ViewModels\Settings\UnitSettingsViewModel.cs,10,/// 单位设置视图模型
maybe,ViewModels\Settings\UnitSettingsViewModel.cs,51,"_logHelper?.Error(""加载单位设置失败"", ex);"
must,ViewModels\Settings\UnitSettingsViewModel.cs,65,"Title = ""选择Logo图片"","
maybe,ViewModels\Settings\UnitSettingsViewModel.cs,66,"Filter = ""图片文件 (*.png;*.jpg;*.jpeg)|*.png;*.jpg;*.jpeg"","
maybe,ViewModels\Settings\UnitSettingsViewModel.cs,76,"$""Logo文件大小不能超过{BtfxConstants.LOGO_MAX_SIZE_KB}KB"","
maybe,ViewModels\Settings\UnitSettingsViewModel.cs,77,"""提示"","
maybe,ViewModels\Settings\UnitSettingsViewModel.cs,84,"_logHelper?.Information($""选择Logo：{dialog.FileName}"");"
maybe,ViewModels\Settings\UnitSettingsViewModel.cs,92,"_logHelper?.Information(""清除Logo"");"
must,ViewModels\Settings\UnitSettingsViewModel.cs,106,"System.Windows.MessageBox.Show(""单位设置已保存！"", ""提示"","
maybe,ViewModels\Settings\UnitSettingsViewModel.cs,108,"_logHelper?.Information(""保存单位设置"");"
maybe,ViewModels\Settings\UnitSettingsViewModel.cs,112,"_logHelper?.Error(""保存单位设置失败"", ex);"
must,ViewModels\Settings\UnitSettingsViewModel.cs,113,"System.Windows.MessageBox.Show($""保存失败：{ex.Message}"", ""错误"","
ignore-comment,ViewModels\Settings\UserManagementViewModel.cs,17,/// 用户管理视图模型
maybe,ViewModels\Settings\UserManagementViewModel.cs,134,"_logHelper?.Information($""加载用户列表：共{users.Count}个"");"
maybe,ViewModels\Settings\UserManagementViewModel.cs,138,"_logHelper?.Error(""加载用户列表失败"", ex);"
maybe,ViewModels\Settings\UserManagementViewModel.cs,158,"_logHelper?.Information(""添加用户成功"");"
maybe,ViewModels\Settings\UserManagementViewModel.cs,163,"_logHelper?.Error(""添加用户失败"", ex);"
maybe,ViewModels\Settings\UserManagementViewModel.cs,177,"await ShowNoticeDialogAsync(""默认管理员账户不可编辑"", _localizationService.GetString(""Warning""));"
maybe,ViewModels\Settings\UserManagementViewModel.cs,190,"_logHelper?.Information($""更新用户成功: {item.User.Username}"");"
maybe,ViewModels\Settings\UserManagementViewModel.cs,195,"_logHelper?.Error($""编辑用户失败: {item.User.Username}"", ex);"
maybe,ViewModels\Settings\UserManagementViewModel.cs,209,"await ShowNoticeDialogAsync(""默认管理员账户不可重置密码"", _localizationService.GetString(""Warning""));"
maybe,ViewModels\Settings\UserManagementViewModel.cs,229,"""密码已重置"","
maybe,ViewModels\Settings\UserManagementViewModel.cs,231,"_logHelper?.Information($""重置用户密码: {item.User.Username}"");"
maybe,ViewModels\Settings\UserManagementViewModel.cs,275,"_logHelper?.Information($""{action}用户: {item.User.Username}"");"
maybe,ViewModels\Settings\UserManagementViewModel.cs,328,"_logHelper?.Information($""删除用户成功: {item.User.Username}"");"
maybe,ViewModels\Settings\UserManagementViewModel.cs,338,"_logHelper?.Error($""删除用户失败: {item.User.Username}"", ex);"
ignore-comment,ViewModels\Settings\UserManagementViewModel.cs,346,/// 显示确认对话框。
must,ViewModels\Settings\UserManagementViewModel.cs,357,"ConfirmText = ""确定"","
must,ViewModels\Settings\UserManagementViewModel.cs,358,"CancelText = ""取消"","
ignore-comment,ViewModels\Settings\UserManagementViewModel.cs,369,/// 显示提示对话框。
must,ViewModels\Settings\UserManagementViewModel.cs,380,"ConfirmText = ""确定"","
ignore-comment,ViewModels\Settings\UserManagementViewModel.cs,454,/// 根据列表可视区域高度动态更新每页条数。
ignore-comment,ViewModels\Settings\UserManagementViewModel.cs,456,"/// <param name=""viewportHeight"">列表可视区域高度。</param>"
maybe,ViewModels\Settings\UserManagementViewModel.cs,487,"_logHelper?.Information($""用户列表每页条数已根据可视高度更新为 {_pageSize}。"");"
ignore-comment,Services\Implementations\ActivationService.cs,16,/// 参考公司通用 WPF 框架的激活服务。
maybe,Services\Implementations\ActivationService.cs,92,"return ActivationResult.Failed(""请输入产品编号。"");"
maybe,Services\Implementations\ActivationService.cs,102,"_logHelper?.Information(""开始在线激活"", new Dictionary<string, object> { [""ProductCode""] = softKey.EquipCode });"
maybe,Services\Implementations\ActivationService.cs,109,"return ActivationResult.Failed($""激活服务器响应异常：{(int)response.StatusCode}"");"
maybe,Services\Implementations\ActivationService.cs,120,"return ActivationResult.Success(""激活成功。"");"
maybe,Services\Implementations\ActivationService.cs,124,"return ActivationResult.Failed(""连接激活服务器超时，请检查网络后重试。"");"
maybe,Services\Implementations\ActivationService.cs,128,"_logHelper?.Error(""在线激活失败"", ex);"
maybe,Services\Implementations\ActivationService.cs,129,"return ActivationResult.Failed(""在线激活失败，请检查网络或稍后重试。"");"
maybe,Services\Implementations\ActivationService.cs,137,"return ActivationResult.Failed(""请输入激活码。"");"
maybe,Services\Implementations\ActivationService.cs,148,"return ActivationResult.Failed(""离线激活失败：请确认激活码是否正确。"");"
maybe,Services\Implementations\ActivationService.cs,152,"return ActivationResult.Success(""离线激活成功。"");"
maybe,Services\Implementations\ActivationService.cs,159,"return ActivationResult.Failed(""激活服务器未返回有效数据。"");"
maybe,Services\Implementations\ActivationService.cs,168,"return ActivationResult.Success(""在线激活成功。"");"
maybe,Services\Implementations\ActivationService.cs,173,"return ActivationResult.Failed(message.GetString() ?? ""在线激活失败。"");"
ignore-comment,Services\Implementations\ActivationService.cs,178,// 服务器返回非 JSON 时按失败处理。
maybe,Services\Implementations\ActivationService.cs,181,"return ActivationResult.Failed(""在线激活失败，请确认产品编号是否正确。"");"
maybe,Services\Implementations\ActivationService.cs,209,"_logHelper?.Warning($""读取授权文件失败：{ex.Message}"");"
maybe,Services\Implementations\AnalysisOutputReader.cs,45,"?? throw new InvalidOperationException($""无法解析 summary.json: {summaryPath}"");"
maybe,Services\Implementations\AnalysisOutputReader.cs,57,"throw new FileNotFoundException($""算法输出目录中未找到 result.json 或 summary.json: {outputDirectory}"");"
maybe,Services\Implementations\AnalysisOutputReader.cs,70,"?? throw new InvalidOperationException(""result.json 格式无效。"");"
maybe,Services\Implementations\AnalysisOutputReader.cs,308,"var preferred = videos.FirstOrDefault(path => path.Contains(""side"", StringComparison.OrdinalIgnoreCase) || path.Contains(""侧面"", StringComparison.OrdinalIgnoreCase))"
must,Services\Implementations\AnalysisPackageService.cs,38,"Message = ""分析结果尚未入库，无法生成结果包。"""
must,Services\Implementations\AnalysisPackageService.cs,47,"Message = ""分析输出目录不存在，无法生成结果包。"""
maybe,Services\Implementations\AnalysisPackageService.cs,86,"result.PackageValidationMessage = ""结果包已生成"";"
maybe,Services\Implementations\AnalysisPackageService.cs,89,"_logHelper?.Information($""分析结果包生成成功: AnalysisResultId={result.Id}, Path={packagePath}"");"
must,Services\Implementations\AnalysisPackageService.cs,95,"Message = ""结果包已生成"""
maybe,Services\Implementations\AnalysisPackageService.cs,104,"_logHelper?.Error($""分析结果包生成失败: AnalysisResultId={result.Id}"", ex);"
must,Services\Implementations\AnalysisPackageService.cs,108,"Message = $""结果包生成失败: {ex.Message}"""
must,Services\Implementations\AnalysisPackageService.cs,124,"Message = ""当前分析结果暂无结果包，已跳过包校验。"""
maybe,Services\Implementations\AnalysisPackageService.cs,131,"result.PackageValidationMessage = ""结果包文件不存在"";"
must,Services\Implementations\AnalysisPackageService.cs,137,"Message = ""结果包文件不存在，请重新分析。"""
maybe,Services\Implementations\AnalysisPackageService.cs,148,"result.PackageValidationMessage = ""结果包缺少 checksums.json"";"
maybe,Services\Implementations\AnalysisPackageService.cs,162,"result.PackageValidationMessage = ""结果包校验信息为空"";"
maybe,Services\Implementations\AnalysisPackageService.cs,174,"result.PackageValidationMessage = $""结果包缺少文件: {entryName}"";"
maybe,Services\Implementations\AnalysisPackageService.cs,184,"result.PackageValidationMessage = $""结果包文件校验失败: {entryName}"";"
maybe,Services\Implementations\AnalysisPackageService.cs,191,"result.PackageValidationMessage = ""结果包校验通过"";"
maybe,Services\Implementations\AnalysisPackageService.cs,198,"result.PackageValidationMessage = $""结果包校验异常: {ex.Message}"";"
maybe,Services\Implementations\AnalysisPackageService.cs,201,"_logHelper?.Error($""分析结果包校验失败: AnalysisResultId={result.Id}"", ex);"
ignore-comment,Services\Implementations\AppUpdateService.cs,14,/// 参考通用框架的在线更新服务。
maybe,Services\Implementations\AppUpdateService.cs,84,"_logHelper?.Warning($""检查在线更新失败：{ex.Message}"");"
maybe,Services\Implementations\AppUpdateService.cs,96,"throw new InvalidOperationException(""更新包地址为空。"");"
must,Services\Implementations\AppUpdateService.cs,99,"progress?.Report(new OperationProgressInfo(5, ""准备下载"", ""正在连接更新服务器...""));"
must,Services\Implementations\AppUpdateService.cs,128,"progress?.Report(new OperationProgressInfo(percent, ""正在下载"", $""已下载 {FormatBytes(readBytes)} / {FormatBytes(totalBytes.Value)}""));"
must,Services\Implementations\AppUpdateService.cs,132,"progress?.Report(new OperationProgressInfo(50, ""正在下载"", $""已下载 {FormatBytes(readBytes)}"", true));"
must,Services\Implementations\AppUpdateService.cs,136,"progress?.Report(new OperationProgressInfo(95, ""下载完成"", ""正在校验更新包...""));"
maybe,Services\Implementations\AppUpdateService.cs,139,"throw new InvalidOperationException(""更新包下载失败或文件为空。"");"
must,Services\Implementations\AppUpdateService.cs,142,"progress?.Report(new OperationProgressInfo(100, ""下载完成"", $""更新包已保存到 {localPath}""));"
maybe,Services\Implementations\AppUpdateService.cs,150,"throw new FileNotFoundException(""更新安装包不存在。"", installerPath);"
maybe,Services\Implementations\AppUpdateService.cs,171,"? $""发现新版本 {updateInfo.Version}。\n\n更新包：{updateInfo.PackageUrl}"""
maybe,Services\Implementations\AppUpdateService.cs,172,": $""发现新版本 {updateInfo.Version}。\n\n更新内容：\n{updateInfo.Detail}\n\n更新包：{updateInfo.PackageUrl}"";"
must,Services\Implementations\AppUpdateService.cs,176,"MessageBox.Show(message, ""发现新版本"", MessageBoxButton.OK, MessageBoxImage.Information);"
ignore-comment,Services\Implementations\AuthenticationService.cs,8,/// 身份验证服务实现
ignore-comment,Services\Implementations\AuthenticationService.cs,28,// 验证密码（支持带盐值的新格式）
ignore-comment,Services\Implementations\AuthenticationService.cs,32,// 新格式：使用盐值
ignore-comment,Services\Implementations\AuthenticationService.cs,37,// 旧格式：不使用盐值（兼容）
ignore-comment,Services\Implementations\AuthenticationService.cs,60,// 如果游客账号不存在，创建一个临时的
must,Services\Implementations\AuthenticationService.cs,65,"Name = ""游客"","
ignore-comment,Services\Implementations\AuthenticationService.cs,74,// 清理会话信息
ignore-comment,Services\Implementations\AuthenticationService.cs,87,// 验证旧密码
ignore-comment,Services\Implementations\AuthenticationService.cs,103,// 生成新的盐值和密码哈希
ignore-comment,Services\Implementations\AuthenticationService.cs,107,// 使用 UserService 的密码更新方法
ignore-comment,Services\Implementations\AuthenticationService.cs,113,// 备用方案：直接更新 User 对象
ignore-comment,Services\Implementations\AuthenticationService.cs,129,// 生成新的盐值和密码哈希
ignore-comment,Services\Implementations\AuthenticationService.cs,133,// 使用 UserService 的密码更新方法
ignore-comment,Services\Implementations\AuthenticationService.cs,139,// 备用方案：直接更新 User 对象
ignore-comment,Services\Implementations\AuthenticationService.cs,149,// 旧格式兼容
ignore-comment,Services\Implementations\AuthenticationService.cs,156,// 旧格式兼容
ignore-comment,Services\Implementations\BackupService.cs,13,/// 备份服务实现
ignore-comment,Services\Implementations\BackupService.cs,14,/// 使用 ZipHelper 进行数据库和配置文件的备份与恢复
ignore-comment,Services\Implementations\BackupService.cs,25,/// 备份目录
ignore-comment,Services\Implementations\BackupService.cs,32,/// 数据库文件路径
ignore-comment,Services\Implementations\BackupService.cs,37,/// 配置文件目录
ignore-comment,Services\Implementations\BackupService.cs,44,/// 构造函数
ignore-comment,Services\Implementations\BackupService.cs,57,// 确保备份目录存在
maybe,Services\Implementations\BackupService.cs,69,"_logHelper?.Information(""开始创建备份..."");"
ignore-comment,Services\Implementations\BackupService.cs,71,// 生成备份文件名
ignore-comment,Services\Implementations\BackupService.cs,76,// 创建临时目录用于收集备份文件
ignore-comment,Services\Implementations\BackupService.cs,86,// 1. 复制数据库文件
maybe,Services\Implementations\BackupService.cs,91,"_logHelper?.Information($""已复制数据库文件: {Constants.DATABASE_FILENAME}"");"
ignore-comment,Services\Implementations\BackupService.cs,94,// 2. 复制配置文件
maybe,Services\Implementations\BackupService.cs,105,"_logHelper?.Information(""已复制配置文件"");"
ignore-comment,Services\Implementations\BackupService.cs,108,// 3. 创建备份信息文件
ignore-comment,Services\Implementations\BackupService.cs,123,// 4. 压缩为ZIP文件
maybe,Services\Implementations\BackupService.cs,127,"_logHelper?.Information($""备份创建成功: {backupFileName}, 大小: {fileInfo.Length / 1024.0:F2} KB"");"
ignore-comment,Services\Implementations\BackupService.cs,133,// 清理临时目录
maybe,Services\Implementations\BackupService.cs,142,"_logHelper?.Error(""创建备份失败"", ex);"
maybe,Services\Implementations\BackupService.cs,154,"_logHelper?.Error($""备份文件不存在: {backupFilePath}"");"
maybe,Services\Implementations\BackupService.cs,158,"_logHelper?.Information($""开始恢复备份: {Path.GetFileName(backupFilePath)}"");"
ignore-comment,Services\Implementations\BackupService.cs,160,// 创建临时目录用于解压
ignore-comment,Services\Implementations\BackupService.cs,169,// 1. 解压备份文件
ignore-comment,Services\Implementations\BackupService.cs,172,// 2. 恢复数据库文件
ignore-comment,Services\Implementations\BackupService.cs,176,// 先备份当前数据库
maybe,Services\Implementations\BackupService.cs,186,"_logHelper?.Information(""数据库文件已恢复"");"
ignore-comment,Services\Implementations\BackupService.cs,190,// 恢复失败，还原当前数据库
ignore-comment,Services\Implementations\BackupService.cs,206,// 3. 恢复配置文件
maybe,Services\Implementations\BackupService.cs,220,"_logHelper?.Information(""配置文件已恢复"");"
maybe,Services\Implementations\BackupService.cs,223,"_logHelper?.Information(""备份恢复成功"");"
ignore-comment,Services\Implementations\BackupService.cs,228,// 清理临时目录
maybe,Services\Implementations\BackupService.cs,237,"_logHelper?.Error(""恢复备份失败"", ex);"
ignore-comment,Services\Implementations\BackupService.cs,262,// 按创建时间降序排序
maybe,Services\Implementations\BackupService.cs,267,"_logHelper?.Error(""获取备份文件列表失败"", ex);"
maybe,Services\Implementations\BackupService.cs,282,"_logHelper?.Warning($""备份文件不存在: {fileName}"");"
maybe,Services\Implementations\BackupService.cs,287,"_logHelper?.Information($""已删除备份文件: {fileName}"");"
maybe,Services\Implementations\BackupService.cs,292,"_logHelper?.Error($""删除备份文件失败: {fileName}"", ex);"
maybe,Services\Implementations\BackupService.cs,325,"_logHelper?.Information($""已清理 {deletedCount} 个过期备份"");"
maybe,Services\Implementations\BackupService.cs,330,"_logHelper?.Error(""清理过期备份失败"", ex);"
maybe,Services\Implementations\BackupService.cs,345,"_logHelper?.Information(""自动备份未启用"");"
ignore-comment,Services\Implementations\BackupService.cs,349,// 计算下次备份时间
ignore-comment,Services\Implementations\BackupService.cs,355,// 如果今天的备份时间已过，设置为明天
maybe,Services\Implementations\BackupService.cs,366,"_logHelper?.Information($""自动备份已启动，下次备份时间: {backupTime:yyyy-MM-dd HH:mm:ss}"");"
maybe,Services\Implementations\BackupService.cs,370,"_logHelper?.Error(""启动自动备份失败"", ex);"
maybe,Services\Implementations\BackupService.cs,382,"_logHelper?.Information(""自动备份已停止"");"
ignore-comment,Services\Implementations\BackupService.cs,387,/// 自动备份定时器事件
maybe,Services\Implementations\BackupService.cs,393,"_logHelper?.Information(""执行自动备份..."");"
ignore-comment,Services\Implementations\BackupService.cs,395,// 创建备份
ignore-comment,Services\Implementations\BackupService.cs,400,// 清理旧备份
maybe,Services\Implementations\BackupService.cs,407,"_logHelper?.Error(""自动备份执行失败"", ex);"
ignore-comment,Services\Implementations\BackupService.cs,411,// 重新启动定时器（设置下次备份）
ignore-comment,Services\Implementations\BackupService.cs,417,/// 释放资源
ignore-comment,Services\Implementations\ChartService.cs,13,/// 图表生成服务实现
ignore-comment,Services\Implementations\ChartService.cs,14,/// 基于 OxyPlot 生成步态分析报告中的各类图表
ignore-comment,Services\Implementations\ChartService.cs,19,/// 图表主题蓝色
ignore-comment,Services\Implementations\ChartService.cs,24,/// 数据线宽度
ignore-comment,Services\Implementations\ChartService.cs,29,/// 字体
ignore-comment,Services\Implementations\ChartService.cs,44,// ============ 图表创建 ============
maybe,Services\Implementations\ChartService.cs,49,"var model = CreateBasePlotModel(title, ""时间 (s)"", ""角度 (°)"");"
maybe,Services\Implementations\ChartService.cs,81,"var model = CreateBasePlotModel(title, ""时间 (s)"", ""速度 (m/s)"");"
maybe,Services\Implementations\ChartService.cs,108,"var model = CreateBasePlotModel(title, ""时间 (s)"", ""角速度 (°/s)"");"
ignore-comment,Services\Implementations\ChartService.cs,159,// ============ 导出 ============
ignore-comment,Services\Implementations\ChartService.cs,176,// ============ CSV 读取 ============
ignore-comment,Services\Implementations\ChartService.cs,190,// 解析表头以确定列索引
maybe,Services\Implementations\ChartService.cs,212,"_logHelper?.Error($""读取关节角度 CSV 失败: {csvPath}"", ex);"
maybe,Services\Implementations\ChartService.cs,251,"_logHelper?.Error($""读取关键点轨迹 CSV 失败: {csvPath}"", ex);"
maybe,Services\Implementations\ChartService.cs,288,"_logHelper?.Error($""读取关键点速度 CSV 失败: {csvPath}"", ex);"
maybe,Services\Implementations\ChartService.cs,325,"_logHelper?.Error($""读取关节角速度 CSV 失败: {csvPath}"", ex);"
ignore-comment,Services\Implementations\ChartService.cs,331,// ============ 私有辅助 ============
ignore-comment,Services\Implementations\ChartService.cs,334,/// 创建基础 PlotModel（统一样式）
ignore-comment,Services\Implementations\ChartService.cs,374,/// 构建列名 → 索引映射
ignore-comment,Services\Implementations\ChartService.cs,387,/// 从字段数组中获取 double 值
ignore-comment,Services\Implementations\ChartService.cs,396,/// 从字段数组中获取 int 值
ignore-comment,Services\Implementations\ChartService.cs,405,/// 从字段数组中获取 string 值
ignore-comment,Services\Implementations\DepartmentService.cs,9,/// 科室服务实现（使用 SqlSugar）
ignore-comment,Services\Implementations\DepartmentService.cs,16,/// 构造函数
maybe,Services\Implementations\DepartmentService.cs,40,"_logHelper?.Error(""获取科室列表失败"", ex);"
maybe,Services\Implementations\DepartmentService.cs,55,"_logHelper?.Error($""获取科室失败: Id={id}"", ex);"
maybe,Services\Implementations\DepartmentService.cs,71,"_logHelper?.Warning(""添加科室失败：科室名称为空"");"
maybe,Services\Implementations\DepartmentService.cs,83,"_logHelper?.Information($""添加科室成功: Id={id}, Name={department.Name}"");"
maybe,Services\Implementations\DepartmentService.cs,88,"_logHelper?.Error($""添加科室失败: Name={department.Name}"", ex);"
maybe,Services\Implementations\DepartmentService.cs,104,"_logHelper?.Warning($""更新科室失败：科室名称为空，Id={department.Id}"");"
maybe,Services\Implementations\DepartmentService.cs,116,"_logHelper?.Information($""更新科室成功: Id={department.Id}"");"
maybe,Services\Implementations\DepartmentService.cs,123,"_logHelper?.Error($""更新科室失败: Id={department.Id}"", ex);"
ignore-comment,Services\Implementations\DepartmentService.cs,133,// 先检查是否被使用
maybe,Services\Implementations\DepartmentService.cs,136,"_logHelper?.Warning($""科室被使用，无法删除: Id={id}"");"
maybe,Services\Implementations\DepartmentService.cs,145,"_logHelper?.Information($""删除科室成功: Id={id}"");"
maybe,Services\Implementations\DepartmentService.cs,152,"_logHelper?.Error($""删除科室失败: Id={id}"", ex);"
maybe,Services\Implementations\DepartmentService.cs,167,"_logHelper?.Error($""检查科室使用失败: Id={id}"", ex);"
maybe,Services\Implementations\DepartmentService.cs,191,"_logHelper?.Error($""检查名称重复失败: Name={name}"", ex);"
ignore-comment,Services\Implementations\ExportImportService.cs,20,/// 导出导入服务实现
maybe,Services\Implementations\ExportImportService.cs,44,"_logHelper?.Information($""开始导出患者数据：{patients.Count}条，格式：{format}"");"
ignore,Services\Implementations\ExportImportService.cs,48,"姓名 = p.Name,"
maybe,Services\Implementations\ExportImportService.cs,49,"性别 = p.Gender == Gender.Male ? ""男"" : ""女"","
maybe,Services\Implementations\ExportImportService.cs,50,"出生日期 = p.BirthDate?.ToString(""yyyy-MM-dd"") ?? """","
maybe,Services\Implementations\ExportImportService.cs,51,"年龄 = p.Age?.ToString() ?? """","
ignore,Services\Implementations\ExportImportService.cs,52,"电话 = p.Phone,"
maybe,Services\Implementations\ExportImportService.cs,53,"证件号 = p.IdNumber ?? """","
maybe,Services\Implementations\ExportImportService.cs,54,"住院号 = p.HospitalNumber ?? """","
maybe,Services\Implementations\ExportImportService.cs,55,"身高cm = p.Height?.ToString(""F1"") ?? """","
maybe,Services\Implementations\ExportImportService.cs,56,"体重kg = p.Weight?.ToString(""F1"") ?? """","
maybe,Services\Implementations\ExportImportService.cs,57,"地址 = p.Address ?? """","
maybe,Services\Implementations\ExportImportService.cs,58,"病史 = p.MedicalHistory ?? """","
maybe,Services\Implementations\ExportImportService.cs,59,"备注 = p.Remark ?? """","
ignore,Services\Implementations\ExportImportService.cs,60,创建时间 = p.CreatedAt.ToString(Constants.DATETIME_FORMAT)
maybe,Services\Implementations\ExportImportService.cs,72,"_logHelper?.Error(""导出患者数据失败"", ex);"
maybe,Services\Implementations\ExportImportService.cs,82,"_logHelper?.Information($""开始导出测量数据：{measurements.Count}条，格式：{format}"");"
must,Services\Implementations\ExportImportService.cs,86,"患者姓名 = m.Patient?.Name ?? """","
maybe,Services\Implementations\ExportImportService.cs,87,"性别 = m.Patient?.Gender == Gender.Male ? ""男"" : ""女"","
maybe,Services\Implementations\ExportImportService.cs,88,"年龄 = m.Patient?.Age?.ToString() ?? """","
ignore,Services\Implementations\ExportImportService.cs,89,"测量日期 = m.MeasurementDate.ToString(Constants.DATETIME_FORMAT),"
ignore,Services\Implementations\ExportImportService.cs,90,"测量状态 = GetStatusText(m.Status),"
maybe,Services\Implementations\ExportImportService.cs,91,"测量时长秒 = m.DurationSeconds?.ToString() ?? """","
must,Services\Implementations\ExportImportService.cs,92,"操作员 = m.Operator?.Name ?? """","
maybe,Services\Implementations\ExportImportService.cs,93,"左脚步幅cm = m.GaitParameters?.StrideLengthLeft?.ToString(""F2"") ?? """","
maybe,Services\Implementations\ExportImportService.cs,94,"右脚步幅cm = m.GaitParameters?.StrideLengthRight?.ToString(""F2"") ?? """","
maybe,Services\Implementations\ExportImportService.cs,95,"步频步每分 = m.GaitParameters?.Cadence?.ToString(""F1"") ?? """","
maybe,Services\Implementations\ExportImportService.cs,96,"步速m每s = m.GaitParameters?.Velocity?.ToString(""F2"") ?? """","
maybe,Services\Implementations\ExportImportService.cs,97,"左脚支撑相百分比 = m.GaitParameters?.StancePhaseLeft?.ToString(""F1"") ?? """","
maybe,Services\Implementations\ExportImportService.cs,98,"右脚支撑相百分比 = m.GaitParameters?.StancePhaseRight?.ToString(""F1"") ?? """","
maybe,Services\Implementations\ExportImportService.cs,99,"双支撑时间百分比 = m.GaitParameters?.DoubleSupport?.ToString(""F1"") ?? """","
maybe,Services\Implementations\ExportImportService.cs,100,"备注 = m.Remark ?? """""
maybe,Services\Implementations\ExportImportService.cs,112,"_logHelper?.Error(""导出测量数据失败"", ex);"
must,Services\Implementations\ExportImportService.cs,126,"ReportProgress(progress, 0, ""准备导出"", ""正在准备测量结果包..."");"
maybe,Services\Implementations\ExportImportService.cs,130,"return new(false, ""没有可导出的测量记录。"", 0, filePath);"
maybe,Services\Implementations\ExportImportService.cs,164,"""读取测量数据"","
must,Services\Implementations\ExportImportService.cs,165,"$""正在读取 {measurement.MeasurementName ?? $""测量 {measurement.Id}""} 的基础信息..."");"
must,Services\Implementations\ExportImportService.cs,180,"MeasurementName = measurement.MeasurementName ?? $""测量_{measurement.MeasurementDate:yyyyMMdd_HHmmss}"","
must,Services\Implementations\ExportImportService.cs,189,"ReportProgress(progress, measurementStart + (measurementEnd - measurementStart) * 0.22, ""写入基础信息"", ""正在写入患者、测量和报告快照..."");"
maybe,Services\Implementations\ExportImportService.cs,209,"""打包分析文件"","
maybe,Services\Implementations\ExportImportService.cs,210,"$""正在打包分析结果 {result.RequestId}..."");"
must,Services\Implementations\ExportImportService.cs,251,"ReportProgress(progress, measurementEnd, ""测量打包完成"", $""已完成 {manifestMeasurement.MeasurementName}。"");"
must,Services\Implementations\ExportImportService.cs,256,"ReportProgress(progress, 100, ""导出完成"", ""测量结果包已生成。"");"
maybe,Services\Implementations\ExportImportService.cs,257,"_logHelper?.Information($""测量结果包导出完成：{filePath}, Count={measurements.Count}"");"
maybe,Services\Implementations\ExportImportService.cs,258,"return new(true, $""成功导出 {measurements.Count} 条测量结果。"", measurements.Count, filePath);"
maybe,Services\Implementations\ExportImportService.cs,266,"_logHelper?.Error($""测量结果包导出失败：{filePath}"", ex);"
maybe,Services\Implementations\ExportImportService.cs,267,"return new(false, $""导出失败：{ex.Message}"", 0, filePath);"
must,Services\Implementations\ExportImportService.cs,279,"ReportProgress(progress, 0, ""准备导入"", ""正在读取测量结果包..."");"
maybe,Services\Implementations\ExportImportService.cs,283,"return new(false, ""结果包文件不存在。"", 0, []);"
maybe,Services\Implementations\ExportImportService.cs,290,"return new(false, ""结果包格式无效或没有测量记录。"", 0, []);"
maybe,Services\Implementations\ExportImportService.cs,313,"""导入测量数据"","
maybe,Services\Implementations\ExportImportService.cs,314,"$""正在导入 {item.MeasurementName}..."");"
maybe,Services\Implementations\ExportImportService.cs,324,"_logHelper?.Warning($""跳过无效测量归档：{measurementRoot}"");"
maybe,Services\Implementations\ExportImportService.cs,376,"""恢复结果文件"","
maybe,Services\Implementations\ExportImportService.cs,377,"$""正在恢复分析结果 {analysis.RequestId}..."");"
maybe,Services\Implementations\ExportImportService.cs,391,"""恢复结果文件"","
maybe,Services\Implementations\ExportImportService.cs,392,"$""正在恢复 {Path.GetFileName(fileMap.RelativePath)}..."");"
must,Services\Implementations\ExportImportService.cs,400,"ReportProgress(progress, analysisEnd, ""结果文件恢复完成"", $""已恢复 {fileMaps.Count} 个结果文件。"");"
maybe,Services\Implementations\ExportImportService.cs,412,"result.PackageValidationMessage = ""由测量结果包导入，原始视频未随包导入。"";"
maybe,Services\Implementations\ExportImportService.cs,469,"_logHelper?.Information($""测量结果包导入完成：OldMeasurementId={oldMeasurementId}, NewMeasurementId={newMeasurementId}, OldPatientId={oldPatientId}, NewPatientId={newPatientId}"");"
must,Services\Implementations\ExportImportService.cs,470,"ReportProgress(progress, measurementEnd, ""测量导入完成"", $""已完成 {item.MeasurementName}。"");"
must,Services\Implementations\ExportImportService.cs,473,"ReportProgress(progress, 100, ""导入完成"", ""测量结果包已导入。"");"
maybe,Services\Implementations\ExportImportService.cs,475,"? new(true, $""成功导入 {importedIds.Count} 条测量结果。"", importedIds.Count, importedIds)"
maybe,Services\Implementations\ExportImportService.cs,476,": new(false, ""没有成功导入任何测量结果。"", 0, importedIds);"
maybe,Services\Implementations\ExportImportService.cs,484,"_logHelper?.Error($""测量结果包导入失败：{filePath}"", ex);"
maybe,Services\Implementations\ExportImportService.cs,485,"return new(false, $""导入失败：{ex.Message}"", 0, []);"
maybe,Services\Implementations\ExportImportService.cs,498,"_logHelper?.Error($""导入文件不存在: {filePath}"");"
maybe,Services\Implementations\ExportImportService.cs,503,"_logHelper?.Information($""开始导入患者数据: {filePath}"");"
maybe,Services\Implementations\ExportImportService.cs,515,"_logHelper?.Error($""不支持的文件格式: {extension}"");"
maybe,Services\Implementations\ExportImportService.cs,518,"_logHelper?.Information($""导入完成，成功导入 {patients.Count} 条患者数据"");"
maybe,Services\Implementations\ExportImportService.cs,522,"_logHelper?.Error(""导入患者数据失败"", ex);"
ignore-comment,Services\Implementations\ExportImportService.cs,529,/// 从 CSV 导入患者数据
maybe,Services\Implementations\ExportImportService.cs,540,"_logHelper?.Warning(""CSV 文件为空或只有表头"");"
ignore-comment,Services\Implementations\ExportImportService.cs,544,// 解析表头
ignore-comment,Services\Implementations\ExportImportService.cs,552,// 解析数据行
maybe,Services\Implementations\ExportImportService.cs,564,"_logHelper?.Warning($""第 {lineIndex + 1} 行缺少姓名，跳过"");"
maybe,Services\Implementations\ExportImportService.cs,572,"_logHelper?.Warning($""解析第 {lineIndex + 1} 行失败: {ex.Message}"");"
maybe,Services\Implementations\ExportImportService.cs,578,"_logHelper?.Error(""解析 CSV 文件失败"", ex);"
maybe,Services\Implementations\ExportImportService.cs,596,"_logHelper?.Warning(""Excel 文件为空或只有表头"");"
maybe,Services\Implementations\ExportImportService.cs,627,"_logHelper?.Warning($""第 {rowIndex + 1} 行缺少姓名，跳过"");"
maybe,Services\Implementations\ExportImportService.cs,636,"_logHelper?.Error(""解析 Excel 文件失败"", ex);"
must,Services\Implementations\ExportImportService.cs,647,"Name = getField(""姓名"").Trim(),"
maybe,Services\Implementations\ExportImportService.cs,648,"Gender = ParseGender(getField(""性别"")),"
maybe,Services\Implementations\ExportImportService.cs,649,"BirthDate = ParseDate(getField(""出生日期"")),"
maybe,Services\Implementations\ExportImportService.cs,650,"Phone = Truncate(getField(""电话""), 12),"
maybe,Services\Implementations\ExportImportService.cs,651,"IdNumber = EmptyToNull(Truncate(getField(""证件号""), 20)),"
maybe,Services\Implementations\ExportImportService.cs,652,"HospitalNumber = EmptyToNull(Truncate(getField(""住院号""), 20)),"
maybe,Services\Implementations\ExportImportService.cs,653,"Height = ParseDouble(getField(""身高cm"")),"
maybe,Services\Implementations\ExportImportService.cs,654,"Weight = ParseDouble(getField(""体重kg"")),"
maybe,Services\Implementations\ExportImportService.cs,655,"Address = EmptyToNull(getField(""地址"")),"
maybe,Services\Implementations\ExportImportService.cs,656,"MedicalHistory = EmptyToNull(getField(""病史"")),"
maybe,Services\Implementations\ExportImportService.cs,657,"Remark = EmptyToNull(getField(""备注"")),"
maybe,Services\Implementations\ExportImportService.cs,690,"CellType.Boolean => cell.BooleanCellValue ? ""是"" : ""否"","
maybe,Services\Implementations\ExportImportService.cs,698,"return value.Trim() == ""女"" ? Gender.Female : Gender.Male;"
ignore-comment,Services\Implementations\ExportImportService.cs,723,/// 解析 CSV 行
ignore-comment,Services\Implementations\ExportImportService.cs,739,// 检查是否是转义的引号
ignore-comment,Services\Implementations\ExportImportService.cs,780,// TODO: 导出报告为Excel（第四阶段完善）
maybe,Services\Implementations\ExportImportService.cs,781,"_logHelper?.Information($""导出报告为Excel：ID={reportId}, 文件={filePath}"");"
must,Services\Implementations\ExportImportService.cs,852,"ReportProgress(progress, endProgress, ""打包分析文件"", ""没有需要写入的结果文件。"");"
maybe,Services\Implementations\ExportImportService.cs,864,"""写入结果文件"","
maybe,Services\Implementations\ExportImportService.cs,865,"$""正在写入 {Path.GetFileName(path)}..."");"
must,Services\Implementations\ExportImportService.cs,870,"ReportProgress(progress, endProgress, ""结果文件写入完成"", $""已写入 {fileMaps.Count} 个结果文件。"");"
maybe,Services\Implementations\ExportImportService.cs,960,"throw new InvalidOperationException(""结果包内包含非法文件路径。"");"
maybe,Services\Implementations\ExportImportService.cs,1026,"_logHelper?.Information($""导入测量包复用已有患者：ExistingPatientId={match.Id}, Name={match.Name}"");"
maybe,Services\Implementations\ExportImportService.cs,1097,"const string note = ""由测量结果包导入，包内不包含原始视频；如需重新分析，请重新采集或上传视频。"";"
ignore,Services\Implementations\ExportImportService.cs,1221,#region 私有方法
ignore-comment,Services\Implementations\ExportImportService.cs,1224,/// 导出到Excel
maybe,Services\Implementations\ExportImportService.cs,1240,"var sheet = workbook.CreateSheet(""数据"");"
maybe,Services\Implementations\ExportImportService.cs,1272,"_logHelper?.Information($""Excel导出成功：{filePath}"");"
maybe,Services\Implementations\ExportImportService.cs,1277,"_logHelper?.Error($""Excel导出失败：{filePath}"", ex);"
ignore-comment,Services\Implementations\ExportImportService.cs,1283,/// 转义XML特殊字符
ignore-comment,Services\Implementations\ExportImportService.cs,1298,/// 导出到CSV
ignore-comment,Services\Implementations\ExportImportService.cs,1304,// 确保目录存在
ignore-comment,Services\Implementations\ExportImportService.cs,1314,// 写入表头
ignore-comment,Services\Implementations\ExportImportService.cs,1317,// 写入数据
ignore-comment,Services\Implementations\ExportImportService.cs,1324,// 写入文件（使用UTF-8 with BOM）
maybe,Services\Implementations\ExportImportService.cs,1327,"_logHelper?.Information($""CSV导出成功：{filePath}"");"
maybe,Services\Implementations\ExportImportService.cs,1332,"_logHelper?.Error($""CSV导出失败：{filePath}"", ex);"
ignore-comment,Services\Implementations\ExportImportService.cs,1338,/// 转义CSV字段
ignore-comment,Services\Implementations\ExportImportService.cs,1344,// 如果包含逗号、引号或换行符，需要用引号包围
ignore-comment,Services\Implementations\ExportImportService.cs,1353,/// 获取状态文本
maybe,Services\Implementations\ExportImportService.cs,1359,"MeasurementStatus.Pending => ""待处理"","
maybe,Services\Implementations\ExportImportService.cs,1360,"MeasurementStatus.InProgress => ""分析中"","
maybe,Services\Implementations\ExportImportService.cs,1361,"MeasurementStatus.Completed => ""已完成"","
maybe,Services\Implementations\ExportImportService.cs,1362,"MeasurementStatus.Cancelled => ""待处理"","
maybe,Services\Implementations\ExportImportService.cs,1363,"MeasurementStatus.Failed => ""分析失败"","
maybe,Services\Implementations\ExportImportService.cs,1364,"_ => ""未知"""
ignore,Services\Implementations\ExportImportService.cs,1371,#region 测量结果包模型
ignore,Services\Implementations\ExportImportService.cs,1410,#region 导出数据模型
ignore-comment,Services\Implementations\ExportImportService.cs,1413,/// 患者导出模型
maybe,Services\Implementations\ExportImportService.cs,1417,"public string 姓名 { get; set; } = """";"
maybe,Services\Implementations\ExportImportService.cs,1418,"public string 性别 { get; set; } = """";"
maybe,Services\Implementations\ExportImportService.cs,1419,"public string 出生日期 { get; set; } = """";"
maybe,Services\Implementations\ExportImportService.cs,1420,"public string 年龄 { get; set; } = """";"
maybe,Services\Implementations\ExportImportService.cs,1421,"public string 电话 { get; set; } = """";"
maybe,Services\Implementations\ExportImportService.cs,1422,"public string 证件号 { get; set; } = """";"
maybe,Services\Implementations\ExportImportService.cs,1423,"public string 住院号 { get; set; } = """";"
maybe,Services\Implementations\ExportImportService.cs,1424,"public string 身高cm { get; set; } = """";"
maybe,Services\Implementations\ExportImportService.cs,1425,"public string 体重kg { get; set; } = """";"
maybe,Services\Implementations\ExportImportService.cs,1426,"public string 地址 { get; set; } = """";"
maybe,Services\Implementations\ExportImportService.cs,1427,"public string 病史 { get; set; } = """";"
maybe,Services\Implementations\ExportImportService.cs,1428,"public string 备注 { get; set; } = """";"
maybe,Services\Implementations\ExportImportService.cs,1429,"public string 创建时间 { get; set; } = """";"
ignore-comment,Services\Implementations\ExportImportService.cs,1433,/// 测量数据导出模型
maybe,Services\Implementations\ExportImportService.cs,1437,"public string 患者姓名 { get; set; } = """";"
maybe,Services\Implementations\ExportImportService.cs,1438,"public string 性别 { get; set; } = """";"
maybe,Services\Implementations\ExportImportService.cs,1439,"public string 年龄 { get; set; } = """";"
maybe,Services\Implementations\ExportImportService.cs,1440,"public string 测量日期 { get; set; } = """";"
maybe,Services\Implementations\ExportImportService.cs,1441,"public string 测量状态 { get; set; } = """";"
maybe,Services\Implementations\ExportImportService.cs,1442,"public string 测量时长秒 { get; set; } = """";"
maybe,Services\Implementations\ExportImportService.cs,1443,"public string 操作员 { get; set; } = """";"
maybe,Services\Implementations\ExportImportService.cs,1444,"public string 左脚步幅cm { get; set; } = """";"
maybe,Services\Implementations\ExportImportService.cs,1445,"public string 右脚步幅cm { get; set; } = """";"
maybe,Services\Implementations\ExportImportService.cs,1446,"public string 步频步每分 { get; set; } = """";"
maybe,Services\Implementations\ExportImportService.cs,1447,"public string 步速m每s { get; set; } = """";"
maybe,Services\Implementations\ExportImportService.cs,1448,"public string 左脚支撑相百分比 { get; set; } = """";"
maybe,Services\Implementations\ExportImportService.cs,1449,"public string 右脚支撑相百分比 { get; set; } = """";"
maybe,Services\Implementations\ExportImportService.cs,1450,"public string 双支撑时间百分比 { get; set; } = """";"
maybe,Services\Implementations\ExportImportService.cs,1451,"public string 备注 { get; set; } = """";"
must,Services\Implementations\FfmpegCameraRecordingService.cs,31,"Report(logProgress, ""准备录制"");"
must,Services\Implementations\FfmpegCameraRecordingService.cs,32,"Report(logProgress, $""规格: {options.VideoSize} @ {options.FrameRate}fps, {options.DurationSeconds}s"");"
must,Services\Implementations\FfmpegCameraRecordingService.cs,35,"Report(logProgress, $""相机: {task.CameraName}"");"
must,Services\Implementations\FfmpegCameraRecordingService.cs,49,"Report(logProgress, ""录制阶段完成"");"
must,Services\Implementations\FfmpegCameraRecordingService.cs,62,"Report(logProgress, $""已删除临时 AVI: {task.AviFile}"");"
must,Services\Implementations\FfmpegCameraRecordingService.cs,67,"Report(logProgress, ""全部任务完成"");"
must,Services\Implementations\FfmpegCameraRecordingService.cs,84,"Report(logProgress, $""开始录制: {task.CameraName}"");"
maybe,Services\Implementations\FfmpegCameraRecordingService.cs,95,"throw new InvalidOperationException($""{task.CameraName} 录制失败，FFmpeg 退出码: {exitCode}"");"
maybe,Services\Implementations\FfmpegCameraRecordingService.cs,100,"throw new FileNotFoundException($""{task.CameraName} 录制完成但未找到 AVI 文件"", task.AviFile);"
must,Services\Implementations\FfmpegCameraRecordingService.cs,103,"Report(logProgress, $""录制完成: {task.AviFile}"");"
must,Services\Implementations\FfmpegCameraRecordingService.cs,121,"Report(logProgress, $""开始转码: {task.CameraName}，编码器: {profile.DisplayName}"");"
must,Services\Implementations\FfmpegCameraRecordingService.cs,127,"line => Report(logProgress, $""[{task.CameraName} 转码/{profile.DisplayName}] {line}""),"
must,Services\Implementations\FfmpegCameraRecordingService.cs,132,"Report(logProgress, $""转码完成: {task.Mp4File}，编码器: {profile.DisplayName}"");"
must,Services\Implementations\FfmpegCameraRecordingService.cs,136,"Report(logProgress, $""转码失败: {task.CameraName}，编码器: {profile.DisplayName}，退出码: {lastExitCode}"");"
maybe,Services\Implementations\FfmpegCameraRecordingService.cs,139,"throw new InvalidOperationException($""{task.CameraName} 转码失败，FFmpeg 退出码: {lastExitCode}"");"
maybe,Services\Implementations\FfmpegCameraRecordingService.cs,195,"throw new FileNotFoundException(""找不到 ffmpeg.exe，请检查路径。"", options.FfmpegPath);"
maybe,Services\Implementations\FfmpegCameraRecordingService.cs,200,"throw new ArgumentException(""保存目录不能为空。"", nameof(options));"
maybe,Services\Implementations\FfmpegCameraRecordingService.cs,205,"throw new ArgumentException(""至少需要输入一个有效的相机名称。"", nameof(options));"
maybe,Services\Implementations\FfmpegCameraRecordingService.cs,210,"throw new ArgumentException(""分辨率不能为空。"", nameof(options));"
maybe,Services\Implementations\FfmpegCameraRecordingService.cs,215,"throw new ArgumentOutOfRangeException(nameof(options), ""帧率必须大于 0。"");"
maybe,Services\Implementations\FfmpegCameraRecordingService.cs,220,"throw new ArgumentOutOfRangeException(nameof(options), ""录制时长必须大于 0。"");"
ignore-comment,Services\Implementations\GaitAnalysisService.cs,19,/// 步态分析算法调用服务实现
ignore-comment,Services\Implementations\GaitAnalysisService.cs,92,/// 构造函数
maybe,Services\Implementations\GaitAnalysisService.cs,114,"_logHelper?.Warning($""算法运行环境校验失败: {ex.Message}"");"
maybe,Services\Implementations\GaitAnalysisService.cs,126,"throw new InvalidOperationException(""已有分析任务正在运行，请等待完成或取消后再试。"");"
maybe,Services\Implementations\GaitAnalysisService.cs,163,"RaiseLog($""当前算法超时配置为 {settings.TimeoutMinutes} 分钟，低于后台分析最低保护值，已按 {MinimumAlgorithmTimeoutMinutes} 分钟执行。"");"
maybe,Services\Implementations\GaitAnalysisService.cs,173,"RaiseProgress(requestId, ""pending"", 0, ""任务已接收"");"
maybe,Services\Implementations\GaitAnalysisService.cs,176,"RaiseLog($""算法程序路径: {exePath}"");"
maybe,Services\Implementations\GaitAnalysisService.cs,177,"RaiseLog($""算法运行目录: {runtimeDir}"");"
maybe,Services\Implementations\GaitAnalysisService.cs,178,"RaiseLog($""分析归档目录: {archiveDir}"");"
maybe,Services\Implementations\GaitAnalysisService.cs,207,"? $""算法进程退出码非 0: {exitCode}，但 stdout 已返回 completed，继续读取结果。日志目录: {logDir}"""
maybe,Services\Implementations\GaitAnalysisService.cs,208,": $""算法进程退出码非 0: {exitCode}，但 stdout 已返回 completed，继续读取结果。日志目录: {logDir}\n{stderrTail}"";"
maybe,Services\Implementations\GaitAnalysisService.cs,216,"? $""算法进程退出码: {exitCode} ({errorCode})，日志目录: {logDir}"""
maybe,Services\Implementations\GaitAnalysisService.cs,217,": $""算法进程退出码: {exitCode} ({errorCode})，日志目录: {logDir}\n{stderrTail}"";"
maybe,Services\Implementations\GaitAnalysisService.cs,225,"RaiseProgress(requestId, ""processing"", 95, ""算法计算完成，正在生成分析预览"");"
must,Services\Implementations\GaitAnalysisService.cs,237,"var errorMessage = $""算法输出读取失败: {ex.Message}"";"
must,Services\Implementations\GaitAnalysisService.cs,253,"summary.ErrorMessage ?? ""算法返回失败"","
maybe,Services\Implementations\GaitAnalysisService.cs,257,"RaiseProgress(requestId, ""processing"", 98, ""正在归档分析结果"");"
maybe,Services\Implementations\GaitAnalysisService.cs,276,"RaiseProgress(requestId, ""completed"", 100, ""分析完成"");"
maybe,Services\Implementations\GaitAnalysisService.cs,277,"RaiseLog($""分析完成，耗时: {analysisDuration:F1}s"");"
maybe,Services\Implementations\GaitAnalysisService.cs,284,"_logHelper?.Information(""分析任务已取消"");"
maybe,Services\Implementations\GaitAnalysisService.cs,285,"RaiseLog(""分析任务已取消"");"
maybe,Services\Implementations\GaitAnalysisService.cs,291,"_logHelper?.Error(""分析任务异常"", ex);"
maybe,Services\Implementations\GaitAnalysisService.cs,292,"RaiseLog($""分析异常: {ex.Message}"", isError: true);"
maybe,Services\Implementations\GaitAnalysisService.cs,309,"_logHelper?.Information(""正在取消分析任务..."");"
ignore,Services\Implementations\GaitAnalysisService.cs,316,#region 私有方法 - 配置构建
ignore-comment,Services\Implementations\GaitAnalysisService.cs,319,/// 生成请求ID：GAIT_{yyyyMMdd}_{HHmmss}
ignore-comment,Services\Implementations\GaitAnalysisService.cs,329,/// 获取算法 exe 完整路径
ignore-comment,Services\Implementations\GaitAnalysisService.cs,348,// 若为相对路径，则基于应用程序目录解析
maybe,Services\Implementations\GaitAnalysisService.cs,415,"?? throw new InvalidOperationException(""无法解析算法程序目录。"");"
maybe,Services\Implementations\GaitAnalysisService.cs,419,"throw new DirectoryNotFoundException($""算法目录不存在: {algorithmDirectory}"");"
maybe,Services\Implementations\GaitAnalysisService.cs,428,"throw new FileNotFoundException($""算法运行库不存在，请确认已随程序复制 {InternalRuntimeZipFileName}。"", runtimeDirectory);"
maybe,Services\Implementations\GaitAnalysisService.cs,431,"RaiseLog(""正在解压算法运行库，首次运行可能需要等待一段时间。"");"
maybe,Services\Implementations\GaitAnalysisService.cs,437,"throw new DirectoryNotFoundException($""算法运行库解压后仍未找到: {runtimeDirectory}"");"
maybe,Services\Implementations\GaitAnalysisService.cs,442,"throw new FileNotFoundException($""算法程序文件不存在: {exePath}"", exePath);"
maybe,Services\Implementations\GaitAnalysisService.cs,449,"throw new FileNotFoundException($""侧面算法配置文件不存在: {sideConfigPath}"", sideConfigPath);"
maybe,Services\Implementations\GaitAnalysisService.cs,454,"throw new FileNotFoundException($""正面算法配置文件不存在: {frontConfigPath}"", frontConfigPath);"
ignore-comment,Services\Implementations\GaitAnalysisService.cs,461,/// 验证分析请求
maybe,Services\Implementations\GaitAnalysisService.cs,467,"throw new InvalidOperationException(""患者身高未填写，算法必填参数。"");"
maybe,Services\Implementations\GaitAnalysisService.cs,472,"throw new InvalidOperationException(""侧面视频未选择，无法启动步态分析。"");"
maybe,Services\Implementations\GaitAnalysisService.cs,477,"throw new InvalidOperationException($""侧面视频文件不存在: {request.Record.SideVideoPath}"");"
maybe,Services\Implementations\GaitAnalysisService.cs,482,"throw new InvalidOperationException($""正面视频文件不存在: {request.Record.FrontVideoPath}"");"
maybe,Services\Implementations\GaitAnalysisService.cs,569,"RaiseLog($""算法输出已归档: {archiveDir}"");"
ignore-comment,Services\Implementations\GaitAnalysisService.cs,619,// 删除临时运行目录失败不影响分析结果，目录会留作排查。
maybe,Services\Implementations\GaitAnalysisService.cs,644,"throw new FileNotFoundException($""输入视频不存在: {sourcePath}"", sourcePath);"
maybe,Services\Implementations\GaitAnalysisService.cs,727,"RaiseLog($""算法配置已写入本次输出目录，输入目录: {inputDir}，输出目录: {outputDir}，快照目录: {configSnapshotDir}"");"
ignore-comment,Services\Implementations\GaitAnalysisService.cs,819,// 状态文件清理失败不应阻断分析，新的 stdout 状态仍然是主通道。
maybe,Services\Implementations\GaitAnalysisService.cs,832,"RaiseLog(""未找到 ffmpeg.exe，跳过分析详情拼接预览生成。"");"
maybe,Services\Implementations\GaitAnalysisService.cs,836,"var sideVideo = FindSports2DVideo(outputDir, allowFallback: true, ""side"", ""侧面"", ""渚ч潰"");"
maybe,Services\Implementations\GaitAnalysisService.cs,837,"var frontVideo = FindSports2DVideo(outputDir, allowFallback: false, ""front"", ""正面"", ""姝ｉ潰"");"
maybe,Services\Implementations\GaitAnalysisService.cs,840,"RaiseLog(""未找到侧面标注视频，跳过分析详情预览生成。"");"
maybe,Services\Implementations\GaitAnalysisService.cs,847,"RaiseLog(""侧面和正面标注视频指向同一文件，跳过双视频拼接预览生成。"");"
maybe,Services\Implementations\GaitAnalysisService.cs,940,"RaiseLog($""分析详情拼接预览已生成: {previewPath}"");"
maybe,Services\Implementations\GaitAnalysisService.cs,944,"RaiseLog($""分析详情拼接预览生成失败，退出码: {process.ExitCode}，日志: {previewLogPath}"", isError: true);"
maybe,Services\Implementations\GaitAnalysisService.cs,953,"RaiseLog($""生成分析详情拼接预览异常: {ex.Message}"", isError: true);"
maybe,Services\Implementations\GaitAnalysisService.cs,954,"_logHelper?.Warning($""生成分析详情拼接预览异常: {ex.Message}"");"
maybe,Services\Implementations\GaitAnalysisService.cs,1083,"RaiseLog($""{viewName} 分析预览视频已按原始输入帧范围补齐。"");"
maybe,Services\Implementations\GaitAnalysisService.cs,1087,"RaiseLog($""{viewName} 分析预览视频补齐失败，使用算法原始标注视频。日志: {previewLogPath}"", isError: true);"
maybe,Services\Implementations\GaitAnalysisService.cs,1096,"RaiseLog($""{viewName} 分析预览视频补齐异常，使用算法原始标注视频: {ex.Message}"", isError: true);"
ignore-comment,Services\Implementations\GaitAnalysisService.cs,1322,// run_info 仅用于联调定位，写入失败不能影响分析。
ignore-comment,Services\Implementations\GaitAnalysisService.cs,1327,/// 构建算法输入配置
ignore-comment,Services\Implementations\GaitAnalysisService.cs,1339,// Patient.Height 瀛?cm锛岄渶杞崲涓?m
ignore-comment,Services\Implementations\GaitAnalysisService.cs,1342,// 根据 VideoSpec 推算分辨率和帧率
ignore-comment,Services\Implementations\GaitAnalysisService.cs,1393,/// 将配置写入 JSON 文件
ignore,Services\Implementations\GaitAnalysisService.cs,1409,#region 私有方法 - 进程管理
ignore-comment,Services\Implementations\GaitAnalysisService.cs,1412,/// 启动算法进程并等待完成
maybe,Services\Implementations\GaitAnalysisService.cs,1455,"_logHelper?.Warning($""算法 stderr: {e.Data}"");"
maybe,Services\Implementations\GaitAnalysisService.cs,1469,"RaiseLog($""算法进程已启动 (PID: {process.Id})"");"
maybe,Services\Implementations\GaitAnalysisService.cs,1470,"_logHelper?.Information($""算法进程已启动: PID={process.Id}, exe={exePath}"");"
maybe,Services\Implementations\GaitAnalysisService.cs,1478,"_logHelper?.Information(""正在终止算法进程..."");"
maybe,Services\Implementations\GaitAnalysisService.cs,1484,"_logHelper?.Warning($""终止进程异常: {ex.Message}"");"
ignore-comment,Services\Implementations\GaitAnalysisService.cs,1499,/// 澶勭悊 stdout 鍗曡杈撳嚭
ignore-comment,Services\Implementations\GaitAnalysisService.cs,1513,// 非状态消息，作为普通日志
must,Services\Implementations\GaitAnalysisService.cs,1537,"displayText = ""算法计算完成，正在整理结果"";"
maybe,Services\Implementations\GaitAnalysisService.cs,1544,"RaiseLog($""算法错误: {message.Error}"", isError: true);"
ignore-comment,Services\Implementations\GaitAnalysisService.cs,1549,// 非 JSON 行，作为普通日志
maybe,Services\Implementations\GaitAnalysisService.cs,1592,"""pending"" => ""任务已接收"","
maybe,Services\Implementations\GaitAnalysisService.cs,1593,"""processing"" => ""正在分析"","
maybe,Services\Implementations\GaitAnalysisService.cs,1594,"""pose_estimation_side"" => ""正在进行侧面人体关键点识别"","
maybe,Services\Implementations\GaitAnalysisService.cs,1595,"""pose_estimation_side_ok"" => ""侧面人体关键点识别完成"","
maybe,Services\Implementations\GaitAnalysisService.cs,1596,"""pose_estimation_front"" => ""正在进行正面人体关键点识别"","
maybe,Services\Implementations\GaitAnalysisService.cs,1597,"""pose_estimation_front_ok"" => ""正面人体关键点识别完成"","
maybe,Services\Implementations\GaitAnalysisService.cs,1598,"""gait_event_detection"" => ""正在检测步态事件"","
maybe,Services\Implementations\GaitAnalysisService.cs,1599,"""gait_event_detection_ok"" => ""步态事件检测完成"","
maybe,Services\Implementations\GaitAnalysisService.cs,1600,"""spatiotemporal_parameters"" => ""正在计算时空参数"","
maybe,Services\Implementations\GaitAnalysisService.cs,1601,"""spatiotemporal_parameters_ok"" => ""时空参数计算完成"","
maybe,Services\Implementations\GaitAnalysisService.cs,1602,"""joint_angle_analysis"" => ""正在计算关节角度"","
maybe,Services\Implementations\GaitAnalysisService.cs,1603,"""joint_angle_analysis_ok"" => ""关节角度计算完成"","
maybe,Services\Implementations\GaitAnalysisService.cs,1604,"""result_generation"" => ""正在生成分析结果"","
maybe,Services\Implementations\GaitAnalysisService.cs,1605,"""result_generation_ok"" => ""分析结果生成完成"","
maybe,Services\Implementations\GaitAnalysisService.cs,1606,"""completed"" => ""分析完成"","
maybe,Services\Implementations\GaitAnalysisService.cs,1607,"""failed"" => ""分析失败"","
must,Services\Implementations\GaitAnalysisService.cs,1634,": (!string.IsNullOrWhiteSpace(status.Message) ? status.Message : ""算法返回失败状态。"");"
must,Services\Implementations\GaitAnalysisService.cs,1637,"var stageText = string.IsNullOrWhiteSpace(stage) ? string.Empty : $""阶段: {stage}，"";"
maybe,Services\Implementations\GaitAnalysisService.cs,1638,"return $""分析失败，{stageText}原因: {message}。详细日志: {logDir}"";"
maybe,Services\Implementations\GaitAnalysisService.cs,1658,"return ""算法返回失败状态。"";"
maybe,Services\Implementations\GaitAnalysisService.cs,1668,"return ""未检测到完整人体关键点。请确认被采集人完整入镜、光线充足且无遮挡后重新分析。"";"
maybe,Services\Implementations\GaitAnalysisService.cs,1674,"return ""输入视频文件无法打开。请确认视频文件仍存在且未被占用后重新分析。"";"
ignore-comment,Services\Implementations\GaitAnalysisService.cs,1695,// 日志写入不能影响算法主流程。
ignore-comment,Services\Implementations\GaitAnalysisService.cs,1708,// 日志初始化失败不能影响算法主流程。
ignore,Services\Implementations\GaitAnalysisService.cs,1753,#region 私有方法 - 结果解析
ignore-comment,Services\Implementations\GaitAnalysisService.cs,1756,/// 读取 summary.json
maybe,Services\Implementations\GaitAnalysisService.cs,1763,"?? throw new InvalidOperationException($""无法解析 summary.json: {path}"");"
ignore-comment,Services\Implementations\GaitAnalysisService.cs,1767,/// 构建成功的分析结果
ignore-comment,Services\Implementations\GaitAnalysisService.cs,1780,// 解析标注视频路径
ignore-comment,Services\Implementations\GaitAnalysisService.cs,1790,// 尝试默认路径
ignore-comment,Services\Implementations\GaitAnalysisService.cs,1814,// 运动学汇总
ignore-comment,Services\Implementations\GaitAnalysisService.cs,1827,// CSV 鏂囦欢璁板綍
ignore-comment,Services\Implementations\GaitAnalysisService.cs,1830,// 璐ㄩ噺鎺у埗
ignore-comment,Services\Implementations\GaitAnalysisService.cs,1843,// 步态事件参数
ignore-comment,Services\Implementations\GaitAnalysisService.cs,1861,/// 构建失败的分析结果
ignore-comment,Services\Implementations\GaitAnalysisService.cs,1892,/// 构建 CSV 文件记录列表
ignore,Services\Implementations\GaitAnalysisService.cs,1924,#region 私有方法 - 事件触发
ignore-comment,Services\Implementations\GaitAnalysisService.cs,1927,/// 触发进度事件
ignore-comment,Services\Implementations\GaitAnalysisService.cs,1944,// 确保在 UI 线程触发
maybe,Services\Implementations\GaitAnalysisService.cs,1952,"_logHelper?.Warning($""触发进度事件异常: {ex.Message}"");"
ignore-comment,Services\Implementations\GaitAnalysisService.cs,1957,/// 触发日志事件
maybe,Services\Implementations\GaitAnalysisService.cs,1978,"_logHelper?.Warning($""触发日志事件异常: {ex.Message}"");"
ignore,Services\Implementations\GaitAnalysisService.cs,1984,#region 鏁版嵁鎸佷箙鍖?
ignore-comment,Services\Implementations\GaitAnalysisService.cs,1999,// [1] 鎻掑叆涓昏〃
ignore-comment,Services\Implementations\GaitAnalysisService.cs,2005,// [2] 插入运动学汇总
ignore-comment,Services\Implementations\GaitAnalysisService.cs,2013,// [3] 鎻掑叆 CSV 鏂囦欢璁板綍
ignore-comment,Services\Implementations\GaitAnalysisService.cs,2025,// [4] 插入质量控制信息
ignore-comment,Services\Implementations\GaitAnalysisService.cs,2033,// [5] 鏇存柊 GaitParameters 鎵╁睍瀛楁锛堣嫢鏈夋鎬佷簨浠舵暟鎹級
maybe,Services\Implementations\GaitAnalysisService.cs,2055,"_logHelper?.Information($""分析结果已保存: Id={resultId}, MeasurementId={result.MeasurementId}"");"
maybe,Services\Implementations\GaitAnalysisService.cs,2060,"_logHelper?.Error($""保存分析结果失败: MeasurementId={result.MeasurementId}"", ex);"
maybe,Services\Implementations\GaitAnalysisService.cs,2086,"_logHelper?.Error($""获取最新分析结果失败: MeasurementId={measurementId}"", ex);"
maybe,Services\Implementations\GaitAnalysisService.cs,2109,"_logHelper?.Error($""获取分析结果失败: Id={analysisResultId}"", ex);"
ignore-comment,Services\Implementations\GaitAnalysisService.cs,2115,/// 加载分析结果的子表数据（运动学汇总/CSV 文件/质量控制）
ignore-comment,Services\Implementations\LocalizationService.cs,8,/// 多语言服务实现
ignore-comment,Services\Implementations\LocalizationService.cs,22,/// 当前语言
ignore-comment,Services\Implementations\LocalizationService.cs,27,/// 语言变更事件
ignore-comment,Services\Implementations\LocalizationService.cs,32,/// 应用指定语言
ignore-comment,Services\Implementations\LocalizationService.cs,34,"/// <param name=""language"">语言</param>"
ignore-comment,Services\Implementations\LocalizationService.cs,42,// 构建资源字典URI
ignore-comment,Services\Implementations\LocalizationService.cs,45,// 查找并移除旧的语言资源字典
ignore-comment,Services\Implementations\LocalizationService.cs,54,// 加载新的语言资源字典
ignore-comment,Services\Implementations\LocalizationService.cs,62,// 触发事件通知UI更新
ignore-comment,Services\Implementations\LocalizationService.cs,65,// 强制刷新所有打开的窗口
ignore-comment,Services\Implementations\LocalizationService.cs,72,// 触发资源更新
ignore-comment,Services\Implementations\LocalizationService.cs,75,// 刷新DataContext以触发绑定更新
ignore-comment,Services\Implementations\LocalizationService.cs,82,// 忽略单个窗口刷新失败
ignore-comment,Services\Implementations\LocalizationService.cs,89,// 记录日志
maybe,Services\Implementations\LocalizationService.cs,90,"System.Diagnostics.Debug.WriteLine($""加载语言资源失败: {ex.Message}"");"
ignore-comment,Services\Implementations\LocalizationService.cs,95,/// 获取本地化字符串
ignore-comment,Services\Implementations\LocalizationService.cs,97,"/// <param name=""key"">资源键</param>"
ignore-comment,Services\Implementations\LocalizationService.cs,98,/// <returns>本地化字符串</returns>
ignore-comment,Services\Implementations\LocalizationService.cs,113,/// 获取本地化字符串（带格式化参数）
ignore-comment,Services\Implementations\LocalizationService.cs,115,"/// <param name=""key"">资源键</param>"
ignore-comment,Services\Implementations\LocalizationService.cs,116,"/// <param name=""args"">格式化参数</param>"
ignore-comment,Services\Implementations\LocalizationService.cs,117,/// <returns>本地化字符串</returns>
ignore-comment,Services\Implementations\LocalizationService.cs,132,/// 获取支持的语言列表
ignore-comment,Services\Implementations\LocalizationService.cs,134,/// <returns>语言列表</returns>
ignore-comment,Services\Implementations\MeasurementService.cs,10,/// 测量服务实现（使用 SqlSugar）
ignore-comment,Services\Implementations\MeasurementService.cs,17,/// 构造函数
ignore-comment,Services\Implementations\MeasurementService.cs,40,// 加载关联的患者信息
maybe,Services\Implementations\MeasurementService.cs,50,"_logHelper?.Error($""获取患者测量记录失败: PatientId={patientId}"", ex);"
ignore-comment,Services\Implementations\MeasurementService.cs,66,// 加载关联数据
maybe,Services\Implementations\MeasurementService.cs,76,"_logHelper?.Error($""获取测量记录失败: Id={id}"", ex);"
maybe,Services\Implementations\MeasurementService.cs,94,"_logHelper?.Information($""创建测量记录成功: Id={id}"");"
maybe,Services\Implementations\MeasurementService.cs,99,"_logHelper?.Error(""创建测量记录失败"", ex);"
maybe,Services\Implementations\MeasurementService.cs,141,"_logHelper?.Error($""更新测量记录失败: Id={record.Id}"", ex);"
ignore-comment,Services\Implementations\MeasurementService.cs,153,// 先删除关联的步态参数
ignore-comment,Services\Implementations\MeasurementService.cs,156,// 再删除测量记录
maybe,Services\Implementations\MeasurementService.cs,161,"_logHelper?.Information($""删除测量记录成功: Id={id}"");"
maybe,Services\Implementations\MeasurementService.cs,168,"_logHelper?.Error($""删除测量记录失败: Id={id}"", ex);"
ignore-comment,Services\Implementations\MeasurementService.cs,196,// 检查是否已存在
ignore-comment,Services\Implementations\MeasurementService.cs,202,// 更新
ignore-comment,Services\Implementations\MeasurementService.cs,209,// 插入
maybe,Services\Implementations\MeasurementService.cs,217,"_logHelper?.Error($""保存步态参数失败: MeasurementId={parameters.MeasurementRecordId}"", ex);"
maybe,Services\Implementations\MeasurementService.cs,233,"_logHelper?.Error($""获取步态参数失败: MeasurementId={measurementRecordId}"", ex);"
maybe,Services\Implementations\MeasurementService.cs,271,"_logHelper?.Error($""更新测量状态失败: Id={measurementId}"", ex);"
ignore-comment,Services\Implementations\MeasurementService.cs,287,// 加载关联的患者信息
maybe,Services\Implementations\MeasurementService.cs,297,"_logHelper?.Error(""获取所有测量记录失败"", ex);"
ignore-comment,Services\Implementations\MeasurementService.cs,315,// 构建基础查询
ignore-comment,Services\Implementations\MeasurementService.cs,334,// 如果有患者名称筛选，先查出符合条件的患者ID
ignore-comment,Services\Implementations\MeasurementService.cs,352,// 查询总数
ignore-comment,Services\Implementations\MeasurementService.cs,355,// 分页查询
ignore-comment,Services\Implementations\MeasurementService.cs,362,// 加载关联数据
maybe,Services\Implementations\MeasurementService.cs,374,"_logHelper?.Error(""分页查询测量记录失败"", ex);"
maybe,Services\Implementations\MeasurementService.cs,403,"_logHelper?.Error(""批量获取测量记录失败"", ex);"
maybe,Services\Implementations\MeasurementService.cs,418,"_logHelper?.Error(""获取测量记录数量失败"", ex);"
maybe,Services\Implementations\MeasurementVideoValidationService.cs,17,"(""侧面视频"", record.SideVideoPath),"
maybe,Services\Implementations\MeasurementVideoValidationService.cs,18,"(""正面视频"", record.FrontVideoPath)"
maybe,Services\Implementations\MeasurementVideoValidationService.cs,25,"return Task.FromResult(new MeasurementVideoValidationResult(false, false, ""该测量还没有导入或采集视频，请先补充视频。""));"
maybe,Services\Implementations\MeasurementVideoValidationService.cs,34,"return Task.FromResult(new MeasurementVideoValidationResult(true, false, $""{name}文件不存在：{path}""));"
maybe,Services\Implementations\MeasurementVideoValidationService.cs,40,"return Task.FromResult(new MeasurementVideoValidationResult(true, false, $""{name}文件为空，请重新选择视频。""));"
maybe,Services\Implementations\MeasurementVideoValidationService.cs,44,"return Task.FromResult(new MeasurementVideoValidationResult(true, true, ""视频文件可用。""));"
maybe,Services\Implementations\MeasurementWorkflowResumeService.cs,31,"? new MeasurementResumeDecision(true, 2, ""继续处理"", ""已恢复到回放检查，可继续确认视频后进入分析。"")"
maybe,Services\Implementations\MeasurementWorkflowResumeService.cs,32,": new MeasurementResumeDecision(true, 1, ""继续处理"", videoValidation.Message),"
maybe,Services\Implementations\MeasurementWorkflowResumeService.cs,35,"? new MeasurementResumeDecision(true, 3, ""查看进度"", ""该测量正在分析中，已恢复到分析进度界面。"")"
maybe,Services\Implementations\MeasurementWorkflowResumeService.cs,36,": new MeasurementResumeDecision(true, 3, ""继续处理"", ""上次分析没有检测到后台任务，建议重新分析。"", RequiresReanalysis: true),"
maybe,Services\Implementations\MeasurementWorkflowResumeService.cs,38,"MeasurementStatus.Completed => new MeasurementResumeDecision(true, 3, ""查看详情"", ""已恢复到分析结果界面。""),"
maybe,Services\Implementations\MeasurementWorkflowResumeService.cs,41,"? new MeasurementResumeDecision(true, 3, ""重新分析"", ""上次分析失败，可检查配置后重新分析。"", RequiresReanalysis: true)"
maybe,Services\Implementations\MeasurementWorkflowResumeService.cs,42,": new MeasurementResumeDecision(true, 1, ""继续处理"", videoValidation.Message, RequiresReanalysis: true),"
maybe,Services\Implementations\MeasurementWorkflowResumeService.cs,44,"MeasurementStatus.Cancelled => new MeasurementResumeDecision(true, 1, ""继续处理"", ""该测量处于待处理状态，可继续编辑测量和视频。""),"
maybe,Services\Implementations\MeasurementWorkflowResumeService.cs,46,"_ => new MeasurementResumeDecision(true, 1, ""继续处理"", ""已恢复到新建测量界面。"")"
ignore-comment,Services\Implementations\NavigationService.cs,9,/// 导航服务实现
ignore-comment,Services\Implementations\NavigationService.cs,21,/// 当前视图
ignore-comment,Services\Implementations\NavigationService.cs,30,/// 当前视图键名
ignore-comment,Services\Implementations\NavigationService.cs,39,/// 是否可以返回
ignore-comment,Services\Implementations\NavigationService.cs,44,/// 构造函数
ignore-comment,Services\Implementations\NavigationService.cs,46,"/// <param name=""serviceProvider"">服务提供者</param>"
ignore-comment,Services\Implementations\NavigationService.cs,53,/// 注册视图映射
ignore-comment,Services\Implementations\NavigationService.cs,55,"/// <typeparam name=""TViewModel"">ViewModel类型</typeparam>"
ignore-comment,Services\Implementations\NavigationService.cs,56,"/// <typeparam name=""TView"">View类型</typeparam>"
ignore-comment,Services\Implementations\NavigationService.cs,65,/// 导航到指定ViewModel
ignore-comment,Services\Implementations\NavigationService.cs,67,"/// <typeparam name=""TViewModel"">ViewModel类型</typeparam>"
maybe,Services\Implementations\NavigationService.cs,74,"throw new InvalidOperationException($""未注册视图映射: {viewModelType.Name}"");"
ignore-comment,Services\Implementations\NavigationService.cs,77,// 获取ViewModel和View实例
ignore-comment,Services\Implementations\NavigationService.cs,81,// 设置DataContext
ignore-comment,Services\Implementations\NavigationService.cs,84,// 保存当前视图到导航栈
ignore-comment,Services\Implementations\NavigationService.cs,90,// 更新当前视图
ignore-comment,Services\Implementations\NavigationService.cs,98,/// 导航到指定视图键名
ignore-comment,Services\Implementations\NavigationService.cs,100,"/// <param name=""viewKey"">视图键名</param>"
maybe,Services\Implementations\NavigationService.cs,137,"throw new InvalidOperationException($""未找到视图: {viewKey}"");"
ignore-comment,Services\Implementations\NavigationService.cs,142,// 获取ViewModel和View实例
ignore-comment,Services\Implementations\NavigationService.cs,146,// 设置DataContext
ignore-comment,Services\Implementations\NavigationService.cs,149,// 保存当前视图到导航栈
ignore-comment,Services\Implementations\NavigationService.cs,155,// 更新当前视图
ignore-comment,Services\Implementations\NavigationService.cs,163,/// 返回上一页
ignore-comment,Services\Implementations\NavigationService.cs,180,/// 清除导航栈
ignore-comment,Services\Implementations\PatientService.cs,10,/// 患者服务实现（使用 SqlSugar）
ignore-comment,Services\Implementations\PatientService.cs,17,/// 构造函数
maybe,Services\Implementations\PatientService.cs,39,"_logHelper?.Error(""获取患者列表失败"", ex);"
ignore-comment,Services\Implementations\PatientService.cs,52,// 使用 SqlSugar 的分页查询
ignore-comment,Services\Implementations\PatientService.cs,56,// 添加搜索条件
ignore-comment,Services\Implementations\PatientService.cs,65,// 排序
ignore-comment,Services\Implementations\PatientService.cs,68,// 分页查询
maybe,Services\Implementations\PatientService.cs,79,"_logHelper?.Error(""分页查询患者失败"", ex);"
maybe,Services\Implementations\PatientService.cs,94,"_logHelper?.Error($""获取患者失败: Id={id}"", ex);"
maybe,Services\Implementations\PatientService.cs,113,"_logHelper?.Information($""添加患者成功: Id={id}, Name={patient.Name}"");"
maybe,Services\Implementations\PatientService.cs,118,"_logHelper?.Error($""添加患者失败: Name={patient.Name}"", ex);"
maybe,Services\Implementations\PatientService.cs,136,"_logHelper?.Information($""更新患者成功: Id={patient.Id}"");"
maybe,Services\Implementations\PatientService.cs,143,"_logHelper?.Error($""更新患者失败: Id={patient.Id}"", ex);"
ignore-comment,Services\Implementations\PatientService.cs,157,// 逻辑删除：设置 Status = Deleted
maybe,Services\Implementations\PatientService.cs,168,"_logHelper?.Information($""删除患者成功: Id={id}"");"
maybe,Services\Implementations\PatientService.cs,175,"_logHelper?.Error($""删除患者失败: Id={id}"", ex);"
maybe,Services\Implementations\PatientService.cs,203,"_logHelper?.Error($""搜索患者失败: searchText={searchText}"", ex);"
maybe,Services\Implementations\PatientService.cs,231,"_logHelper?.Error($""检查患者电话失败: Phone={phone}"", ex);"
ignore-comment,Services\Implementations\ReportService.cs,11,/// 报告服务实现（使用 SqlSugar）
ignore-comment,Services\Implementations\ReportService.cs,18,// 报告序号（每日重置）
ignore-comment,Services\Implementations\ReportService.cs,46,// 加载关联数据
maybe,Services\Implementations\ReportService.cs,57,"_logHelper?.Error($""获取患者报告列表失败: PatientId={patientId}"", ex);"
maybe,Services\Implementations\ReportService.cs,81,"_logHelper?.Error($""获取测量报告失败: MeasurementId={measurementRecordId}"", ex);"
maybe,Services\Implementations\ReportService.cs,100,"_logHelper?.Error($""获取或创建报告草稿失败，找不到测量记录: MeasurementId={measurementRecordId}"");"
maybe,Services\Implementations\ReportService.cs,114,"? ""步态分析报告"""
maybe,Services\Implementations\ReportService.cs,115,": $""步态分析报告 - {measurement.Patient.Name}"","
maybe,Services\Implementations\ReportService.cs,129,"_logHelper?.Information($""已创建报告记录: Id={report.Id}, MeasurementId={measurementRecordId}"");"
maybe,Services\Implementations\ReportService.cs,134,"_logHelper?.Error($""获取或创建报告草稿失败: MeasurementId={measurementRecordId}"", ex);"
maybe,Services\Implementations\ReportService.cs,158,"_logHelper?.Error($""获取报告失败: Id={id}"", ex);"
must,Services\Implementations\ReportService.cs,177,"_logHelper?.Information($""创建报告成功: Id={id}, Number={report.ReportNumber}"");"
maybe,Services\Implementations\ReportService.cs,182,"_logHelper?.Error(""创建报告失败"", ex);"
maybe,Services\Implementations\ReportService.cs,218,"_logHelper?.Error($""更新报告失败: Id={report.Id}"", ex);"
maybe,Services\Implementations\ReportService.cs,248,"_logHelper?.Error($""保存报告草稿快照失败: Id={report.Id}"", ex);"
maybe,Services\Implementations\ReportService.cs,264,"_logHelper?.Information($""删除报告成功: Id={id}"");"
maybe,Services\Implementations\ReportService.cs,271,"_logHelper?.Error($""删除报告失败: Id={id}"", ex);"
ignore-comment,Services\Implementations\ReportService.cs,284,// 使用 ReportPdfExporter 生成PDF
ignore-comment,Services\Implementations\ReportService.cs,290,// 创建PDF保存目录
maybe,Services\Implementations\ReportService.cs,307,"_logHelper?.Information($""生成报告PDF成功：{filePath}"");"
must,Services\Implementations\ReportService.cs,314,"_logHelper?.Error($""生成报告PDF失败：ReportId={reportId}"", ex);"
ignore-comment,Services\Implementations\ReportService.cs,328,// 使用 ReportPreviewHelper 生成 FlowDocument
ignore-comment,Services\Implementations\ReportService.cs,340,// 使用 PrintHelper 打印
must,Services\Implementations\ReportService.cs,341,"var success = Helpers.PrintHelper.PrintDocument(document, $""报告_{report.ReportNumber}"", true);"
must,Services\Implementations\ReportService.cs,347,"_logHelper?.Information($""打印报告成功：ReportId={reportId}"");"
must,Services\Implementations\ReportService.cs,354,"_logHelper?.Error($""打印报告失败：ReportId={reportId}"", ex);"
maybe,Services\Implementations\ReportService.cs,380,"_logHelper?.Error($""更新报告状态失败: Id={reportId}"", ex);"
ignore-comment,Services\Implementations\ReportService.cs,390,// 检查是否需要重置序号（新的一天）
ignore-comment,Services\Implementations\ReportService.cs,397,// 格式：RPT-YYYYMMDD-XXXX
ignore-comment,Services\Implementations\ReportService.cs,405,/// 获取报告列表（带筛选）
ignore-comment,Services\Implementations\ReportService.cs,415,// 添加日期筛选
ignore-comment,Services\Implementations\ReportService.cs,426,// 如果有患者名称筛选，需要关联查询
ignore-comment,Services\Implementations\ReportService.cs,448,// 加载关联数据
maybe,Services\Implementations\ReportService.cs,459,"_logHelper?.Error(""获取报告列表失败"", ex);"
ignore-comment,Services\Implementations\ReportService.cs,465,/// 生成报告
ignore-comment,Services\Implementations\ReportService.cs,469,// 检查是否已有报告
ignore-comment,Services\Implementations\ReportService.cs,472,// 获取测量记录
maybe,Services\Implementations\ReportService.cs,476,"_logHelper?.Error($""生成报告失败，找不到测量记录 ID={measurementRecordId}"");"
ignore-comment,Services\Implementations\ReportService.cs,482,// 更新现有报告
maybe,Services\Implementations\ReportService.cs,488,"? ""步态分析报告"""
maybe,Services\Implementations\ReportService.cs,489,": $""步态分析报告 - {measurement.Patient.Name}"";"
maybe,Services\Implementations\ReportService.cs,496,"_logHelper?.Information($""重置报告：ID={existing.Id}"");"
ignore-comment,Services\Implementations\ReportService.cs,501,// 创建新报告
maybe,Services\Implementations\ReportService.cs,512,"? ""步态分析报告"""
maybe,Services\Implementations\ReportService.cs,513,": $""步态分析报告 - {measurement.Patient.Name}"","
ignore-comment,Services\Implementations\ReportService.cs,522,// 加载分析数据
must,Services\Implementations\ReportService.cs,526,"_logHelper?.Information($""新建报告：ID={report.Id}, Number={report.ReportNumber}"");"
ignore-comment,Services\Implementations\ReportService.cs,532,/// 获取报告（含分析数据）
ignore-comment,Services\Implementations\ReportService.cs,544,/// 为报告加载分析数据（私有辅助方法）
ignore-comment,Services\Implementations\ReportService.cs,550,// 获取 IGaitAnalysisService
ignore-comment,Services\Implementations\ReportService.cs,568,// 填充导航属性
must,Services\Implementations\ReportService.cs,574,"_logHelper?.Information($""报告加载分析数据成功：ReportId={report.Id}, AnalysisResultId={analysisResult.Id}"");"
must,Services\Implementations\ReportService.cs,578,"_logHelper?.Error($""报告加载分析数据失败：ReportId={report.Id}"", ex);"
ignore-comment,Services\Implementations\ReportService.cs,583,/// 加载报告关联的测量与患者数据。
maybe,Services\Implementations\ReportService.cs,593,"? ""步态分析报告"""
maybe,Services\Implementations\ReportService.cs,594,": $""步态分析报告 - {report.Patient.Name}"";"
ignore-comment,Services\Implementations\SessionService.cs,8,/// 会话服务实现
ignore-comment,Services\Implementations\SessionService.cs,13,/// 当前登录用户
ignore-comment,Services\Implementations\SessionService.cs,18,/// 当前选中的患者
ignore-comment,Services\Implementations\SessionService.cs,23,/// 是否已登录
ignore-comment,Services\Implementations\SessionService.cs,28,/// 是否游客模式
ignore-comment,Services\Implementations\SessionService.cs,33,/// 当前用户角色
ignore-comment,Services\Implementations\SessionService.cs,38,/// 用户变更事件
ignore-comment,Services\Implementations\SessionService.cs,43,/// 患者变更事件
ignore-comment,Services\Implementations\SessionService.cs,48,/// 设置当前用户
ignore-comment,Services\Implementations\SessionService.cs,50,"/// <param name=""user"">用户</param>"
ignore-comment,Services\Implementations\SessionService.cs,58,/// 设置当前患者
ignore-comment,Services\Implementations\SessionService.cs,60,"/// <param name=""patient"">患者</param>"
ignore-comment,Services\Implementations\SessionService.cs,68,/// 清除会话
ignore-comment,Services\Implementations\SessionService.cs,79,/// 检查是否有指定权限
ignore-comment,Services\Implementations\SessionService.cs,81,"/// <param name=""permission"">权限名称</param>"
ignore-comment,Services\Implementations\SessionService.cs,82,/// <returns>是否有权限</returns>
ignore-comment,Services\Implementations\SessionService.cs,87,// 根据角色和权限名称判断
ignore-comment,Services\Implementations\SessionService.cs,90,// 用户管理权限 - 仅管理员
ignore-comment,Services\Implementations\SessionService.cs,93,// 备份恢复权限 - 仅管理员
ignore-comment,Services\Implementations\SessionService.cs,97,// 单位设置权限 - 仅管理员
ignore-comment,Services\Implementations\SessionService.cs,100,// 科室管理权限 - 仅管理员
ignore-comment,Services\Implementations\SessionService.cs,103,// 删除患者（全部）权限 - 仅管理员
ignore-comment,Services\Implementations\SessionService.cs,106,// 删除患者（自己创建）权限 - 管理员和操作员
ignore-comment,Services\Implementations\SessionService.cs,110,// 删除测量数据权限 - 仅管理员
ignore-comment,Services\Implementations\SessionService.cs,113,// 删除报告权限 - 仅管理员
ignore-comment,Services\Implementations\SessionService.cs,117,// 患者管理权限 - 管理员和操作员
ignore-comment,Services\Implementations\SessionService.cs,121,// 测量权限 - 所有用户
ignore-comment,Services\Implementations\SessionService.cs,124,// 数据管理权限 - 管理员和操作员
ignore-comment,Services\Implementations\SessionService.cs,128,// 报告管理权限 - 管理员和操作员
ignore-comment,Services\Implementations\SessionService.cs,136,// 导出权限 - 管理员和操作员
ignore-comment,Services\Implementations\SessionService.cs,142,// 设置权限 - 所有用户（部分受限）
ignore-comment,Services\Implementations\SessionService.cs,145,// 设备配置权限 - 管理员和操作员
ignore-comment,Services\Implementations\SessionService.cs,149,// 默认无权限
ignore-comment,Services\Implementations\SettingsService.cs,12,/// 设置服务实现
ignore-comment,Services\Implementations\SettingsService.cs,20,/// 当前设置
ignore-comment,Services\Implementations\SettingsService.cs,25,/// 构造函数
ignore-comment,Services\Implementations\SettingsService.cs,38,// 确保配置目录存在
ignore-comment,Services\Implementations\SettingsService.cs,46,/// 加载设置
ignore-comment,Services\Implementations\SettingsService.cs,59,// 创建默认配置
maybe,Services\Implementations\SettingsService.cs,66,"System.Diagnostics.Debug.WriteLine($""加载配置失败: {ex.Message}"");"
ignore-comment,Services\Implementations\SettingsService.cs,72,/// 保存设置
maybe,Services\Implementations\SettingsService.cs,83,"System.Diagnostics.Debug.WriteLine($""保存配置失败: {ex.Message}"");"
ignore-comment,Services\Implementations\SettingsService.cs,88,/// 获取配置值
ignore-comment,Services\Implementations\SettingsService.cs,106,// 忽略异常
ignore-comment,Services\Implementations\SettingsService.cs,113,/// 设置配置值
maybe,Services\Implementations\SettingsService.cs,128,"System.Diagnostics.Debug.WriteLine($""设置配置值失败: {ex.Message}"");"
ignore-comment,Services\Implementations\SettingsService.cs,133,/// 保存登录凭据
ignore-comment,Services\Implementations\SettingsService.cs,145,/// 加载登录凭据
ignore-comment,Services\Implementations\SettingsService.cs,161,/// 清除登录凭据
ignore-comment,Services\Implementations\SettingsService.cs,173,/// 获取单位名称
ignore-comment,Services\Implementations\SettingsService.cs,181,/// 设置单位名称
ignore-comment,Services\Implementations\SettingsService.cs,190,/// 获取Logo路径
ignore-comment,Services\Implementations\SettingsService.cs,198,/// 设置Logo路径
ignore,Services\Implementations\SettingsService.cs,206,#region 加密解密辅助方法
ignore-comment,Services\Implementations\SettingsService.cs,208,// 加密密钥（实际项目中应该使用更安全的方式存储）
ignore-comment,Services\Implementations\SettingsService.cs,213,/// 加密密码
ignore-comment,Services\Implementations\SettingsService.cs,242,/// 解密密码
ignore,Services\Implementations\SettingsService.cs,269,#region 设置导入导出
ignore-comment,Services\Implementations\SettingsService.cs,272,/// 导出设置模型（用于导出，不含敏感数据）
ignore-comment,Services\Implementations\SettingsService.cs,283,/// 导出设置到文件
ignore-comment,Services\Implementations\SettingsService.cs,289,// 创建可导出的设置（不含凭据等敏感信息）
maybe,Services\Implementations\SettingsService.cs,304,"System.Diagnostics.Debug.WriteLine($""导出设置失败: {ex.Message}"");"
ignore-comment,Services\Implementations\SettingsService.cs,310,/// 从文件导入设置
ignore-comment,Services\Implementations\SettingsService.cs,329,// 应用导入的设置（保留凭据信息）
maybe,Services\Implementations\SettingsService.cs,345,"System.Diagnostics.Debug.WriteLine($""导入设置失败: {ex.Message}"");"
ignore-comment,Services\Implementations\ThemeService.cs,10,/// 主题服务实现
ignore-comment,Services\Implementations\ThemeService.cs,17,/// 当前主题
ignore-comment,Services\Implementations\ThemeService.cs,22,/// 当前主题色（十六进制）
ignore-comment,Services\Implementations\ThemeService.cs,27,/// 主题变更事件
ignore-comment,Services\Implementations\ThemeService.cs,32,/// 主题色变更事件
ignore-comment,Services\Implementations\ThemeService.cs,37,/// 应用指定主题
ignore-comment,Services\Implementations\ThemeService.cs,39,"/// <param name=""theme"">主题</param>"
ignore-comment,Services\Implementations\ThemeService.cs,47,// 设置基础主题
ignore-comment,Services\Implementations\ThemeService.cs,50,// 应用主题
ignore-comment,Services\Implementations\ThemeService.cs,53,// 触发事件
ignore-comment,Services\Implementations\ThemeService.cs,60,/// 切换主题
ignore-comment,Services\Implementations\ThemeService.cs,69,/// 设置主色调
ignore-comment,Services\Implementations\ThemeService.cs,71,"/// <param name=""primaryColor"">主色调</param>"
ignore-comment,Services\Implementations\ThemeService.cs,79,// 同步更新 Application 级别的 Brush 资源
ignore-comment,Services\Implementations\ThemeService.cs,92,/// 设置副色调
ignore-comment,Services\Implementations\ThemeService.cs,94,"/// <param name=""secondaryColor"">副色调</param>"
ignore-comment,Services\Implementations\ThemeService.cs,104,/// 强制刷新所有打开的窗口
ignore-comment,Services\Implementations\ThemeService.cs,119,// 忽略单个窗口刷新失败
ignore-comment,Services\Implementations\UserService.cs,11,/// 用户服务实现（使用 SqlSugar）
ignore-comment,Services\Implementations\UserService.cs,18,/// 构造函数
maybe,Services\Implementations\UserService.cs,39,"_logHelper?.Error(""获取用户列表失败"", ex);"
maybe,Services\Implementations\UserService.cs,54,"_logHelper?.Error($""获取用户失败: Id={id}"", ex);"
ignore-comment,Services\Implementations\UserService.cs,65,// SqlSugar 默认不区分大小写（SQLite）
maybe,Services\Implementations\UserService.cs,70,"_logHelper?.Error($""获取用户失败: Username={username}"", ex);"
ignore-comment,Services\Implementations\UserService.cs,84,// 生成盐值和密码哈希
maybe,Services\Implementations\UserService.cs,97,"_logHelper?.Information($""添加用户成功: Id={id}, Username={user.Username}"");"
maybe,Services\Implementations\UserService.cs,102,"_logHelper?.Error($""添加用户失败: Username={user.Username}"", ex);"
ignore-comment,Services\Implementations\UserService.cs,116,// 使用条件更新，不更新密码字段
maybe,Services\Implementations\UserService.cs,132,"_logHelper?.Information($""更新用户成功: Id={user.Id}"");"
maybe,Services\Implementations\UserService.cs,139,"_logHelper?.Error($""更新用户失败: Id={user.Id}"", ex);"
ignore-comment,Services\Implementations\UserService.cs,149,// 检查是否为内置账号
maybe,Services\Implementations\UserService.cs,158,"_logHelper?.Warning($""无法删除内置账号: Id={id}, Username={user.Username}"");"
maybe,Services\Implementations\UserService.cs,167,"_logHelper?.Information($""删除用户成功: Id={id}"");"
maybe,Services\Implementations\UserService.cs,174,"_logHelper?.Error($""删除用户失败: Id={id}"", ex);"
maybe,Services\Implementations\UserService.cs,197,"_logHelper?.Error($""检查用户名失败: Username={username}"", ex);"
ignore-comment,Services\Implementations\UserService.cs,205,// 数据库初始化时已经创建了内置用户
ignore-comment,Services\Implementations\UserService.cs,210,/// 更新用户密码
ignore-comment,Services\Implementations\UserService.cs,212,"/// <param name=""userId"">用户ID</param>"
ignore-comment,Services\Implementations\UserService.cs,213,"/// <param name=""newPasswordHash"">新密码哈希</param>"
ignore-comment,Services\Implementations\UserService.cs,214,"/// <param name=""newSalt"">新盐值</param>"
ignore-comment,Services\Implementations\UserService.cs,215,/// <returns>是否成功</returns>
maybe,Services\Implementations\UserService.cs,235,"_logHelper?.Information($""更新用户密码成功: Id={userId}"");"
maybe,Services\Implementations\UserService.cs,242,"_logHelper?.Error($""更新用户密码失败: Id={userId}"", ex);"
ignore-comment,Services\Interfaces\IActivationService.cs,6,/// 软件激活服务。
ignore-comment,Services\Interfaces\IAppUpdateService.cs,6,/// 在线更新检查服务。
ignore-comment,Services\Interfaces\IAuthenticationService.cs,6,/// 身份验证服务接口
ignore-comment,Services\Interfaces\IAuthenticationService.cs,11,/// 登录
ignore-comment,Services\Interfaces\IAuthenticationService.cs,13,"/// <param name=""username"">账号</param>"
ignore-comment,Services\Interfaces\IAuthenticationService.cs,14,"/// <param name=""password"">密码</param>"
ignore-comment,Services\Interfaces\IAuthenticationService.cs,15,/// <returns>登录成功返回用户信息，失败返回null</returns>
ignore-comment,Services\Interfaces\IAuthenticationService.cs,19,/// 游客登录
ignore-comment,Services\Interfaces\IAuthenticationService.cs,21,/// <returns>游客用户信息</returns>
ignore-comment,Services\Interfaces\IAuthenticationService.cs,25,/// 登出
ignore-comment,Services\Interfaces\IAuthenticationService.cs,30,/// 修改密码
ignore-comment,Services\Interfaces\IAuthenticationService.cs,32,"/// <param name=""userId"">用户ID</param>"
ignore-comment,Services\Interfaces\IAuthenticationService.cs,33,"/// <param name=""oldPassword"">旧密码</param>"
ignore-comment,Services\Interfaces\IAuthenticationService.cs,34,"/// <param name=""newPassword"">新密码</param>"
ignore-comment,Services\Interfaces\IAuthenticationService.cs,35,/// <returns>是否成功</returns>
ignore-comment,Services\Interfaces\IAuthenticationService.cs,39,/// 重置密码
ignore-comment,Services\Interfaces\IAuthenticationService.cs,41,"/// <param name=""userId"">用户ID</param>"
ignore-comment,Services\Interfaces\IAuthenticationService.cs,42,"/// <param name=""newPassword"">新密码</param>"
ignore-comment,Services\Interfaces\IAuthenticationService.cs,43,/// <returns>是否成功</returns>
ignore-comment,Services\Interfaces\IAuthenticationService.cs,47,/// 验证密码
ignore-comment,Services\Interfaces\IAuthenticationService.cs,49,"/// <param name=""password"">明文密码</param>"
ignore-comment,Services\Interfaces\IAuthenticationService.cs,50,"/// <param name=""hashedPassword"">哈希密码</param>"
ignore-comment,Services\Interfaces\IAuthenticationService.cs,51,/// <returns>是否匹配</returns>
ignore-comment,Services\Interfaces\IAuthenticationService.cs,55,/// 哈希密码
ignore-comment,Services\Interfaces\IAuthenticationService.cs,57,"/// <param name=""password"">明文密码</param>"
ignore-comment,Services\Interfaces\IAuthenticationService.cs,58,/// <returns>哈希后的密码</returns>
ignore-comment,Services\Interfaces\IBackupService.cs,4,/// 备份服务接口
ignore-comment,Services\Interfaces\IBackupService.cs,9,/// 创建备份
ignore-comment,Services\Interfaces\IBackupService.cs,11,/// <returns>备份文件路径</returns>
ignore-comment,Services\Interfaces\IBackupService.cs,15,/// 恢复备份
ignore-comment,Services\Interfaces\IBackupService.cs,17,"/// <param name=""backupFilePath"">备份文件路径</param>"
ignore-comment,Services\Interfaces\IBackupService.cs,18,/// <returns>是否成功</returns>
ignore-comment,Services\Interfaces\IBackupService.cs,22,/// 获取所有备份文件
ignore-comment,Services\Interfaces\IBackupService.cs,24,/// <returns>备份文件列表（文件名和创建时间）</returns>
ignore-comment,Services\Interfaces\IBackupService.cs,28,/// 删除备份文件
ignore-comment,Services\Interfaces\IBackupService.cs,30,"/// <param name=""fileName"">文件名</param>"
ignore-comment,Services\Interfaces\IBackupService.cs,31,/// <returns>是否成功</returns>
ignore-comment,Services\Interfaces\IBackupService.cs,35,/// 清理旧备份（保留指定数量的最新备份）
ignore-comment,Services\Interfaces\IBackupService.cs,37,"/// <param name=""retainCount"">保留数量</param>"
ignore-comment,Services\Interfaces\IBackupService.cs,38,/// <returns>删除的文件数量</returns>
ignore-comment,Services\Interfaces\IBackupService.cs,42,/// 启动自动备份
ignore-comment,Services\Interfaces\IBackupService.cs,47,/// 停止自动备份
ignore-comment,Services\Interfaces\IChartService.cs,7,/// 图表生成服务接口
ignore-comment,Services\Interfaces\IChartService.cs,8,/// 提供步态分析报告中各类图表的创建、导出和数据读取功能
ignore-comment,Services\Interfaces\IChartService.cs,13,/// 创建关节角度-时间曲线图
ignore-comment,Services\Interfaces\IChartService.cs,15,"/// <param name=""data"">关节角度帧数据</param>"
ignore-comment,Services\Interfaces\IChartService.cs,16,"/// <param name=""jointName"">关节名称（hip / knee / ankle / pelvis）</param>"
ignore-comment,Services\Interfaces\IChartService.cs,17,"/// <param name=""title"">图表标题</param>"
ignore-comment,Services\Interfaces\IChartService.cs,22,/// 创建关键点速度曲线图
ignore-comment,Services\Interfaces\IChartService.cs,24,"/// <param name=""data"">速度帧数据</param>"
ignore-comment,Services\Interfaces\IChartService.cs,25,"/// <param name=""keypointName"">关键点名称</param>"
ignore-comment,Services\Interfaces\IChartService.cs,26,"/// <param name=""title"">图表标题</param>"
ignore-comment,Services\Interfaces\IChartService.cs,31,/// 创建关节角速度曲线图
ignore-comment,Services\Interfaces\IChartService.cs,33,"/// <param name=""data"">角速度帧数据</param>"
ignore-comment,Services\Interfaces\IChartService.cs,34,"/// <param name=""jointName"">关节名称</param>"
ignore-comment,Services\Interfaces\IChartService.cs,35,"/// <param name=""title"">图表标题</param>"
ignore-comment,Services\Interfaces\IChartService.cs,40,/// 创建关键点运动轨迹图
ignore-comment,Services\Interfaces\IChartService.cs,42,"/// <param name=""data"">轨迹帧数据</param>"
ignore-comment,Services\Interfaces\IChartService.cs,43,"/// <param name=""keypointName"">关键点名称</param>"
ignore-comment,Services\Interfaces\IChartService.cs,44,"/// <param name=""title"">图表标题</param>"
ignore-comment,Services\Interfaces\IChartService.cs,49,/// 将 PlotModel 导出为 PNG 字节数组（用于 PDF 嵌入）
ignore-comment,Services\Interfaces\IChartService.cs,51,"/// <param name=""model"">图表模型</param>"
ignore-comment,Services\Interfaces\IChartService.cs,52,"/// <param name=""width"">图片宽度（像素）</param>"
ignore-comment,Services\Interfaces\IChartService.cs,53,"/// <param name=""height"">图片高度（像素）</param>"
ignore-comment,Services\Interfaces\IChartService.cs,54,/// <returns>PNG 字节数组</returns>
ignore-comment,Services\Interfaces\IChartService.cs,58,/// 读取关节角度 CSV 文件
ignore-comment,Services\Interfaces\IChartService.cs,60,"/// <param name=""csvPath"">CSV 文件路径</param>"
ignore-comment,Services\Interfaces\IChartService.cs,61,/// <returns>关节角度帧列表</returns>
ignore-comment,Services\Interfaces\IChartService.cs,65,/// 读取关键点轨迹 CSV 文件
ignore-comment,Services\Interfaces\IChartService.cs,67,"/// <param name=""csvPath"">CSV 文件路径</param>"
ignore-comment,Services\Interfaces\IChartService.cs,68,/// <returns>关键点轨迹帧列表</returns>
ignore-comment,Services\Interfaces\IChartService.cs,72,/// 读取关键点速度 CSV 文件
ignore-comment,Services\Interfaces\IChartService.cs,74,"/// <param name=""csvPath"">CSV 文件路径</param>"
ignore-comment,Services\Interfaces\IChartService.cs,75,/// <returns>关键点速度帧列表</returns>
ignore-comment,Services\Interfaces\IChartService.cs,79,/// 读取关节角速度 CSV 文件
ignore-comment,Services\Interfaces\IChartService.cs,81,"/// <param name=""csvPath"">CSV 文件路径</param>"
ignore-comment,Services\Interfaces\IChartService.cs,82,/// <returns>关节角速度帧列表</returns>
ignore-comment,Services\Interfaces\IDepartmentService.cs,6,/// 科室服务接口
ignore-comment,Services\Interfaces\IDepartmentService.cs,11,/// 获取所有科室
ignore-comment,Services\Interfaces\IDepartmentService.cs,13,/// <returns>科室列表</returns>
ignore-comment,Services\Interfaces\IDepartmentService.cs,17,/// 根据ID获取科室
ignore-comment,Services\Interfaces\IDepartmentService.cs,19,"/// <param name=""id"">科室ID</param>"
ignore-comment,Services\Interfaces\IDepartmentService.cs,20,/// <returns>科室信息</returns>
ignore-comment,Services\Interfaces\IDepartmentService.cs,24,/// 添加科室
ignore-comment,Services\Interfaces\IDepartmentService.cs,26,"/// <param name=""department"">科室信息</param>"
ignore-comment,Services\Interfaces\IDepartmentService.cs,27,/// <returns>新增的科室ID</returns>
ignore-comment,Services\Interfaces\IDepartmentService.cs,31,/// 更新科室
ignore-comment,Services\Interfaces\IDepartmentService.cs,33,"/// <param name=""department"">科室信息</param>"
ignore-comment,Services\Interfaces\IDepartmentService.cs,34,/// <returns>是否成功</returns>
ignore-comment,Services\Interfaces\IDepartmentService.cs,38,/// 删除科室
ignore-comment,Services\Interfaces\IDepartmentService.cs,40,"/// <param name=""id"">科室ID</param>"
ignore-comment,Services\Interfaces\IDepartmentService.cs,41,/// <returns>是否成功</returns>
ignore-comment,Services\Interfaces\IDepartmentService.cs,45,/// 检查科室是否被用户引用
ignore-comment,Services\Interfaces\IDepartmentService.cs,47,"/// <param name=""id"">科室ID</param>"
ignore-comment,Services\Interfaces\IDepartmentService.cs,48,/// <returns>是否被引用</returns>
ignore-comment,Services\Interfaces\IDepartmentService.cs,52,/// 检查科室名称是否已存在
ignore-comment,Services\Interfaces\IDepartmentService.cs,54,"/// <param name=""name"">科室名称</param>"
ignore-comment,Services\Interfaces\IDepartmentService.cs,55,"/// <param name=""excludeId"">排除的科室ID（编辑时使用）</param>"
ignore-comment,Services\Interfaces\IDepartmentService.cs,56,/// <returns>是否已存在</returns>
ignore-comment,Services\Interfaces\IExportImportService.cs,7,/// 导出导入服务接口
ignore-comment,Services\Interfaces\IExportImportService.cs,12,/// 导出患者数据
ignore-comment,Services\Interfaces\IExportImportService.cs,14,"/// <param name=""patients"">患者列表</param>"
ignore-comment,Services\Interfaces\IExportImportService.cs,15,"/// <param name=""format"">导出格式</param>"
ignore-comment,Services\Interfaces\IExportImportService.cs,16,"/// <param name=""filePath"">文件路径</param>"
ignore-comment,Services\Interfaces\IExportImportService.cs,17,/// <returns>是否成功</returns>
ignore-comment,Services\Interfaces\IExportImportService.cs,21,/// 导出测量数据
ignore-comment,Services\Interfaces\IExportImportService.cs,23,"/// <param name=""measurements"">测量记录列表</param>"
ignore-comment,Services\Interfaces\IExportImportService.cs,24,"/// <param name=""format"">导出格式</param>"
ignore-comment,Services\Interfaces\IExportImportService.cs,25,"/// <param name=""filePath"">文件路径</param>"
ignore-comment,Services\Interfaces\IExportImportService.cs,26,/// <returns>是否成功</returns>
ignore-comment,Services\Interfaces\IExportImportService.cs,30,/// 导出测量结果归档包。归档包包含测量、患者、分析结果、报告和算法输出文件，不包含原始采集/导入视频。
ignore-comment,Services\Interfaces\IExportImportService.cs,32,"/// <param name=""measurements"">测量记录列表</param>"
ignore-comment,Services\Interfaces\IExportImportService.cs,33,"/// <param name=""filePath"">归档包路径（.btfxpkg 或 .zip）</param>"
ignore-comment,Services\Interfaces\IExportImportService.cs,34,"/// <param name=""cancellationToken"">取消令牌</param>"
ignore-comment,Services\Interfaces\IExportImportService.cs,35,/// <returns>导出结果</returns>
ignore-comment,Services\Interfaces\IExportImportService.cs,43,/// 导入测量结果归档包。导入后生成新的患者/测量/分析记录，并恢复可查看的结果文件。
ignore-comment,Services\Interfaces\IExportImportService.cs,45,"/// <param name=""filePath"">归档包路径（.btfxpkg 或 .zip）</param>"
ignore-comment,Services\Interfaces\IExportImportService.cs,46,"/// <param name=""cancellationToken"">取消令牌</param>"
ignore-comment,Services\Interfaces\IExportImportService.cs,47,/// <returns>导入结果</returns>
ignore-comment,Services\Interfaces\IExportImportService.cs,54,/// 导入患者数据
ignore-comment,Services\Interfaces\IExportImportService.cs,56,"/// <param name=""filePath"">文件路径</param>"
ignore-comment,Services\Interfaces\IExportImportService.cs,57,/// <returns>导入的患者列表</returns>
ignore-comment,Services\Interfaces\IExportImportService.cs,61,/// 导出报告为Excel
ignore-comment,Services\Interfaces\IExportImportService.cs,63,"/// <param name=""reportId"">报告ID</param>"
ignore-comment,Services\Interfaces\IExportImportService.cs,64,"/// <param name=""filePath"">文件路径</param>"
ignore-comment,Services\Interfaces\IExportImportService.cs,65,/// <returns>是否成功</returns>
ignore-comment,Services\Interfaces\IGaitAnalysisService.cs,6,/// 步态分析算法调用服务接口
ignore-comment,Services\Interfaces\IGaitAnalysisService.cs,11,/// 执行完整分析流程，返回分析结果
ignore-comment,Services\Interfaces\IGaitAnalysisService.cs,13,"/// <param name=""request"">分析请求参数</param>"
ignore-comment,Services\Interfaces\IGaitAnalysisService.cs,14,"/// <param name=""ct"">取消令牌</param>"
ignore-comment,Services\Interfaces\IGaitAnalysisService.cs,15,/// <returns>分析结果</returns>
ignore-comment,Services\Interfaces\IGaitAnalysisService.cs,19,/// 取消当前正在运行的分析任务
ignore-comment,Services\Interfaces\IGaitAnalysisService.cs,24,/// 当前是否有分析任务在运行
ignore-comment,Services\Interfaces\IGaitAnalysisService.cs,29,/// 验证算法运行环境（exe 是否存在等）
ignore-comment,Services\Interfaces\IGaitAnalysisService.cs,31,/// <returns>环境是否就绪</returns>
ignore-comment,Services\Interfaces\IGaitAnalysisService.cs,35,/// 保存分析结果到数据库（主表 + 子表，事务写入）
ignore-comment,Services\Interfaces\IGaitAnalysisService.cs,37,"/// <param name=""result"">分析结果（含导航属性 KinematicSummary/CsvFiles/QualityControl）</param>"
ignore-comment,Services\Interfaces\IGaitAnalysisService.cs,38,/// <returns>保存后的分析结果 ID，失败返回 0</returns>
ignore-comment,Services\Interfaces\IGaitAnalysisService.cs,42,/// 按测量记录 ID 获取最新成功的分析结果（含子表）
ignore-comment,Services\Interfaces\IGaitAnalysisService.cs,44,"/// <param name=""measurementId"">测量记录 ID</param>"
ignore-comment,Services\Interfaces\IGaitAnalysisService.cs,45,/// <returns>分析结果，不存在返回 null</returns>
ignore-comment,Services\Interfaces\IGaitAnalysisService.cs,49,/// 按分析结果 ID 获取完整结果（含子表）
ignore-comment,Services\Interfaces\IGaitAnalysisService.cs,51,"/// <param name=""analysisResultId"">分析结果 ID</param>"
ignore-comment,Services\Interfaces\IGaitAnalysisService.cs,52,/// <returns>分析结果，不存在返回 null</returns>
ignore-comment,Services\Interfaces\IGaitAnalysisService.cs,56,/// 进度变更事件
ignore-comment,Services\Interfaces\IGaitAnalysisService.cs,61,/// 日志消息事件
ignore-comment,Services\Interfaces\ILocalizationService.cs,6,/// 多语言服务接口
ignore-comment,Services\Interfaces\ILocalizationService.cs,11,/// 当前语言
ignore-comment,Services\Interfaces\ILocalizationService.cs,16,/// 语言变更事件
ignore-comment,Services\Interfaces\ILocalizationService.cs,21,/// 应用指定语言
ignore-comment,Services\Interfaces\ILocalizationService.cs,23,"/// <param name=""language"">语言</param>"
ignore-comment,Services\Interfaces\ILocalizationService.cs,27,/// 获取本地化字符串
ignore-comment,Services\Interfaces\ILocalizationService.cs,29,"/// <param name=""key"">资源键</param>"
ignore-comment,Services\Interfaces\ILocalizationService.cs,30,/// <returns>本地化字符串</returns>
ignore-comment,Services\Interfaces\ILocalizationService.cs,34,/// 获取本地化字符串（带格式化参数）
ignore-comment,Services\Interfaces\ILocalizationService.cs,36,"/// <param name=""key"">资源键</param>"
ignore-comment,Services\Interfaces\ILocalizationService.cs,37,"/// <param name=""args"">格式化参数</param>"
ignore-comment,Services\Interfaces\ILocalizationService.cs,38,/// <returns>本地化字符串</returns>
ignore-comment,Services\Interfaces\IMeasurementService.cs,7,/// 测量服务接口
ignore-comment,Services\Interfaces\IMeasurementService.cs,12,/// 获取患者的所有测量记录
ignore-comment,Services\Interfaces\IMeasurementService.cs,14,"/// <param name=""patientId"">患者ID</param>"
ignore-comment,Services\Interfaces\IMeasurementService.cs,15,/// <returns>测量记录列表</returns>
ignore-comment,Services\Interfaces\IMeasurementService.cs,19,/// 根据ID获取测量记录
ignore-comment,Services\Interfaces\IMeasurementService.cs,21,"/// <param name=""id"">测量记录ID</param>"
ignore-comment,Services\Interfaces\IMeasurementService.cs,22,/// <returns>测量记录</returns>
ignore-comment,Services\Interfaces\IMeasurementService.cs,26,/// 创建新的测量记录
ignore-comment,Services\Interfaces\IMeasurementService.cs,28,"/// <param name=""record"">测量记录</param>"
ignore-comment,Services\Interfaces\IMeasurementService.cs,29,/// <returns>新增的记录ID</returns>
ignore-comment,Services\Interfaces\IMeasurementService.cs,33,/// 更新测量记录
ignore-comment,Services\Interfaces\IMeasurementService.cs,35,"/// <param name=""record"">测量记录</param>"
ignore-comment,Services\Interfaces\IMeasurementService.cs,36,/// <returns>是否成功</returns>
ignore-comment,Services\Interfaces\IMeasurementService.cs,40,/// 删除测量记录
ignore-comment,Services\Interfaces\IMeasurementService.cs,42,"/// <param name=""id"">测量记录ID</param>"
ignore-comment,Services\Interfaces\IMeasurementService.cs,43,/// <returns>是否成功</returns>
ignore-comment,Services\Interfaces\IMeasurementService.cs,47,/// 批量删除测量记录
ignore-comment,Services\Interfaces\IMeasurementService.cs,49,"/// <param name=""ids"">测量记录ID列表</param>"
ignore-comment,Services\Interfaces\IMeasurementService.cs,50,/// <returns>成功删除的数量</returns>
ignore-comment,Services\Interfaces\IMeasurementService.cs,54,/// 保存步态参数
ignore-comment,Services\Interfaces\IMeasurementService.cs,56,"/// <param name=""parameters"">步态参数</param>"
ignore-comment,Services\Interfaces\IMeasurementService.cs,57,/// <returns>参数ID</returns>
ignore-comment,Services\Interfaces\IMeasurementService.cs,61,/// 获取步态参数
ignore-comment,Services\Interfaces\IMeasurementService.cs,63,"/// <param name=""measurementRecordId"">测量记录ID</param>"
ignore-comment,Services\Interfaces\IMeasurementService.cs,64,/// <returns>步态参数</returns>
ignore-comment,Services\Interfaces\IMeasurementService.cs,68,/// 更新测量状态
ignore-comment,Services\Interfaces\IMeasurementService.cs,70,"/// <param name=""measurementId"">测量记录ID</param>"
ignore-comment,Services\Interfaces\IMeasurementService.cs,71,"/// <param name=""status"">新状态</param>"
ignore-comment,Services\Interfaces\IMeasurementService.cs,72,/// <returns>是否成功</returns>
ignore-comment,Services\Interfaces\IMeasurementService.cs,76,/// 获取所有测量记录
ignore-comment,Services\Interfaces\IMeasurementService.cs,78,/// <returns>测量记录列表</returns>
ignore-comment,Services\Interfaces\IMeasurementService.cs,82,/// 获取测量记录（带分页和筛选）
ignore-comment,Services\Interfaces\IMeasurementService.cs,84,"/// <param name=""patientName"">患者姓名（模糊搜索）</param>"
ignore-comment,Services\Interfaces\IMeasurementService.cs,85,"/// <param name=""startDate"">开始日期</param>"
ignore-comment,Services\Interfaces\IMeasurementService.cs,86,"/// <param name=""endDate"">结束日期</param>"
ignore-comment,Services\Interfaces\IMeasurementService.cs,87,"/// <param name=""status"">测量状态（null表示全部）</param>"
ignore-comment,Services\Interfaces\IMeasurementService.cs,88,"/// <param name=""page"">页码（从1开始）</param>"
ignore-comment,Services\Interfaces\IMeasurementService.cs,89,"/// <param name=""pageSize"">每页记录数</param>"
ignore-comment,Services\Interfaces\IMeasurementService.cs,90,/// <returns>测量记录列表和总记录数</returns>
ignore-comment,Services\Interfaces\IMeasurementService.cs,100,/// 根据ID列表批量获取测量记录
ignore-comment,Services\Interfaces\IMeasurementService.cs,102,"/// <param name=""ids"">测量记录ID列表</param>"
ignore-comment,Services\Interfaces\IMeasurementService.cs,103,/// <returns>测量记录列表</returns>
ignore-comment,Services\Interfaces\IMeasurementService.cs,107,/// 获取测量记录总数
ignore-comment,Services\Interfaces\IMeasurementService.cs,109,/// <returns>总记录数</returns>
ignore-comment,Services\Interfaces\INavigationService.cs,6,/// 导航服务接口
ignore-comment,Services\Interfaces\INavigationService.cs,11,/// 当前视图
ignore-comment,Services\Interfaces\INavigationService.cs,16,/// 当前视图键名
ignore-comment,Services\Interfaces\INavigationService.cs,21,/// 是否可以返回
ignore-comment,Services\Interfaces\INavigationService.cs,26,/// 导航到指定ViewModel
ignore-comment,Services\Interfaces\INavigationService.cs,28,"/// <typeparam name=""TViewModel"">ViewModel类型</typeparam>"
ignore-comment,Services\Interfaces\INavigationService.cs,32,/// 导航到指定视图键名
ignore-comment,Services\Interfaces\INavigationService.cs,34,"/// <param name=""viewKey"">视图键名</param>"
ignore-comment,Services\Interfaces\INavigationService.cs,38,/// 返回上一页
ignore-comment,Services\Interfaces\IPatientService.cs,6,/// 患者服务接口
ignore-comment,Services\Interfaces\IPatientService.cs,11,/// 获取所有患者列表
ignore-comment,Services\Interfaces\IPatientService.cs,13,/// <returns>患者列表</returns>
ignore-comment,Services\Interfaces\IPatientService.cs,17,/// 分页获取患者列表
ignore-comment,Services\Interfaces\IPatientService.cs,19,"/// <param name=""pageIndex"">页码（从0开始）</param>"
ignore-comment,Services\Interfaces\IPatientService.cs,20,"/// <param name=""pageSize"">每页数量</param>"
ignore-comment,Services\Interfaces\IPatientService.cs,21,"/// <param name=""searchText"">搜索文本（可选）</param>"
ignore-comment,Services\Interfaces\IPatientService.cs,22,/// <returns>患者列表和总数</returns>
ignore-comment,Services\Interfaces\IPatientService.cs,26,/// 根据ID获取患者
ignore-comment,Services\Interfaces\IPatientService.cs,28,"/// <param name=""id"">患者ID</param>"
ignore-comment,Services\Interfaces\IPatientService.cs,29,/// <returns>患者信息</returns>
ignore-comment,Services\Interfaces\IPatientService.cs,33,/// 添加患者
ignore-comment,Services\Interfaces\IPatientService.cs,35,"/// <param name=""patient"">患者信息</param>"
ignore-comment,Services\Interfaces\IPatientService.cs,36,/// <returns>新增的患者ID</returns>
ignore-comment,Services\Interfaces\IPatientService.cs,40,/// 更新患者信息
ignore-comment,Services\Interfaces\IPatientService.cs,42,"/// <param name=""patient"">患者信息</param>"
ignore-comment,Services\Interfaces\IPatientService.cs,43,/// <returns>是否成功</returns>
ignore-comment,Services\Interfaces\IPatientService.cs,47,/// 删除患者（逻辑删除）
ignore-comment,Services\Interfaces\IPatientService.cs,49,"/// <param name=""id"">患者ID</param>"
ignore-comment,Services\Interfaces\IPatientService.cs,50,/// <returns>是否成功</returns>
ignore-comment,Services\Interfaces\IPatientService.cs,54,/// 搜索患者
ignore-comment,Services\Interfaces\IPatientService.cs,56,"/// <param name=""searchText"">搜索文本</param>"
ignore-comment,Services\Interfaces\IPatientService.cs,57,/// <returns>患者列表</returns>
ignore-comment,Services\Interfaces\IPatientService.cs,61,/// 检查患者是否存在
ignore-comment,Services\Interfaces\IPatientService.cs,63,"/// <param name=""phone"">电话</param>"
ignore-comment,Services\Interfaces\IPatientService.cs,64,"/// <param name=""excludeId"">排除的患者ID（用于更新时检查）</param>"
ignore-comment,Services\Interfaces\IPatientService.cs,65,/// <returns>是否存在</returns>
ignore-comment,Services\Interfaces\IReportService.cs,7,/// 报告服务接口
ignore-comment,Services\Interfaces\IReportService.cs,12,/// 获取患者的所有报告
ignore-comment,Services\Interfaces\IReportService.cs,14,"/// <param name=""patientId"">患者ID</param>"
ignore-comment,Services\Interfaces\IReportService.cs,15,/// <returns>报告列表</returns>
ignore-comment,Services\Interfaces\IReportService.cs,19,/// 根据测量记录获取报告
ignore-comment,Services\Interfaces\IReportService.cs,21,"/// <param name=""measurementRecordId"">测量记录ID</param>"
ignore-comment,Services\Interfaces\IReportService.cs,22,/// <returns>报告</returns>
ignore-comment,Services\Interfaces\IReportService.cs,26,/// 获取或创建报告草稿（含分析数据）。
ignore-comment,Services\Interfaces\IReportService.cs,28,"/// <param name=""measurementRecordId"">测量记录ID</param>"
ignore-comment,Services\Interfaces\IReportService.cs,29,"/// <param name=""operatorId"">操作员ID</param>"
ignore-comment,Services\Interfaces\IReportService.cs,30,/// <returns>报告草稿</returns>
ignore-comment,Services\Interfaces\IReportService.cs,34,/// 根据ID获取报告
ignore-comment,Services\Interfaces\IReportService.cs,36,"/// <param name=""id"">报告ID</param>"
ignore-comment,Services\Interfaces\IReportService.cs,37,/// <returns>报告</returns>
ignore-comment,Services\Interfaces\IReportService.cs,41,/// 创建报告
ignore-comment,Services\Interfaces\IReportService.cs,43,"/// <param name=""report"">报告信息</param>"
ignore-comment,Services\Interfaces\IReportService.cs,44,/// <returns>新增的报告ID</returns>
ignore-comment,Services\Interfaces\IReportService.cs,48,/// 更新报告
ignore-comment,Services\Interfaces\IReportService.cs,50,"/// <param name=""report"">报告信息</param>"
ignore-comment,Services\Interfaces\IReportService.cs,51,/// <returns>是否成功</returns>
ignore-comment,Services\Interfaces\IReportService.cs,55,/// 保存报告草稿快照配置。
ignore-comment,Services\Interfaces\IReportService.cs,57,"/// <param name=""report"">报告草稿</param>"
ignore-comment,Services\Interfaces\IReportService.cs,58,/// <returns>是否成功</returns>
ignore-comment,Services\Interfaces\IReportService.cs,62,/// 删除报告
ignore-comment,Services\Interfaces\IReportService.cs,64,"/// <param name=""id"">报告ID</param>"
ignore-comment,Services\Interfaces\IReportService.cs,65,/// <returns>是否成功</returns>
ignore-comment,Services\Interfaces\IReportService.cs,69,/// 生成PDF报告
ignore-comment,Services\Interfaces\IReportService.cs,71,"/// <param name=""reportId"">报告ID</param>"
ignore-comment,Services\Interfaces\IReportService.cs,72,/// <returns>PDF文件路径</returns>
ignore-comment,Services\Interfaces\IReportService.cs,76,/// 打印报告
ignore-comment,Services\Interfaces\IReportService.cs,78,"/// <param name=""reportId"">报告ID</param>"
ignore-comment,Services\Interfaces\IReportService.cs,79,/// <returns>是否成功</returns>
ignore-comment,Services\Interfaces\IReportService.cs,83,/// 更新报告状态
ignore-comment,Services\Interfaces\IReportService.cs,85,"/// <param name=""reportId"">报告ID</param>"
ignore-comment,Services\Interfaces\IReportService.cs,86,"/// <param name=""status"">新状态</param>"
ignore-comment,Services\Interfaces\IReportService.cs,87,/// <returns>是否成功</returns>
ignore-comment,Services\Interfaces\IReportService.cs,91,/// 生成报告编号
ignore-comment,Services\Interfaces\IReportService.cs,93,/// <returns>报告编号</returns>
ignore-comment,Services\Interfaces\IReportService.cs,97,/// 获取报告列表（带筛选）
ignore-comment,Services\Interfaces\IReportService.cs,99,"/// <param name=""patientName"">患者姓名（模糊搜索）</param>"
ignore-comment,Services\Interfaces\IReportService.cs,100,"/// <param name=""startDate"">开始日期</param>"
ignore-comment,Services\Interfaces\IReportService.cs,101,"/// <param name=""endDate"">结束日期</param>"
ignore-comment,Services\Interfaces\IReportService.cs,102,/// <returns>报告列表</returns>
ignore-comment,Services\Interfaces\IReportService.cs,106,/// 生成报告
ignore-comment,Services\Interfaces\IReportService.cs,108,"/// <param name=""measurementRecordId"">测量记录ID</param>"
ignore-comment,Services\Interfaces\IReportService.cs,109,"/// <param name=""operatorId"">操作员ID</param>"
ignore-comment,Services\Interfaces\IReportService.cs,110,/// <returns>生成的报告</returns>
ignore-comment,Services\Interfaces\IReportService.cs,114,/// 获取报告（含分析数据）
ignore-comment,Services\Interfaces\IReportService.cs,116,"/// <param name=""reportId"">报告ID</param>"
ignore-comment,Services\Interfaces\IReportService.cs,117,/// <returns>带分析数据的报告</returns>
ignore-comment,Services\Interfaces\ISessionService.cs,7,/// 会话服务接口
ignore-comment,Services\Interfaces\ISessionService.cs,12,/// 当前登录用户
ignore-comment,Services\Interfaces\ISessionService.cs,17,/// 当前选中的患者
ignore-comment,Services\Interfaces\ISessionService.cs,22,/// 是否已登录
ignore-comment,Services\Interfaces\ISessionService.cs,27,/// 是否游客模式
ignore-comment,Services\Interfaces\ISessionService.cs,32,/// 当前用户角色
ignore-comment,Services\Interfaces\ISessionService.cs,37,/// 设置当前用户
ignore-comment,Services\Interfaces\ISessionService.cs,39,"/// <param name=""user"">用户</param>"
ignore-comment,Services\Interfaces\ISessionService.cs,43,/// 设置当前患者
ignore-comment,Services\Interfaces\ISessionService.cs,45,"/// <param name=""patient"">患者</param>"
ignore-comment,Services\Interfaces\ISessionService.cs,49,/// 清除会话
ignore-comment,Services\Interfaces\ISessionService.cs,54,/// 检查是否有指定权限
ignore-comment,Services\Interfaces\ISessionService.cs,56,"/// <param name=""permission"">权限名称</param>"
ignore-comment,Services\Interfaces\ISessionService.cs,57,/// <returns>是否有权限</returns>
ignore-comment,Services\Interfaces\ISessionService.cs,61,/// 用户变更事件
ignore-comment,Services\Interfaces\ISessionService.cs,66,/// 患者变更事件
ignore-comment,Services\Interfaces\ISettingsService.cs,6,/// 设置服务接口
ignore-comment,Services\Interfaces\ISettingsService.cs,11,/// 当前设置
ignore-comment,Services\Interfaces\ISettingsService.cs,16,/// 加载设置
ignore-comment,Services\Interfaces\ISettingsService.cs,21,/// 保存设置
ignore-comment,Services\Interfaces\ISettingsService.cs,26,/// 获取配置值
ignore-comment,Services\Interfaces\ISettingsService.cs,28,"/// <typeparam name=""T"">值类型</typeparam>"
ignore-comment,Services\Interfaces\ISettingsService.cs,29,"/// <param name=""key"">配置键</param>"
ignore-comment,Services\Interfaces\ISettingsService.cs,30,"/// <param name=""defaultValue"">默认值</param>"
ignore-comment,Services\Interfaces\ISettingsService.cs,31,/// <returns>配置值</returns>
ignore-comment,Services\Interfaces\ISettingsService.cs,35,/// 设置配置值
ignore-comment,Services\Interfaces\ISettingsService.cs,37,"/// <typeparam name=""T"">值类型</typeparam>"
ignore-comment,Services\Interfaces\ISettingsService.cs,38,"/// <param name=""key"">配置键</param>"
ignore-comment,Services\Interfaces\ISettingsService.cs,39,"/// <param name=""value"">配置值</param>"
ignore-comment,Services\Interfaces\ISettingsService.cs,43,/// 保存登录凭据（记住密码）
ignore-comment,Services\Interfaces\ISettingsService.cs,45,"/// <param name=""username"">账号</param>"
ignore-comment,Services\Interfaces\ISettingsService.cs,46,"/// <param name=""password"">密码</param>"
ignore-comment,Services\Interfaces\ISettingsService.cs,50,/// 加载登录凭据
ignore-comment,Services\Interfaces\ISettingsService.cs,52,/// <returns>账号和密码元组，如果没有保存则返回null</returns>
ignore-comment,Services\Interfaces\ISettingsService.cs,56,/// 清除登录凭据
ignore-comment,Services\Interfaces\ISettingsService.cs,61,/// 获取单位名称
ignore-comment,Services\Interfaces\ISettingsService.cs,66,/// 设置单位名称
ignore-comment,Services\Interfaces\ISettingsService.cs,71,/// 获取Logo路径
ignore-comment,Services\Interfaces\ISettingsService.cs,76,/// 设置Logo路径
ignore-comment,Services\Interfaces\ISettingsService.cs,81,/// 导出设置到文件
ignore-comment,Services\Interfaces\ISettingsService.cs,83,"/// <param name=""filePath"">导出文件路径</param>"
ignore-comment,Services\Interfaces\ISettingsService.cs,84,/// <returns>是否成功</returns>
ignore-comment,Services\Interfaces\ISettingsService.cs,88,/// 从文件导入设置
ignore-comment,Services\Interfaces\ISettingsService.cs,90,"/// <param name=""filePath"">导入文件路径</param>"
ignore-comment,Services\Interfaces\ISettingsService.cs,91,/// <returns>是否成功</returns>
ignore-comment,Services\Interfaces\IThemeService.cs,6,/// 主题服务接口
ignore-comment,Services\Interfaces\IThemeService.cs,11,/// 当前主题
ignore-comment,Services\Interfaces\IThemeService.cs,16,/// 当前主题色（十六进制）
ignore-comment,Services\Interfaces\IThemeService.cs,21,/// 主题变更事件
ignore-comment,Services\Interfaces\IThemeService.cs,26,/// 主题色变更事件
ignore-comment,Services\Interfaces\IThemeService.cs,31,/// 应用指定主题
ignore-comment,Services\Interfaces\IThemeService.cs,33,"/// <param name=""theme"">主题</param>"
ignore-comment,Services\Interfaces\IThemeService.cs,37,/// 切换主题（亮色/深色）
ignore-comment,Services\Interfaces\IThemeService.cs,42,/// 设置主题色
ignore-comment,Services\Interfaces\IThemeService.cs,44,"/// <param name=""primaryColor"">主题色</param>"
ignore-comment,Services\Interfaces\IUserService.cs,6,/// 用户服务接口
ignore-comment,Services\Interfaces\IUserService.cs,11,/// 获取所有用户
ignore-comment,Services\Interfaces\IUserService.cs,13,/// <returns>用户列表</returns>
ignore-comment,Services\Interfaces\IUserService.cs,17,/// 根据ID获取用户
ignore-comment,Services\Interfaces\IUserService.cs,19,"/// <param name=""id"">用户ID</param>"
ignore-comment,Services\Interfaces\IUserService.cs,20,/// <returns>用户信息</returns>
ignore-comment,Services\Interfaces\IUserService.cs,24,/// 根据账号获取用户
ignore-comment,Services\Interfaces\IUserService.cs,26,"/// <param name=""username"">账号</param>"
ignore-comment,Services\Interfaces\IUserService.cs,27,/// <returns>用户信息</returns>
ignore-comment,Services\Interfaces\IUserService.cs,31,/// 添加用户
ignore-comment,Services\Interfaces\IUserService.cs,33,"/// <param name=""user"">用户信息</param>"
ignore-comment,Services\Interfaces\IUserService.cs,34,/// <returns>新增的用户ID</returns>
ignore-comment,Services\Interfaces\IUserService.cs,38,/// 更新用户信息
ignore-comment,Services\Interfaces\IUserService.cs,40,"/// <param name=""user"">用户信息</param>"
ignore-comment,Services\Interfaces\IUserService.cs,41,/// <returns>是否成功</returns>
ignore-comment,Services\Interfaces\IUserService.cs,45,/// 删除用户
ignore-comment,Services\Interfaces\IUserService.cs,47,"/// <param name=""id"">用户ID</param>"
ignore-comment,Services\Interfaces\IUserService.cs,48,/// <returns>是否成功</returns>
ignore-comment,Services\Interfaces\IUserService.cs,52,/// 检查账号是否存在
ignore-comment,Services\Interfaces\IUserService.cs,54,"/// <param name=""username"">账号</param>"
ignore-comment,Services\Interfaces\IUserService.cs,55,"/// <param name=""excludeId"">排除的用户ID（用于更新时检查）</param>"
ignore-comment,Services\Interfaces\IUserService.cs,56,/// <returns>是否存在</returns>
ignore-comment,Services\Interfaces\IUserService.cs,60,/// 初始化默认用户
ignore-comment,Services\Interfaces\IUserService.cs,62,/// <returns>是否成功</returns>
ignore-comment,Models\Activation\ActivationResult.cs,4,/// 激活操作结果。
ignore-comment,Models\Activation\SoftKey.cs,6,/// 软件激活信息。字段名保持与公司通用激活接口一致。
ignore-comment,Models\Analysis\AnalysisCsvFile.cs,7,/// CSV 文件记录（数据库实体）
ignore-comment,Models\Analysis\AnalysisCsvFile.cs,13,/// 主键
ignore-comment,Models\Analysis\AnalysisCsvFile.cs,19,/// 关联分析结果 ID
ignore-comment,Models\Analysis\AnalysisCsvFile.cs,25,/// 文件类型标识
ignore-comment,Models\Analysis\AnalysisCsvFile.cs,31,/// 文件绝对路径
ignore-comment,Models\Analysis\AnalysisCsvFile.cs,37,/// 文件是否存在
ignore-comment,Models\Analysis\AnalysisCsvFile.cs,43,/// 创建时间
ignore-comment,Models\Analysis\AnalysisEventArgs.cs,4,/// 分析进度变更事件参数
ignore-comment,Models\Analysis\AnalysisEventArgs.cs,9,/// 请求编号
ignore-comment,Models\Analysis\AnalysisEventArgs.cs,14,/// 任务状态（pending/running/completed/failed/cancelled）
ignore-comment,Models\Analysis\AnalysisEventArgs.cs,19,/// 进度百分比（0-100）
ignore-comment,Models\Analysis\AnalysisEventArgs.cs,24,/// 状态描述文字
ignore-comment,Models\Analysis\AnalysisEventArgs.cs,29,/// 错误码（失败时）
ignore-comment,Models\Analysis\AnalysisEventArgs.cs,34,/// 时间戳
ignore-comment,Models\Analysis\AnalysisEventArgs.cs,40,/// 分析日志消息事件参数
ignore-comment,Models\Analysis\AnalysisEventArgs.cs,45,/// 日志内容
ignore-comment,Models\Analysis\AnalysisEventArgs.cs,50,/// 时间戳
ignore-comment,Models\Analysis\AnalysisEventArgs.cs,55,/// 是否为错误日志
ignore-comment,Models\Analysis\AnalysisRequest.cs,4,/// 分析请求 DTO（ViewModel → Service 的传递对象）
ignore-comment,Models\Analysis\AnalysisRequest.cs,9,/// 测量记录
ignore-comment,Models\Analysis\AnalysisRequest.cs,14,/// 患者信息
ignore-comment,Models\Analysis\AnalysisRequest.cs,19,/// 分析选项
ignore-comment,Models\Analysis\AnalysisRequest.cs,24,/// 输出目录路径
ignore-comment,Models\Analysis\AnalysisRequest.cs,30,/// 分析选项
ignore-comment,Models\Analysis\AnalysisRequest.cs,35,/// 计算步态事件参数
ignore-comment,Models\Analysis\AnalysisRequest.cs,40,/// 计算运动学参数
ignore-comment,Models\Analysis\AnalysisRequest.cs,45,/// 导出 CSV 文件
ignore-comment,Models\Analysis\AnalysisRequest.cs,50,/// 曲线平滑处理
ignore-comment,Models\Analysis\AnalysisResult.cs,6,/// 分析结果主表模型
ignore-comment,Models\Analysis\AnalysisResult.cs,12,/// 主键
ignore-comment,Models\Analysis\AnalysisResult.cs,18,/// 关联测量记录 ID
ignore-comment,Models\Analysis\AnalysisResult.cs,24,/// 请求编号（如 GAIT_20260324_001）
ignore-comment,Models\Analysis\AnalysisResult.cs,30,/// 协议版本
ignore-comment,Models\Analysis\AnalysisResult.cs,36,/// 算法版本
ignore-comment,Models\Analysis\AnalysisResult.cs,42,/// 模型版本
ignore-comment,Models\Analysis\AnalysisResult.cs,48,/// 任务状态（completed/failed）
ignore-comment,Models\Analysis\AnalysisResult.cs,54,/// 是否成功
ignore-comment,Models\Analysis\AnalysisResult.cs,60,/// 错误码
ignore-comment,Models\Analysis\AnalysisResult.cs,66,/// 错误信息
ignore-comment,Models\Analysis\AnalysisResult.cs,72,/// 输出目录路径
ignore-comment,Models\Analysis\AnalysisResult.cs,78,/// 输入配置文件路径
ignore-comment,Models\Analysis\AnalysisResult.cs,84,/// summary.json 路径
ignore-comment,Models\Analysis\AnalysisResult.cs,90,/// 标注视频路径
ignore-comment,Models\Analysis\AnalysisResult.cs,96,/// 标注视频时长（秒）
ignore-comment,Models\Analysis\AnalysisResult.cs,102,/// 分析耗时（秒）
ignore-comment,Models\Analysis\AnalysisResult.cs,108,/// 分析结果包路径。
ignore-comment,Models\Analysis\AnalysisResult.cs,114,/// 结果包创建时间。
ignore-comment,Models\Analysis\AnalysisResult.cs,120,/// 结果包校验状态。
ignore-comment,Models\Analysis\AnalysisResult.cs,126,/// 结果包校验消息。
ignore-comment,Models\Analysis\AnalysisResult.cs,132,/// 创建时间
ignore,Models\Analysis\AnalysisResult.cs,137,#region 导航属性
ignore-comment,Models\Analysis\AnalysisResult.cs,140,/// 运动学汇总（导航属性）
ignore-comment,Models\Analysis\AnalysisResult.cs,146,/// CSV 文件列表（导航属性）
ignore-comment,Models\Analysis\AnalysisResult.cs,152,/// 质量控制信息（导航属性）
ignore-comment,Models\Analysis\AnalysisResult.cs,158,/// 步态周期时长（秒）（导航属性，由 BuildSuccessResult 填充）
ignore-comment,Models\Analysis\AnalysisResult.cs,164,/// 站立相时长（秒）
ignore-comment,Models\Analysis\AnalysisResult.cs,170,/// 摆动相时长（秒）
ignore-comment,Models\Analysis\AnalysisResult.cs,176,/// 双支撑相时长（秒）
ignore-comment,Models\Analysis\AnalysisResult.cs,182,/// 单支撑相时长（秒）
ignore-comment,Models\Analysis\AnalysisResult.cs,188,/// 步长（米）
ignore-comment,Models\Analysis\AnalysisResult.cs,194,/// 步幅（米）
ignore-comment,Models\Analysis\AnalysisResult.cs,200,/// 步速（米/秒）
ignore-comment,Models\Analysis\AnalysisSummary.cs,6,/// 算法输出汇总（对应 summary.json），使用 snake_case 命名
ignore-comment,Models\Analysis\AnalysisSummary.cs,57,/// 步态事件参数 DTO（从 summary.json 读取）
ignore-comment,Models\Analysis\AnalysisSummary.cs,90,/// 运动学汇总 DTO（从 summary.json 读取）
ignore-comment,Models\Analysis\AnalysisSummary.cs,108,/// CSV 文件路径 DTO
ignore-comment,Models\Analysis\AnalysisSummary.cs,126,/// 质量控制 DTO
ignore-comment,Models\Analysis\AnalysisTaskConfig.cs,6,/// 算法输入配置（对应 task_config.json），使用 snake_case 命名
ignore-comment,Models\Analysis\AnalysisTaskConfig.cs,42,/// 受试者信息
ignore-comment,Models\Analysis\AnalysisTaskConfig.cs,63,/// 视频信息
ignore-comment,Models\Analysis\AnalysisTaskConfig.cs,87,/// 设备信息
ignore-comment,Models\Analysis\AnalysisTaskConfig.cs,105,/// 分析选项（JSON 配置）
ignore-comment,Models\Analysis\CsvFrameModels.cs,4,/// 关节角度帧（从 CSV 文件读取的单行数据）
ignore-comment,Models\Analysis\CsvFrameModels.cs,9,/// 帧索引
ignore-comment,Models\Analysis\CsvFrameModels.cs,14,/// 时间（秒）
ignore-comment,Models\Analysis\CsvFrameModels.cs,19,/// 髋关节角度（°）
ignore-comment,Models\Analysis\CsvFrameModels.cs,24,/// 膝关节角度（°）
ignore-comment,Models\Analysis\CsvFrameModels.cs,29,/// 踝关节角度（°）
ignore-comment,Models\Analysis\CsvFrameModels.cs,34,/// 骨盆角度（°）
ignore-comment,Models\Analysis\CsvFrameModels.cs,40,/// 关键点轨迹帧
ignore-comment,Models\Analysis\CsvFrameModels.cs,45,/// 帧索引
ignore-comment,Models\Analysis\CsvFrameModels.cs,50,/// 时间（秒）
ignore-comment,Models\Analysis\CsvFrameModels.cs,55,/// 关键点名称
ignore-comment,Models\Analysis\CsvFrameModels.cs,60,/// X 坐标
ignore-comment,Models\Analysis\CsvFrameModels.cs,65,/// Y 坐标
ignore-comment,Models\Analysis\CsvFrameModels.cs,70,/// Z 坐标
ignore-comment,Models\Analysis\CsvFrameModels.cs,76,/// 关键点速度帧
ignore-comment,Models\Analysis\CsvFrameModels.cs,81,/// 帧索引
ignore-comment,Models\Analysis\CsvFrameModels.cs,86,/// 时间（秒）
ignore-comment,Models\Analysis\CsvFrameModels.cs,91,/// 关键点名称
ignore-comment,Models\Analysis\CsvFrameModels.cs,96,/// 速度（m/s）
ignore-comment,Models\Analysis\CsvFrameModels.cs,102,/// 关节角速度帧
ignore-comment,Models\Analysis\CsvFrameModels.cs,107,/// 帧索引
ignore-comment,Models\Analysis\CsvFrameModels.cs,112,/// 时间（秒）
ignore-comment,Models\Analysis\CsvFrameModels.cs,117,/// 关节名称
ignore-comment,Models\Analysis\CsvFrameModels.cs,122,/// 角速度（°/s）
ignore-comment,Models\Analysis\KinematicSummary.cs,6,/// 运动学汇总参数（数据库实体）
ignore-comment,Models\Analysis\KinematicSummary.cs,12,/// 主键
ignore-comment,Models\Analysis\KinematicSummary.cs,18,/// 关联分析结果 ID
ignore-comment,Models\Analysis\KinematicSummary.cs,24,/// 髋关节 ROM（°）
ignore-comment,Models\Analysis\KinematicSummary.cs,30,/// 膝关节 ROM（°）
ignore-comment,Models\Analysis\KinematicSummary.cs,36,/// 踝关节 ROM（°）
ignore-comment,Models\Analysis\KinematicSummary.cs,42,/// 骨盆冠状面 ROM（°）
ignore-comment,Models\Analysis\KinematicSummary.cs,48,/// 原始运动学 JSON（便于扩展）
ignore-comment,Models\Analysis\KinematicSummary.cs,54,/// 创建时间
ignore-comment,Models\Analysis\QualityControlInfo.cs,6,/// 质量控制信息（数据库实体）
ignore-comment,Models\Analysis\QualityControlInfo.cs,12,/// 主键
ignore-comment,Models\Analysis\QualityControlInfo.cs,18,/// 关联分析结果 ID
ignore-comment,Models\Analysis\QualityControlInfo.cs,24,/// 关键点识别平均置信度
ignore-comment,Models\Analysis\QualityControlInfo.cs,30,/// 有效帧比例
ignore-comment,Models\Analysis\QualityControlInfo.cs,36,/// 是否存在遮挡
ignore-comment,Models\Analysis\QualityControlInfo.cs,42,/// 是否存在丢点
ignore-comment,Models\Analysis\QualityControlInfo.cs,48,/// 原始质量控制 JSON
ignore-comment,Models\Analysis\QualityControlInfo.cs,54,/// 创建时间
ignore-comment,Models\Analysis\TaskStatusMessage.cs,6,/// 算法 stdout 实时状态消息（单行 JSON）
